probe: using server at http://127.0.0.1:8794 (spawned)
PASS  inventory loads (67 apertures)
PASS  aperture ids unique
PASS  every aperture has a POI
PASS  traversable doors to walk (31)

[door] blacksmith.front.bay.0 (12 m away)
PASS  walk through blacksmith.front.bay.0

[door] bunkhouse.front.door.0 (9 m away)
  [trace] bunkhouse.front.door.0 exterior d=4m dLast=4m at=(-376.8,316.5) yaw=1.09 err=0.00 gain=378.6 shuffles=0
  [trace] bunkhouse.front.door.0 through d=4m dLast=4m at=(-374.8,315.5) yaw=0.20 err=-0.01 gain=359.2 shuffles=0
  [trace] bunkhouse.front.door.0 through d=3m dLast=3m at=(-373.7,313.8) yaw=-0.28 err=0.21 gain=410.9 shuffles=1
PASS  walk through bunkhouse.front.door.0

[door] ranchHouse.front.door.0 (29 m away)
  [trace] ranchHouse.front.door.0 exterior d=28m dLast=29m at=(-376.5,313.9) yaw=5.20 err=0.02 gain=377.6 shuffles=0
  [trace] ranchHouse.front.door.0 exterior d=24m dLast=25m at=(-380.2,313.8) yaw=5.27 err=0.03 gain=377.6 shuffles=0
  [trace] ranchHouse.front.door.0 exterior d=13m dLast=13m at=(-389.8,307.5) yaw=5.29 err=0.00 gain=377.6 shuffles=0
  [trace] ranchHouse.front.door.0 through d=4m dLast=4m at=(-399.1,301.4) yaw=6.06 err=0.00 gain=361.3 shuffles=0
  [trace] ranchHouse.front.door.0 through d=4m dLast=4m at=(-399.1,301.4) yaw=6.06 err=0.00 gain=361.3 shuffles=0
  [trace] ranchHouse.front.door.0 through d=4m dLast=5m at=(-397.7,299.6) yaw=5.37 err=0.12 gain=411.7 shuffles=1
PASS  walk through ranchHouse.front.door.0
outside-invariant: player stands inside near ranchHouse.partition.east.door.0 — exiting through it
  [trace] ranchHouse.partition.east.door.0 exit d=9m dLast=10m at=(-398.8,297.4) yaw=7.09 err=0.03 gain=376.6 shuffles=0
outside-invariant: player stands inside near ranchHouse.front.door.0 — exiting through it
  [trace] ranchHouse.front.door.0 exit d=9m dLast=10m at=(-394.7,294.2) yaw=10.08 err=0.14 gain=389.0 shuffles=0
  [trace] ranchHouse.front.door.0 exit d=8m dLast=9m at=(-395.4,295.0) yaw=10.09 err=0.02 gain=389.0 shuffles=0
  [trace] ranchHouse.front.door.0 exit d=4m dLast=5m at=(-397.7,297.9) yaw=10.10 err=0.00 gain=389.0 shuffles=0
  [trace] ranchHouse.front.door.0 exit d=4m dLast=4m at=(-398.0,298.3) yaw=10.10 err=0.00 gain=389.0 shuffles=0
outside-invariant: player stands inside near ranchHouse.partition.east.door.0 — exiting through it
  [trace] ranchHouse.partition.east.door.0 exit d=9m dLast=10m at=(-399.1,297.7) yaw=7.08 err=0.05 gain=375.7 shuffles=0
outside-invariant: player stands inside near ranchHouse.front.door.0 — exiting through it
outside-invariant: player stands inside near ranchHouse.partition.east.door.0 — exiting through it
  [trace] ranchHouse.partition.east.door.0 exit d=10m dLast=Infinitym at=(-400.0,299.4) yaw=8.46 err=-2.48 gain=335.0 shuffles=0
  [trace] ranchHouse.partition.east.door.0 exit d=7m dLast=7m at=(-397.4,296.0) yaw=7.09 err=0.00 gain=375.7 shuffles=0
outside-invariant: player stands inside near ranchHouse.front.door.0 — exiting through it
  [trace] ranchHouse.front.door.0 exit d=6m dLast=7m at=(-396.7,296.6) yaw=10.10 err=0.00 gain=390.4 shuffles=0
  [trace] ranchHouse.front.door.0 exit d=5m dLast=6m at=(-397.0,297.1) yaw=10.10 err=0.00 gain=390.4 shuffles=0
exit after ranchHouse.front.door.0 wedged: restoreOutside: player still inside a structure after the exit ladder

[door] ranchHouse.partition.west.door.0 (9 m away)
outside-invariant: player stands inside near ranchHouse.partition.east.door.0 — exiting through it
  [trace] ranchHouse.partition.east.door.0 exit d=11m dLast=Infinitym at=(-400.0,299.9) yaw=8.38 err=-2.43 gain=335.0 shuffles=0
  [trace] ranchHouse.partition.east.door.0 exit d=8m dLast=8m at=(-395.5,299.6) yaw=6.63 err=-0.05 gain=406.2 shuffles=0
  [trace] ranchHouse.partition.east.door.0 exit d=8m dLast=8m at=(-394.4,299.6) yaw=6.49 err=-0.03 gain=406.2 shuffles=0
  [trace] ranchHouse.partition.east.door.0 exit d=8m dLast=8m at=(-394.2,299.6) yaw=6.46 err=-0.03 gain=406.2 shuffles=0
  [trace] ranchHouse.partition.east.door.0 exit d=8m dLast=8m at=(-393.8,299.6) yaw=6.40 err=-0.02 gain=406.2 shuffles=0
  [trace] ranchHouse.partition.east.door.0 exit d=8m dLast=8m at=(-393.6,299.6) yaw=6.37 err=-0.01 gain=412.1 shuffles=2
  [trace] ranchHouse.partition.east.door.0 exit d=8m dLast=8m at=(-390.7,299.6) yaw=5.96 err=0.04 gain=417.0 shuffles=5
  [trace] ranchHouse.partition.east.door.0 exit d=8m dLast=8m at=(-392.4,299.6) yaw=6.20 err=0.02 gain=417.0 shuffles=5
  [trace] ranchHouse.partition.east.door.0 exit d=8m dLast=8m at=(-393.8,299.6) yaw=6.40 err=-0.02 gain=416.5 shuffles=6
  [trace] ranchHouse.partition.east.door.0 exit d=12m dLast=8m at=(-398.7,301.4) yaw=6.81 err=0.62 gain=420.1 shuffles=8
  [trace] ranchHouse.partition.east.door.0 exit d=8m dLast=8m at=(-394.3,299.6) yaw=6.47 err=-0.03 gain=420.1 shuffles=8
  [trace] ranchHouse.partition.east.door.0 exit d=10m dLast=11m at=(-388.3,299.9) yaw=5.75 err=0.00 gain=418.9 shuffles=9
  [trace] ranchHouse.partition.east.door.0 exit d=8m dLast=8m at=(-394.4,299.6) yaw=6.48 err=-0.03 gain=418.6 shuffles=10
  [trace] ranchHouse.partition.east.door.0 exit d=8m dLast=8m at=(-394.4,299.6) yaw=6.48 err=-0.03 gain=418.6 shuffles=12
  [trace] ranchHouse.partition.east.door.0 exit d=8m dLast=8m at=(-393.9,299.6) yaw=6.41 err=-0.02 gain=418.6 shuffles=12
  [trace] ranchHouse.partition.east.door.0 exit d=8m dLast=9m at=(-390.1,299.6) yaw=5.89 err=0.05 gain=419.6 shuffles=13
  [trace] ranchHouse.partition.east.door.0 exit d=8m dLast=8m at=(-390.8,299.6) yaw=5.97 err=0.04 gain=419.6 shuffles=13
  [trace] ranchHouse.partition.east.door.0 exit d=8m dLast=8m at=(-392.1,299.6) yaw=6.14 err=0.02 gain=419.6 shuffles=13
  [trace] ranchHouse.partition.east.door.0 exit d=8m dLast=8m at=(-395.3,299.6) yaw=6.61 err=-0.04 gain=412.1 shuffles=14
outside-invariant: exit via ranchHouse.partition.east.door.0 wedged (still wedged after 15 shuffles near ranchHouse.partition.east.door.0 exit)
  [trace] ranchHouse.partition.west.door.0 exterior d=12m dLast=12m at=(-393.7,299.6) yaw=5.50 err=-0.00 gain=358.2 shuffles=0
  [trace] ranchHouse.partition.west.door.0 exterior d=14m dLast=15m at=(-391.6,299.6) yaw=5.35 err=0.02 gain=387.4 shuffles=1
  [trace] ranchHouse.partition.west.door.0 exterior d=12m dLast=13m at=(-393.9,299.6) yaw=5.47 err=0.04 gain=387.4 shuffles=1
  [trace] ranchHouse.partition.west.door.0 exterior d=10m dLast=10m at=(-398.5,299.6) yaw=5.83 err=0.04 gain=417.5 shuffles=1
  [trace] ranchHouse.partition.west.door.0 through d=2m dLast=3m at=(-404.3,291.5) yaw=4.99 err=-0.02 gain=375.0 shuffles=0
PASS  walk through ranchHouse.partition.west.door.0
  [trace] ranchHouse.partition.west.door.0 exit d=3m dLast=3m at=(-405.3,291.2) yaw=7.10 err=1.76 gain=359.5 shuffles=0
outside-invariant: player stands inside near ranchHouse.front.door.0 — exiting through it
  [trace] ranchHouse.front.door.0 exit d=2m dLast=2m at=(-400.0,299.4) yaw=9.37 err=0.19 gain=403.0 shuffles=0
outside-invariant: player stands inside near ranchHouse.partition.east.door.0 — exiting through it
  [trace] ranchHouse.partition.east.door.0 exit d=8m dLast=9m at=(-398.0,296.6) yaw=7.09 err=0.00 gain=375.6 shuffles=0
  [trace] ranchHouse.partition.east.door.0 exit d=4m dLast=4m at=(-395.4,294.1) yaw=7.09 err=0.00 gain=375.6 shuffles=0
outside-invariant: player stands inside near ranchHouse.front.door.0 — exiting through it
  [trace] ranchHouse.front.door.0 exit d=6m dLast=6m at=(-396.8,296.8) yaw=10.09 err=0.00 gain=390.4 shuffles=0
outside-invariant: player stands inside near ranchHouse.partition.east.door.0 — exiting through it
  [trace] ranchHouse.partition.east.door.0 exit d=11m dLast=11m at=(-400.0,300.1) yaw=7.31 err=-1.38 gain=359.5 shuffles=0
  [trace] ranchHouse.partition.east.door.0 exit d=8m dLast=8m at=(-395.5,299.6) yaw=6.63 err=-0.04 gain=401.0 shuffles=0
  [trace] ranchHouse.partition.east.door.0 exit d=9m dLast=10m at=(-391.6,299.6) yaw=6.11 err=-0.02 gain=404.6 shuffles=1
  [trace] ranchHouse.partition.east.door.0 exit d=8m dLast=8m at=(-392.7,299.6) yaw=6.24 err=0.01 gain=404.6 shuffles=1
  [trace] ranchHouse.partition.east.door.0 exit d=8m dLast=8m at=(-393.7,299.6) yaw=6.38 err=-0.01 gain=408.3 shuffles=2
  [trace] ranchHouse.partition.east.door.0 exit d=8m dLast=8m at=(-393.4,299.6) yaw=6.34 err=-0.01 gain=408.3 shuffles=2
  [trace] ranchHouse.partition.east.door.0 exit d=8m dLast=8m at=(-394.8,299.6) yaw=6.54 err=-0.03 gain=412.9 shuffles=4
  [trace] ranchHouse.partition.east.door.0 exit d=8m dLast=8m at=(-393.8,299.6) yaw=6.39 err=-0.01 gain=412.9 shuffles=4
  [trace] ranchHouse.partition.east.door.0 exit d=8m dLast=8m at=(-393.6,299.6) yaw=6.37 err=-0.01 gain=412.9 shuffles=4
  [trace] ranchHouse.partition.east.door.0 exit d=11m dLast=8m at=(-389.4,301.0) yaw=5.92 err=-0.44 gain=414.0 shuffles=5
  [trace] ranchHouse.partition.east.door.0 exit d=9m dLast=9m at=(-396.4,299.6) yaw=6.75 err=-0.05 gain=415.1 shuffles=6
  [trace] ranchHouse.partition.east.door.0 exit d=8m dLast=8m at=(-393.7,299.6) yaw=6.39 err=-0.01 gain=414.0 shuffles=6
  [trace] ranchHouse.partition.east.door.0 exit d=12m dLast=8m at=(-387.4,301.3) yaw=5.76 err=-0.61 gain=414.5 shuffles=7
  [trace] ranchHouse.partition.east.door.0 exit d=11m dLast=12m at=(-387.8,300.5) yaw=5.74 err=-0.02 gain=414.5 shuffles=7
  [trace] ranchHouse.partition.east.door.0 exit d=8m dLast=8m at=(-391.2,299.6) yaw=6.02 err=0.04 gain=420.4 shuffles=7
  [trace] ranchHouse.partition.east.door.0 exit d=8m dLast=8m at=(-391.6,299.6) yaw=6.08 err=0.03 gain=420.4 shuffles=7
  [trace] ranchHouse.partition.east.door.0 exit d=12m dLast=8m at=(-387.3,301.4) yaw=5.76 err=-0.61 gain=416.2 shuffles=9
  [trace] ranchHouse.partition.east.door.0 exit d=10m dLast=10m at=(-397.6,299.7) yaw=6.82 err=0.00 gain=420.9 shuffles=10
  [trace] ranchHouse.partition.east.door.0 exit d=9m dLast=10m at=(-397.3,299.6) yaw=6.82 err=0.00 gain=420.9 shuffles=10
  [trace] ranchHouse.partition.east.door.0 exit d=8m dLast=8m at=(-395.3,299.6) yaw=6.60 err=-0.04 gain=420.9 shuffles=10
  [trace] ranchHouse.partition.east.door.0 exit d=8m dLast=8m at=(-394.8,299.6) yaw=6.54 err=-0.03 gain=420.9 shuffles=10
  [trace] ranchHouse.partition.east.door.0 exit d=8m dLast=8m at=(-394.4,299.6) yaw=6.48 err=-0.03 gain=420.9 shuffles=10
  [trace] ranchHouse.partition.east.door.0 exit d=9m dLast=9m at=(-390.0,299.6) yaw=5.86 err=0.05 gain=419.0 shuffles=11
  [trace] ranchHouse.partition.east.door.0 exit d=8m dLast=8m at=(-394.3,299.6) yaw=6.47 err=-0.03 gain=414.6 shuffles=12
  [trace] ranchHouse.partition.east.door.0 exit d=8m dLast=8m at=(-394.0,299.6) yaw=6.42 err=-0.02 gain=414.6 shuffles=12
  [trace] ranchHouse.partition.east.door.0 exit d=8m dLast=8m at=(-393.5,299.6) yaw=6.36 err=-0.01 gain=414.6 shuffles=12
  [trace] ranchHouse.partition.east.door.0 exit d=9m dLast=9m at=(-388.8,299.6) yaw=5.74 err=0.02 gain=415.1 shuffles=13
  [trace] ranchHouse.partition.east.door.0 exit d=9m dLast=10m at=(-397.3,299.6) yaw=6.81 err=0.00 gain=417.7 shuffles=14
outside-invariant: exit via ranchHouse.partition.east.door.0 wedged (still wedged after 15 shuffles near ranchHouse.partition.east.door.0 exit)

[door] ranchHouse.partition.east.door.0 (8 m away)
  [trace] ranchHouse.partition.east.door.0 exterior d=8m dLast=8m at=(-391.6,299.6) yaw=6.07 err=0.03 gain=402.6 shuffles=1
  [trace] ranchHouse.partition.east.door.0 exterior d=8m dLast=8m at=(-391.6,299.6) yaw=6.15 err=-1.11 gain=406.8 shuffles=2
  [trace] ranchHouse.partition.east.door.0 exterior d=8m dLast=8m at=(-393.0,299.6) yaw=6.29 err=-0.00 gain=409.9 shuffles=3
  [trace] ranchHouse.partition.east.door.0 exterior detour d=14m dLast=14m at=(-393.4,299.6) yaw=6.92 err=0.01 gain=360.6 shuffles=0
  [trace] ranchHouse.partition.east.door.0 exterior detour d=14m dLast=14m at=(-393.4,299.6) yaw=6.92 err=0.00 gain=360.6 shuffles=0
  [trace] ranchHouse.partition.east.door.0 exterior detour d=12m dLast=13m at=(-387.8,299.6) yaw=6.54 err=0.00 gain=388.5 shuffles=1
  [trace] ranchHouse.partition.east.door.0 exterior detour d=9m dLast=9m at=(-386.6,295.9) yaw=6.51 err=-0.00 gain=388.5 shuffles=1
  [trace] ranchHouse.partition.east.door.0 exterior detour d=4m dLast=5m at=(-385.7,291.8) yaw=6.51 err=0.00 gain=388.5 shuffles=1
  [trace] ranchHouse.partition.east.door.0 exterior d=6m dLast=6m at=(-387.4,291.3) yaw=4.60 err=0.03 gain=376.4 shuffles=0
  [trace] ranchHouse.partition.east.door.0 exterior d=6m dLast=6m at=(-387.4,291.8) yaw=4.69 err=0.01 gain=419.3 shuffles=3
  [trace] ranchHouse.partition.east.door.0 exterior d=6m dLast=6m at=(-387.4,292.0) yaw=4.75 err=-0.00 gain=418.4 shuffles=4
  [trace] ranchHouse.partition.east.door.0 exterior d=6m dLast=6m at=(-387.4,291.9) yaw=4.73 err=-0.00 gain=418.4 shuffles=4
  [trace] ranchHouse.partition.east.door.0 exterior d=11m dLast=12m at=(-387.5,300.5) yaw=5.71 err=-0.00 gain=421.3 shuffles=6
  [trace] ranchHouse.partition.east.door.0 exterior d=8m dLast=8m at=(-390.4,299.6) yaw=5.92 err=0.05 gain=423.7 shuffles=6
  [trace] ranchHouse.partition.east.door.0 exterior d=12m dLast=13m at=(-383.5,298.3) yaw=5.31 err=-0.00 gain=420.0 shuffles=7
  [trace] ranchHouse.partition.east.door.0 exterior d=6m dLast=6m at=(-387.4,292.4) yaw=4.84 err=-0.03 gain=409.8 shuffles=7
  [trace] ranchHouse.partition.east.door.0 exterior d=6m dLast=6m at=(-387.4,291.7) yaw=4.68 err=0.01 gain=414.1 shuffles=9
  [trace] ranchHouse.partition.east.door.0 exterior d=6m dLast=6m at=(-387.4,292.1) yaw=4.77 err=-0.02 gain=408.5 shuffles=10
  [trace] ranchHouse.partition.east.door.0 exterior detour d=13m dLast=14m at=(-387.4,287.3) yaw=4.71 err=-0.02 gain=427.2 shuffles=0
  [trace] ranchHouse.partition.east.door.0 exterior detour d=13m dLast=13m at=(-387.4,287.3) yaw=4.71 err=0.00 gain=427.2 shuffles=0
  [trace] ranchHouse.partition.east.door.0 exterior detour d=13m dLast=13m at=(-387.4,287.3) yaw=4.71 err=0.03 gain=424.0 shuffles=1
  [trace] ranchHouse.partition.east.door.0 exterior detour d=13m dLast=13m at=(-387.4,287.3) yaw=4.71 err=0.00 gain=424.0 shuffles=1
  [trace] ranchHouse.partition.east.door.0 exterior detour d=13m dLast=13m at=(-387.4,287.3) yaw=4.71 err=0.00 gain=424.0 shuffles=1
  [trace] ranchHouse.partition.east.door.0 exterior detour d=13m dLast=13m at=(-387.4,287.3) yaw=4.71 err=0.00 gain=421.5 shuffles=2
  [trace] ranchHouse.partition.east.door.0 exterior detour d=13m dLast=13m at=(-387.4,288.3) yaw=4.79 err=-0.01 gain=418.5 shuffles=4
  [trace] ranchHouse.partition.east.door.0 exterior detour d=14m dLast=13m at=(-386.7,287.3) yaw=4.76 err=-1.10 gain=418.0 shuffles=5
  [trace] ranchHouse.partition.east.door.0 exterior detour d=15m dLast=15m at=(-387.4,293.8) yaw=5.19 err=-0.03 gain=417.8 shuffles=6
  [trace] ranchHouse.partition.east.door.0 exterior detour d=14m dLast=15m at=(-387.3,287.3) yaw=4.71 err=0.00 gain=416.7 shuffles=7
  [trace] ranchHouse.partition.east.door.0 exterior detour d=14m dLast=14m at=(-387.4,289.5) yaw=4.90 err=-0.02 gain=416.7 shuffles=8
  [trace] ranchHouse.partition.east.door.0 exterior detour d=13m dLast=14m at=(-387.4,288.6) yaw=4.83 err=-0.01 gain=416.7 shuffles=8
  [trace] ranchHouse.partition.east.door.0 exterior detour d=13m dLast=13m at=(-387.4,288.5) yaw=4.81 err=-0.01 gain=421.0 shuffles=9
  [trace] ranchHouse.partition.east.door.0 exterior detour d=13m dLast=13m at=(-387.4,288.4) yaw=4.80 err=-0.01 gain=421.0 shuffles=9
staged retry ranchHouse.partition.east.door.0
  [trace] ranchHouse.front.door.0 exit d=12m dLast=13m at=(-389.6,299.8) yaw=4.62 err=0.03 gain=401.6 shuffles=2
  [trace] ranchHouse.front.door.0 exit d=10m dLast=12m at=(-391.0,300.0) yaw=4.62 err=0.00 gain=401.6 shuffles=2
  [trace] ranchHouse.front.door.0 exit d=6m dLast=6m at=(-394.8,300.3) yaw=4.62 err=0.00 gain=401.6 shuffles=2
  [trace] ranchHouse.partition.east.door.0 exterior d=8m dLast=8m at=(-391.5,299.6) yaw=6.06 err=0.03 gain=411.5 shuffles=2
  [trace] ranchHouse.partition.east.door.0 exterior detour d=8m dLast=9m at=(-386.6,296.5) yaw=6.56 err=0.00 gain=385.6 shuffles=1
  [trace] ranchHouse.partition.east.door.0 exterior detour d=3m dLast=3m at=(-385.1,291.3) yaw=6.56 err=0.00 gain=385.6 shuffles=1
  [trace] ranchHouse.partition.east.door.0 exterior d=6m dLast=6m at=(-387.4,291.7) yaw=4.67 err=0.01 gain=419.4 shuffles=2
  [trace] ranchHouse.partition.east.door.0 exterior d=6m dLast=6m at=(-387.4,291.4) yaw=4.55 err=0.89 gain=418.7 shuffles=3
  [trace] ranchHouse.partition.east.door.0 exterior d=6m dLast=6m at=(-387.4,291.4) yaw=4.60 err=0.03 gain=424.4 shuffles=5
  [trace] ranchHouse.partition.east.door.0 exterior d=6m dLast=6m at=(-387.4,292.5) yaw=4.86 err=-0.04 gain=410.4 shuffles=6
  [trace] ranchHouse.partition.east.door.0 exterior d=6m dLast=6m at=(-387.4,290.5) yaw=4.40 err=0.08 gain=417.4 shuffles=7
  [trace] ranchHouse.partition.east.door.0 exterior d=6m dLast=6m at=(-387.4,291.5) yaw=4.63 err=0.03 gain=418.5 shuffles=7
  [trace] ranchHouse.partition.east.door.0 exterior d=6m dLast=6m at=(-387.4,291.6) yaw=4.65 err=0.02 gain=418.5 shuffles=7
  [trace] ranchHouse.partition.east.door.0 exterior detour d=15m dLast=15m at=(-387.4,294.4) yaw=5.26 err=0.00 gain=300.0 shuffles=0
  [trace] ranchHouse.partition.east.door.0 exterior detour d=15m dLast=15m at=(-387.4,294.4) yaw=5.26 err=0.00 gain=300.0 shuffles=0
  [trace] ranchHouse.partition.east.door.0 exterior detour d=13m dLast=13m at=(-386.8,287.6) yaw=4.90 err=-1.07 gain=385.7 shuffles=2
  [trace] ranchHouse.partition.east.door.0 exterior detour d=13m dLast=13m at=(-387.4,287.3) yaw=4.77 err=0.00 gain=394.4 shuffles=2
  [trace] ranchHouse.partition.east.door.0 exterior detour d=13m dLast=13m at=(-387.4,287.3) yaw=4.77 err=0.00 gain=394.4 shuffles=2
  [trace] ranchHouse.partition.east.door.0 exterior detour d=13m dLast=13m at=(-387.4,287.3) yaw=4.77 err=0.00 gain=394.4 shuffles=2
  [trace] ranchHouse.partition.east.door.0 exterior detour d=13m dLast=13m at=(-387.4,287.3) yaw=4.77 err=0.00 gain=394.4 shuffles=2
  [trace] ranchHouse.partition.east.door.0 exterior detour d=13m dLast=13m at=(-387.4,288.4) yaw=4.87 err=-0.02 gain=406.9 shuffles=3
  [trace] ranchHouse.partition.east.door.0 exterior detour d=13m dLast=14m at=(-387.4,287.3) yaw=4.77 err=0.01 gain=411.7 shuffles=5
  [trace] ranchHouse.partition.east.door.0 exterior detour d=13m dLast=13m at=(-387.4,287.3) yaw=4.77 err=0.00 gain=411.7 shuffles=5
  [trace] ranchHouse.partition.east.door.0 exterior detour d=13m dLast=13m at=(-387.4,287.3) yaw=4.77 err=0.00 gain=414.0 shuffles=7
  [trace] ranchHouse.partition.east.door.0 exterior detour d=13m dLast=14m at=(-387.4,289.2) yaw=4.94 err=-0.00 gain=419.2 shuffles=9
  [trace] ranchHouse.partition.east.door.0 exterior detour d=13m dLast=13m at=(-387.4,288.4) yaw=4.87 err=-0.02 gain=418.4 shuffles=10
staged retry failed: steering to ranchHouse.partition.east.door.0 exterior timed out
FAIL  walk through ranchHouse.partition.east.door.0 — steering to ranchHouse.partition.east.door.0 exterior timed out

[door] barn.right.barn.0 (45 m away)
  [trace] barn.right.barn.0 exterior d=31m dLast=32m at=(-391.9,302.2) yaw=4.17 err=0.00 gain=375.0 shuffles=0
  [trace] barn.right.barn.0 exterior d=30m dLast=30m at=(-393.2,303.0) yaw=4.17 err=0.00 gain=375.0 shuffles=0
  [trace] barn.right.barn.0 exterior d=28m dLast=28m at=(-394.6,303.8) yaw=4.17 err=0.00 gain=375.0 shuffles=0
  [trace] barn.right.barn.0 exterior d=19m dLast=19m at=(-402.6,308.6) yaw=4.17 err=0.00 gain=375.0 shuffles=0
  [trace] barn.right.barn.0 exterior d=16m dLast=17m at=(-404.5,309.8) yaw=4.17 err=0.00 gain=375.0 shuffles=0
  [trace] barn.right.barn.0 exterior d=12m dLast=12m at=(-408.6,312.2) yaw=4.17 err=0.00 gain=375.0 shuffles=0
  [trace] barn.right.barn.0 through d=5m dLast=5m at=(-417.2,317.4) yaw=4.59 err=0.00 gain=362.7 shuffles=0
  [trace] barn.right.barn.0 through d=5m dLast=5m at=(-417.2,317.4) yaw=4.59 err=0.00 gain=362.7 shuffles=0
PASS  walk through barn.right.barn.0
outside-invariant: player stands inside near barn.front.barn.0 — exiting through it
  [trace] barn.front.barn.0 exit d=10m dLast=11m at=(-421.5,320.1) yaw=3.99 err=-0.03 gain=390.7 shuffles=0
outside-invariant: player stands inside near barn.right.barn.0 — exiting through it
  [trace] barn.right.barn.0 exit d=11m dLast=11m at=(-427.3,324.4) yaw=1.63 err=-1.73 gain=359.5 shuffles=0
  [trace] barn.right.barn.0 exit d=5m dLast=5m at=(-421.7,320.2) yaw=1.00 err=0.00 gain=387.9 shuffles=0
outside-invariant: player stands inside near barn.front.barn.0 — exiting through it
outside-invariant: player stands inside near barn.right.barn.0 — exiting through it
  [trace] barn.right.barn.0 exit d=9m dLast=10m at=(-424.0,324.6) yaw=0.79 err=-0.07 gain=396.3 shuffles=0
  [trace] barn.right.barn.0 exit d=8m dLast=8m at=(-421.2,324.6) yaw=0.49 err=-0.09 gain=406.7 shuffles=0
outside-invariant: player stands inside near barn.front.barn.0 — exiting through it
  [trace] barn.front.barn.0 exit d=9m dLast=10m at=(-419.4,322.7) yaw=-1.97 err=0.06 gain=412.9 shuffles=0
  [trace] barn.front.barn.0 exit d=3m dLast=3m at=(-425.5,325.5) yaw=-1.71 err=0.00 gain=417.5 shuffles=0
outside-invariant: player stands inside near barn.right.barn.0 — exiting through it
  [trace] barn.right.barn.0 exit d=10m dLast=11m at=(-425.2,324.6) yaw=0.84 err=0.08 gain=392.3 shuffles=0
  [trace] barn.right.barn.0 exit d=8m dLast=9m at=(-422.3,324.6) yaw=0.63 err=-0.09 gain=401.0 shuffles=0
  [trace] barn.right.barn.0 exit d=5m dLast=6m at=(-418.9,321.6) yaw=0.18 err=-0.01 gain=406.7 shuffles=0
  [trace] barn.right.barn.0 exit d=3m dLast=3m at=(-418.7,320.5) yaw=0.18 err=0.00 gain=406.7 shuffles=0
  [trace] barn.right.barn.0 exit d=2m dLast=3m at=(-418.5,319.8) yaw=0.18 err=0.00 gain=406.7 shuffles=0
exit after barn.right.barn.0 wedged: restoreOutside: player still inside a structure after the exit ladder

[door] barn.front.barn.0 (12 m away)
outside-invariant: player stands inside near barn.front.barn.0 — exiting through it
  [trace] barn.front.barn.0 exit d=12m dLast=12m at=(-418.3,318.6) yaw=-1.93 err=-1.33 gain=359.5 shuffles=0
  [trace] barn.front.barn.0 exit d=9m dLast=10m at=(-422.5,320.9) yaw=-2.30 err=-0.01 gain=375.6 shuffles=0
  [trace] barn.front.barn.0 exit d=7m dLast=7m at=(-423.2,321.5) yaw=-2.30 err=0.00 gain=375.6 shuffles=0
  [trace] barn.front.barn.0 exit d=6m dLast=6m at=(-424.2,322.4) yaw=-2.30 err=0.00 gain=375.6 shuffles=0
outside-invariant: player stands inside near barn.right.barn.0 — exiting through it
  [trace] barn.right.barn.0 exit d=11m dLast=12m at=(-425.9,324.6) yaw=-5.39 err=-0.11 gain=387.8 shuffles=0
  [trace] barn.right.barn.0 exit d=8m dLast=8m at=(-421.2,324.6) yaw=-5.78 err=-0.08 gain=407.8 shuffles=0
  [trace] barn.right.barn.0 exit d=7m dLast=7m at=(-419.6,324.4) yaw=-5.99 err=-0.06 gain=410.5 shuffles=0
outside-invariant: player stands inside near barn.front.barn.0 — exiting through it
outside-invariant: player stands inside near barn.right.barn.0 — exiting through it
  [trace] barn.right.barn.0 exit d=10m dLast=11m at=(-425.1,324.6) yaw=-5.43 err=0.09 gain=390.7 shuffles=0
  [trace] barn.right.barn.0 exit d=7m dLast=7m at=(-420.2,324.6) yaw=-5.91 err=-0.07 gain=408.8 shuffles=0
outside-invariant: player stands inside near barn.front.barn.0 — exiting through it
  [trace] barn.front.barn.0 exit d=9m dLast=10m at=(-419.4,322.4) yaw=-8.29 err=0.07 gain=401.1 shuffles=0
outside-invariant: player stands inside near barn.right.barn.0 — exiting through it
restore before barn.front.barn.0 failed: restoreOutside: player still inside a structure after the exit ladder — attempting anyway
  [trace] barn.front.barn.0 exterior d=11m dLast=11m at=(-419.4,320.0) yaw=-8.40 err=-0.25 gain=376.2 shuffles=0
  [trace] barn.front.barn.0 exterior d=9m dLast=9m at=(-419.4,324.1) yaw=-8.09 err=0.04 gain=415.8 shuffles=0
PASS  walk through barn.front.barn.0
outside-invariant: player stands inside near barn.right.barn.0 — exiting through it
outside-invariant: player stands inside near barn.front.barn.0 — exiting through it
  [trace] barn.front.barn.0 exit d=8m dLast=9m at=(-422.2,320.6) yaw=-8.58 err=-0.00 gain=390.7 shuffles=0
  [trace] barn.front.barn.0 exit d=8m dLast=8m at=(-422.5,320.9) yaw=-8.58 err=-0.00 gain=390.7 shuffles=0
  [trace] barn.front.barn.0 exit d=5m dLast=5m at=(-424.8,322.9) yaw=-8.58 err=-0.00 gain=390.7 shuffles=0
outside-invariant: player stands inside near barn.right.barn.0 — exiting through it
  [trace] barn.right.barn.0 exit d=5m dLast=5m at=(-421.7,320.2) yaw=-11.57 err=0.00 gain=387.4 shuffles=0
  [trace] barn.right.barn.0 exit d=4m dLast=4m at=(-421.0,319.8) yaw=-11.57 err=0.00 gain=387.4 shuffles=0
outside-invariant: player stands inside near barn.front.barn.0 — exiting through it
  [trace] barn.front.barn.0 exit d=4m dLast=6m at=(-424.3,325.3) yaw=-7.99 err=0.00 gain=421.4 shuffles=0
  [trace] barn.front.barn.0 exit d=2m dLast=3m at=(-426.2,325.6) yaw=-7.99 err=0.00 gain=421.4 shuffles=0
outside-invariant: player stands inside near barn.right.barn.0 — exiting through it
  [trace] barn.right.barn.0 exit d=11m dLast=11m at=(-426.6,325.6) yaw=-5.88 err=1.48 gain=359.5 shuffles=0
  [trace] barn.right.barn.0 exit d=10m dLast=10m at=(-424.2,324.6) yaw=-5.48 err=-0.04 gain=392.3 shuffles=0
  [trace] barn.right.barn.0 exit d=9m dLast=10m at=(-423.4,324.6) yaw=-5.54 err=-0.07 gain=395.6 shuffles=0
  [trace] barn.right.barn.0 exit d=6m dLast=7m at=(-419.0,322.6) yaw=-6.10 err=-0.05 gain=408.1 shuffles=0
outside-invariant: player stands inside near barn.front.barn.0 — exiting through it
exit after barn.front.barn.0 wedged: restoreOutside: player still inside a structure after the exit ladder

[door] ranchGate.east.gate.0 (129 m away)
outside-invariant: player stands inside near barn.right.barn.0 — exiting through it
  [trace] barn.right.barn.0 exit d=9m dLast=9m at=(-423.2,324.6) yaw=-11.85 err=-0.07 gain=398.5 shuffles=0
  [trace] barn.right.barn.0 exit d=2m dLast=3m at=(-418.5,319.9) yaw=-12.38 err=0.00 gain=406.4 shuffles=0
outside-invariant: player stands inside near barn.front.barn.0 — exiting through it
  [trace] barn.front.barn.0 exit d=9m dLast=9m at=(-420.0,324.7) yaw=-14.34 err=0.04 gain=407.7 shuffles=0
outside-invariant: player stands inside near barn.right.barn.0 — exiting through it
  [trace] barn.right.barn.0 exit d=11m dLast=Infinitym at=(-426.5,325.6) yaw=-13.21 err=2.53 gain=335.0 shuffles=0
  [trace] barn.right.barn.0 exit d=11m dLast=11m at=(-425.8,324.7) yaw=-11.80 err=0.42 gain=377.5 shuffles=0
  [trace] barn.right.barn.0 exit d=3m dLast=3m at=(-418.6,320.5) yaw=-12.39 err=-0.00 gain=410.9 shuffles=0
outside-invariant: player stands inside near barn.front.barn.0 — exiting through it
  [trace] barn.front.barn.0 exit d=5m dLast=5m at=(-424.9,323.0) yaw=-14.86 err=0.00 gain=383.8 shuffles=0
outside-invariant: player stands inside near barn.right.barn.0 — exiting through it
  [trace] barn.right.barn.0 exit d=2m dLast=3m at=(-418.6,319.9) yaw=-18.67 err=0.00 gain=409.6 shuffles=0
outside-invariant: player stands inside near barn.front.barn.0 — exiting through it
  [trace] barn.front.barn.0 exit d=11m dLast=12m at=(-419.4,319.6) yaw=-21.06 err=-0.05 gain=375.6 shuffles=0
  [trace] barn.front.barn.0 exit d=10m dLast=10m at=(-419.4,321.6) yaw=-20.94 err=0.06 gain=404.8 shuffles=0
  [trace] barn.front.barn.0 exit d=9m dLast=9m at=(-419.4,323.5) yaw=-20.72 err=0.05 gain=419.2 shuffles=0
  [trace] barn.front.barn.0 exit d=8m dLast=9m at=(-420.6,324.8) yaw=-20.58 err=0.06 gain=422.0 shuffles=0
  [trace] barn.front.barn.0 exit d=2m dLast=3m at=(-426.4,325.6) yaw=-20.56 err=0.00 gain=422.0 shuffles=0
  [trace] barn.front.barn.0 exit d=2m dLast=2m at=(-426.9,325.6) yaw=-20.56 err=0.00 gain=422.0 shuffles=0
restore before ranchGate.east.gate.0 failed: restoreOutside: player still inside a structure after the exit ladder — attempting anyway
  [trace] ranchGate.east.gate.0 exterior d=130m dLast=130m at=(-426.9,325.6) yaw=-20.24 err=0.09 gain=362.4 shuffles=0
  [trace] ranchGate.east.gate.0 exterior d=130m dLast=130m at=(-426.9,325.6) yaw=-20.22 err=0.00 gain=362.4 shuffles=0
  [trace] ranchGate.east.gate.0 exterior d=120m dLast=121m at=(-435.4,316.4) yaw=-20.28 err=0.00 gain=388.0 shuffles=1
  [trace] ranchGate.east.gate.0 exterior d=120m dLast=120m at=(-435.4,315.2) yaw=-20.29 err=-0.00 gain=388.0 shuffles=1
  [trace] ranchGate.east.gate.0 exterior d=120m dLast=120m at=(-435.4,313.2) yaw=-20.31 err=-0.00 gain=399.6 shuffles=2
  [trace] ranchGate.east.gate.0 exterior d=119m dLast=119m at=(-435.4,312.6) yaw=-20.31 err=-0.00 gain=399.6 shuffles=2
  [trace] ranchGate.east.gate.0 exterior d=119m dLast=119m at=(-435.4,312.6) yaw=-20.31 err=-0.00 gain=399.6 shuffles=2
  [trace] ranchGate.east.gate.0 exterior d=120m dLast=120m at=(-435.4,315.6) yaw=-20.29 err=-0.00 gain=405.0 shuffles=3
  [trace] ranchGate.east.gate.0 exterior d=121m dLast=120m at=(-434.3,316.9) yaw=-20.25 err=-1.02 gain=408.2 shuffles=4
  [trace] ranchGate.east.gate.0 exterior d=120m dLast=120m at=(-435.4,315.3) yaw=-20.29 err=-0.00 gain=408.2 shuffles=4
  [trace] ranchGate.east.gate.0 exterior d=119m dLast=119m at=(-435.4,312.6) yaw=-20.32 err=0.00 gain=410.5 shuffles=5
  [trace] ranchGate.east.gate.0 exterior d=119m dLast=119m at=(-435.4,312.6) yaw=-20.32 err=0.00 gain=415.0 shuffles=7
  [trace] ranchGate.east.gate.0 exterior d=120m dLast=120m at=(-435.4,314.4) yaw=-20.30 err=0.00 gain=415.2 shuffles=8
  [trace] ranchGate.east.gate.0 exterior d=120m dLast=120m at=(-435.4,316.1) yaw=-20.28 err=0.00 gain=415.7 shuffles=9
  [trace] ranchGate.east.gate.0 exterior d=120m dLast=120m at=(-435.4,316.0) yaw=-20.28 err=-0.00 gain=415.7 shuffles=9
  [trace] ranchGate.east.gate.0 exterior d=120m dLast=120m at=(-435.4,315.8) yaw=-20.29 err=0.00 gain=415.8 shuffles=10
  [trace] ranchGate.east.gate.0 exterior d=120m dLast=120m at=(-435.4,314.7) yaw=-20.30 err=-0.00 gain=415.8 shuffles=10
  [trace] ranchGate.east.gate.0 exterior d=120m dLast=120m at=(-435.4,314.4) yaw=-20.30 err=-0.00 gain=415.8 shuffles=10
  [trace] ranchGate.east.gate.0 exterior d=119m dLast=119m at=(-435.4,312.6) yaw=-20.32 err=0.00 gain=415.9 shuffles=11
  [trace] ranchGate.east.gate.0 exterior d=119m dLast=119m at=(-435.4,312.6) yaw=-20.32 err=0.00 gain=415.9 shuffles=11
  [trace] ranchGate.east.gate.0 exterior d=119m dLast=119m at=(-435.4,312.6) yaw=-20.32 err=0.00 gain=415.9 shuffles=11
  [trace] ranchGate.east.gate.0 exterior d=119m dLast=119m at=(-435.4,312.6) yaw=-20.32 err=0.00 gain=415.9 shuffles=11
  [trace] ranchGate.east.gate.0 exterior d=121m dLast=121m at=(-435.4,321.0) yaw=-20.24 err=-0.00 gain=418.1 shuffles=12
  [trace] ranchGate.east.gate.0 exterior d=119m dLast=119m at=(-435.4,312.6) yaw=-20.32 err=0.00 gain=417.7 shuffles=13
  [trace] ranchGate.east.gate.0 exterior d=120m dLast=120m at=(-435.4,314.5) yaw=-20.30 err=-0.00 gain=417.1 shuffles=14
nav route for ranchGate.east.gate.0 exterior via Ranch gate: 9 hops, 165 m (straight-line from here: 120 m)
  [trace] ranchGate.east.gate.0 approach wp0/8 (stage) d=18m dLast=18m at=(-435.4,314.2) yaw=-19.48 err=0.00 gain=361.0 shuffles=0
  [trace] ranchGate.east.gate.0 approach wp0/8 (stage) d=18m dLast=18m at=(-433.7,312.6) yaw=-19.63 err=-0.08 gain=400.6 shuffles=2
  [trace] ranchGate.east.gate.0 approach wp0/8 (stage) d=16m dLast=16m at=(-435.4,312.6) yaw=-19.54 err=0.00 gain=400.6 shuffles=2
  [trace] ranchGate.east.gate.0 approach wp0/8 (stage) d=16m dLast=16m at=(-435.4,312.6) yaw=-19.54 err=0.00 gain=405.6 shuffles=3
  [trace] ranchGate.east.gate.0 approach wp0/8 (stage) d=16m dLast=16m at=(-435.4,312.6) yaw=-19.54 err=0.00 gain=405.6 shuffles=3
  [trace] ranchGate.east.gate.0 approach wp0/8 (stage) d=16m dLast=16m at=(-435.4,312.6) yaw=-19.54 err=0.00 gain=410.6 shuffles=4
  [trace] ranchGate.east.gate.0 approach wp0/8 (stage) d=22m dLast=16m at=(-435.4,319.1) yaw=-19.51 err=1.22 gain=413.6 shuffles=6
  [trace] ranchGate.east.gate.0 approach wp0/8 (stage) d=16m dLast=16m at=(-435.4,312.6) yaw=-19.54 err=0.00 gain=415.3 shuffles=6
  [trace] ranchGate.east.gate.0 approach wp0/8 (stage) d=16m dLast=16m at=(-435.4,312.6) yaw=-19.54 err=0.00 gain=415.3 shuffles=6
    [steerRoute] ranchGate.east.gate.0 approach wp0/8 (stage): hop failed — rider at (-435, 313) mounted=false target (-446, 300) d=16 — sidestep and retry
  [trace] ranchGate.east.gate.0 approach wp0/8 (stage) retry d=20m dLast=20m at=(-432.0,313.9) yaw=-19.62 err=-0.02 gain=330.8 shuffles=0
  [trace] ranchGate.east.gate.0 approach wp0/8 (stage) retry d=20m dLast=20m at=(-432.0,313.9) yaw=-19.63 err=0.00 gain=330.8 shuffles=0
  [trace] ranchGate.east.gate.0 approach wp0/8 (stage) retry d=20m dLast=20m at=(-432.0,313.9) yaw=-19.63 err=0.00 gain=330.8 shuffles=0
  [trace] ranchGate.east.gate.0 approach wp0/8 (stage) retry d=21m dLast=22m at=(-429.7,312.6) yaw=-19.77 err=-0.02 gain=373.9 shuffles=1
  [trace] ranchGate.east.gate.0 approach wp0/8 (stage) retry d=20m dLast=21m at=(-430.5,312.6) yaw=-19.76 err=0.02 gain=373.9 shuffles=1
  [trace] ranchGate.east.gate.0 approach wp0/8 (stage) retry d=19m dLast=20m at=(-432.0,312.6) yaw=-19.71 err=0.03 gain=373.9 shuffles=1
  [trace] ranchGate.east.gate.0 approach wp0/8 (stage) retry d=16m dLast=16m at=(-435.4,312.6) yaw=-19.54 err=0.00 gain=373.9 shuffles=1
  [trace] ranchGate.east.gate.0 approach wp0/8 (stage) retry d=16m dLast=16m at=(-435.4,312.6) yaw=-19.54 err=0.00 gain=394.3 shuffles=2
  [trace] ranchGate.east.gate.0 approach wp0/8 (stage) retry d=16m dLast=16m at=(-435.4,312.6) yaw=-19.54 err=0.00 gain=394.3 shuffles=2
  [trace] ranchGate.east.gate.0 approach wp0/8 (stage) retry d=16m dLast=16m at=(-435.4,312.6) yaw=-19.54 err=0.00 gain=410.3 shuffles=3
  [trace] ranchGate.east.gate.0 approach wp0/8 (stage) retry d=16m dLast=16m at=(-435.4,312.6) yaw=-19.54 err=0.00 gain=410.3 shuffles=3
  [trace] ranchGate.east.gate.0 approach wp0/8 (stage) retry d=18m dLast=19m at=(-433.8,312.6) yaw=-19.61 err=-0.00 gain=412.6 shuffles=4
  [trace] ranchGate.east.gate.0 approach wp0/8 (stage) retry d=17m dLast=17m at=(-435.1,312.6) yaw=-19.58 err=0.03 gain=412.6 shuffles=4
nav route to ranchGate failed: steering to ranchGate.east.gate.0 approach wp0/8 (stage) retry timed out
  [trace] ranchGate.east.gate.0 exterior detour d=14m dLast=14m at=(-435.4,312.6) yaw=-19.73 err=-0.01 gain=351.8 shuffles=0
  [trace] ranchGate.east.gate.0 exterior detour d=14m dLast=14m at=(-435.4,312.6) yaw=-19.73 err=-0.00 gain=351.8 shuffles=0
  [trace] ranchGate.east.gate.0 exterior detour d=15m dLast=15m at=(-435.4,312.6) yaw=-19.75 err=0.03 gain=399.0 shuffles=2
  [trace] ranchGate.east.gate.0 exterior detour d=14m dLast=14m at=(-435.4,312.6) yaw=-19.73 err=0.00 gain=399.0 shuffles=2
  [trace] ranchGate.east.gate.0 exterior detour d=14m dLast=14m at=(-435.4,312.6) yaw=-19.73 err=0.00 gain=410.5 shuffles=3
  [trace] ranchGate.east.gate.0 exterior detour d=14m dLast=14m at=(-435.4,312.6) yaw=-19.73 err=0.00 gain=412.3 shuffles=4
  [trace] ranchGate.east.gate.0 exterior detour d=14m dLast=14m at=(-435.4,312.6) yaw=-19.73 err=0.00 gain=412.3 shuffles=4
  [trace] ranchGate.east.gate.0 exterior detour d=17m dLast=18m at=(-432.7,312.6) yaw=-19.86 err=0.03 gain=412.7 shuffles=5
  [trace] ranchGate.east.gate.0 exterior detour d=14m dLast=14m at=(-435.4,312.6) yaw=-19.73 err=0.00 gain=412.7 shuffles=5
  [trace] ranchGate.east.gate.0 exterior detour d=20m dLast=14m at=(-435.4,320.4) yaw=-19.70 err=1.33 gain=413.9 shuffles=6
  [trace] ranchGate.east.gate.0 exterior detour d=14m dLast=14m at=(-435.4,312.6) yaw=-19.73 err=0.00 gain=414.9 shuffles=6
  [trace] ranchGate.east.gate.0 exterior detour d=15m dLast=16m at=(-435.4,312.6) yaw=-19.76 err=0.03 gain=415.4 shuffles=7
  [trace] ranchGate.east.gate.0 exterior detour d=14m dLast=14m at=(-435.4,312.6) yaw=-19.73 err=0.00 gain=415.4 shuffles=7
  [trace] ranchGate.east.gate.0 exterior detour d=14m dLast=14m at=(-435.4,312.6) yaw=-19.73 err=0.00 gain=415.4 shuffles=7
  [trace] ranchGate.east.gate.0 exterior detour d=14m dLast=14m at=(-435.4,312.6) yaw=-19.73 err=0.00 gain=416.2 shuffles=9
  [trace] ranchGate.east.gate.0 exterior detour d=14m dLast=14m at=(-435.4,312.6) yaw=-19.73 err=0.00 gain=416.1 shuffles=10
  [trace] ranchGate.east.gate.0 exterior detour d=14m dLast=14m at=(-435.4,312.6) yaw=-19.73 err=0.00 gain=416.1 shuffles=10
  [trace] ranchGate.east.gate.0 exterior detour d=14m dLast=14m at=(-435.4,312.6) yaw=-19.73 err=0.00 gain=416.1 shuffles=10
  [trace] ranchGate.east.gate.0 exterior detour d=14m dLast=14m at=(-435.4,312.6) yaw=-19.73 err=0.00 gain=416.1 shuffles=10
  [trace] ranchGate.east.gate.0 exterior detour d=19m dLast=19m at=(-431.3,312.6) yaw=-19.90 err=0.02 gain=415.3 shuffles=11
  [trace] ranchGate.east.gate.0 exterior detour d=15m dLast=16m at=(-435.4,312.6) yaw=-19.76 err=0.04 gain=415.3 shuffles=11
  [trace] ranchGate.east.gate.0 exterior detour d=14m dLast=14m at=(-435.4,312.6) yaw=-19.73 err=0.00 gain=415.3 shuffles=11
  [trace] ranchGate.east.gate.0 exterior detour d=14m dLast=14m at=(-435.4,312.6) yaw=-19.73 err=0.00 gain=415.3 shuffles=11
  [trace] ranchGate.east.gate.0 exterior detour d=17m dLast=18m at=(-435.4,315.6) yaw=-19.56 err=-0.03 gain=417.0 shuffles=12
  [trace] ranchGate.east.gate.0 exterior detour d=15m dLast=15m at=(-435.4,312.7) yaw=-19.69 err=-0.03 gain=417.0 shuffles=12
  [trace] ranchGate.east.gate.0 exterior detour d=14m dLast=14m at=(-435.4,312.6) yaw=-19.73 err=0.00 gain=415.9 shuffles=13
  [trace] ranchGate.east.gate.0 exterior detour d=14m dLast=14m at=(-435.4,312.6) yaw=-19.73 err=0.00 gain=415.9 shuffles=13
  [trace] ranchGate.east.gate.0 exterior detour d=14m dLast=14m at=(-435.4,312.6) yaw=-19.73 err=0.00 gain=415.9 shuffles=13
  [trace] ranchGate.east.gate.0 exterior detour d=17m dLast=18m at=(-434.4,314.5) yaw=-19.68 err=-0.00 gain=415.9 shuffles=14
  [trace] ranchGate.east.gate.0 exterior detour d=14m dLast=14m at=(-435.4,314.0) yaw=-20.84 err=0.03 gain=358.8 shuffles=0
  [trace] ranchGate.east.gate.0 exterior detour d=14m dLast=14m at=(-435.4,315.0) yaw=-20.77 err=0.03 gain=358.8 shuffles=0
  [trace] ranchGate.east.gate.0 exterior detour d=13m dLast=13m at=(-435.4,315.8) yaw=-20.71 err=0.02 gain=387.3 shuffles=1
  [trace] ranchGate.east.gate.0 exterior detour d=13m dLast=13m at=(-435.4,318.0) yaw=-20.53 err=0.01 gain=406.6 shuffles=3
  [trace] ranchGate.east.gate.0 exterior detour d=13m dLast=13m at=(-435.1,319.5) yaw=-20.39 err=-0.93 gain=409.5 shuffles=4
  [trace] ranchGate.east.gate.0 exterior detour d=16m dLast=16m at=(-433.9,323.2) yaw=-20.16 err=0.45 gain=414.8 shuffles=6
  [trace] ranchGate.east.gate.0 exterior detour d=13m dLast=14m at=(-435.4,322.7) yaw=-20.16 err=0.00 gain=414.8 shuffles=6
  [trace] ranchGate.east.gate.0 exterior detour d=13m dLast=13m at=(-435.4,319.7) yaw=-20.39 err=-0.00 gain=415.7 shuffles=8
  [trace] ranchGate.east.gate.0 exterior detour d=13m dLast=13m at=(-435.4,319.7) yaw=-20.39 err=-0.00 gain=415.7 shuffles=8
  [trace] ranchGate.east.gate.0 exterior detour d=13m dLast=13m at=(-435.4,319.6) yaw=-20.40 err=-0.00 gain=415.7 shuffles=8
  [trace] ranchGate.east.gate.0 exterior detour d=13m dLast=13m at=(-435.4,319.6) yaw=-20.40 err=0.00 gain=415.7 shuffles=8
  [trace] ranchGate.east.gate.0 exterior detour d=13m dLast=13m at=(-435.4,319.6) yaw=-20.40 err=-0.00 gain=416.1 shuffles=10
  [trace] ranchGate.east.gate.0 exterior detour d=13m dLast=13m at=(-435.4,319.6) yaw=-20.40 err=0.00 gain=416.1 shuffles=10
  [trace] ranchGate.east.gate.0 exterior detour d=14m dLast=14m at=(-435.4,314.8) yaw=-20.79 err=0.03 gain=416.1 shuffles=11
  [trace] ranchGate.east.gate.0 exterior detour d=13m dLast=13m at=(-435.4,320.7) yaw=-20.31 err=-0.01 gain=416.4 shuffles=12
  [trace] ranchGate.east.gate.0 exterior detour d=13m dLast=13m at=(-435.4,315.6) yaw=-20.72 err=0.02 gain=416.3 shuffles=13
  [trace] ranchGate.east.gate.0 exterior detour d=13m dLast=13m at=(-435.4,319.7) yaw=-20.39 err=-0.00 gain=416.1 shuffles=14
outside-invariant: player stands inside near barn.front.barn.0 — exiting through it
  [trace] barn.front.barn.0 exit d=7m dLast=7m at=(-432.6,322.0) yaw=-22.87 err=-0.00 gain=383.4 shuffles=0
  [trace] barn.front.barn.0 exit d=2m dLast=3m at=(-428.7,324.6) yaw=-22.54 err=0.17 gain=401.7 shuffles=0
outside-invariant: player stands inside near barn.right.barn.0 — exiting through it
outside-invariant: player stands inside near barn.front.barn.0 — exiting through it
  [trace] barn.front.barn.0 exit d=10m dLast=10m at=(-421.6,320.1) yaw=-21.14 err=-0.02 gain=389.0 shuffles=0
  [trace] barn.front.barn.0 exit d=6m dLast=6m at=(-424.1,322.3) yaw=-21.14 err=0.00 gain=389.0 shuffles=0
outside-invariant: player stands inside near barn.right.barn.0 — exiting through it
  [trace] barn.right.barn.0 exit d=5m dLast=5m at=(-421.6,320.2) yaw=-24.14 err=0.00 gain=387.3 shuffles=0
outside-invariant: player stands inside near barn.front.barn.0 — exiting through it
outside-invariant: player stands inside near barn.right.barn.0 — exiting through it
  [trace] barn.right.barn.0 exit d=4m dLast=4m at=(-420.8,319.7) yaw=-24.14 err=0.00 gain=386.0 shuffles=0
  [trace] barn.right.barn.0 exit d=3m dLast=4m at=(-420.6,319.4) yaw=-24.14 err=0.00 gain=386.0 shuffles=0
restore before staged retry failed: restoreOutside: player still inside a structure after the exit ladder
staged retry ranchGate.east.gate.0
FAIL  walk through ranchGate.east.gate.0 — still wedged after 15 shuffles near ranchGate.east.gate.0 exterior
outside-invariant: player stands inside near barn.front.barn.0 — exiting through it
  [trace] barn.front.barn.0 exit d=9m dLast=9m at=(-422.0,320.5) yaw=-21.14 err=0.00 gain=389.2 shuffles=0
  [trace] barn.front.barn.0 exit d=4m dLast=4m at=(-426.1,323.4) yaw=-21.15 err=-0.01 gain=389.2 shuffles=0
outside-invariant: player stands inside near barn.right.barn.0 — exiting through it
  [trace] barn.right.barn.0 exit d=11m dLast=11m at=(-427.3,324.5) yaw=-23.55 err=-1.69 gain=359.5 shuffles=0
  [trace] barn.right.barn.0 exit d=3m dLast=4m at=(-420.6,319.4) yaw=-24.14 err=0.00 gain=385.3 shuffles=0
outside-invariant: player stands inside near barn.front.barn.0 — exiting through it
  [trace] barn.front.barn.0 exit d=10m dLast=11m at=(-421.0,319.6) yaw=-21.13 err=-0.03 gain=390.3 shuffles=0
  [trace] barn.front.barn.0 exit d=7m dLast=8m at=(-422.9,321.3) yaw=-21.14 err=0.00 gain=390.3 shuffles=0
  [trace] barn.front.barn.0 exit d=5m dLast=5m at=(-425.0,323.1) yaw=-21.14 err=0.00 gain=390.3 shuffles=0
  [trace] barn.front.barn.0 exit d=2m dLast=3m at=(-427.4,324.7) yaw=-21.45 err=-0.13 gain=400.6 shuffles=0
outside-invariant: player stands inside near barn.right.barn.0 — exiting through it
outside-invariant: player stands inside near barn.front.barn.0 — exiting through it
outside-invariant: player stands inside near barn.right.barn.0 — exiting through it
  [trace] barn.right.barn.0 exit d=8m dLast=8m at=(-421.6,324.6) yaw=-24.60 err=-0.06 gain=406.8 shuffles=0
  [trace] barn.right.barn.0 exit d=5m dLast=6m at=(-419.0,322.1) yaw=-24.95 err=-0.01 gain=406.4 shuffles=0
exit after ranchGate.east.gate.0 wedged: restoreOutside: player still inside a structure after the exit ladder

[door] cemeteryGate.front.gate.0 (194 m away)
outside-invariant: player stands inside near barn.front.barn.0 — exiting through it
  [trace] barn.front.barn.0 exit d=9m dLast=9m at=(-419.4,323.2) yaw=-27.03 err=0.04 gain=376.5 shuffles=0
  [trace] barn.front.barn.0 exit d=8m dLast=9m at=(-421.2,324.8) yaw=-26.85 err=0.03 gain=376.5 shuffles=0
  [trace] barn.front.barn.0 exit d=6m dLast=7m at=(-422.8,325.1) yaw=-26.84 err=0.00 gain=376.5 shuffles=0
  [trace] barn.front.barn.0 exit d=2m dLast=3m at=(-426.5,325.6) yaw=-26.84 err=0.00 gain=376.5 shuffles=0
outside-invariant: player stands inside near barn.right.barn.0 — exiting through it
  [trace] barn.right.barn.0 exit d=11m dLast=Infinitym at=(-426.5,325.6) yaw=-25.79 err=2.54 gain=335.0 shuffles=0
  [trace] barn.right.barn.0 exit d=7m dLast=7m at=(-420.4,324.6) yaw=-24.77 err=-0.05 gain=410.2 shuffles=0
outside-invariant: player stands inside near barn.front.barn.0 — exiting through it
  [trace] barn.front.barn.0 exit d=12m dLast=12m at=(-418.3,318.7) yaw=-27.06 err=-1.34 gain=359.5 shuffles=0
  [trace] barn.front.barn.0 exit d=11m dLast=11m at=(-419.4,320.1) yaw=-27.33 err=0.01 gain=376.6 shuffles=0
  [trace] barn.front.barn.0 exit d=10m dLast=10m at=(-419.4,321.1) yaw=-27.25 err=0.05 gain=395.1 shuffles=0
  [trace] barn.front.barn.0 exit d=10m dLast=10m at=(-419.4,322.0) yaw=-27.16 err=0.05 gain=404.3 shuffles=0
  [trace] barn.front.barn.0 exit d=9m dLast=10m at=(-419.4,322.4) yaw=-27.12 err=0.04 gain=404.3 shuffles=0
outside-invariant: player stands inside near barn.right.barn.0 — exiting through it
  [trace] barn.right.barn.0 exit d=8m dLast=8m at=(-422.3,324.6) yaw=-24.52 err=-0.06 gain=404.4 shuffles=0
outside-invariant: player stands inside near barn.front.barn.0 — exiting through it
  [trace] barn.front.barn.0 exit d=9m dLast=9m at=(-419.4,323.3) yaw=-27.02 err=0.04 gain=407.1 shuffles=0
  [trace] barn.front.barn.0 exit d=9m dLast=9m at=(-419.4,323.6) yaw=-26.99 err=0.03 gain=407.1 shuffles=0
  [trace] barn.front.barn.0 exit d=3m dLast=3m at=(-425.8,325.5) yaw=-26.84 err=0.00 gain=413.0 shuffles=0
outside-invariant: player stands inside near barn.right.barn.0 — exiting through it
  [trace] barn.right.barn.0 exit d=5m dLast=6m at=(-418.9,321.8) yaw=-24.95 err=-0.01 gain=408.7 shuffles=0
  [trace] barn.right.barn.0 exit d=4m dLast=5m at=(-418.8,321.2) yaw=-24.95 err=0.00 gain=408.7 shuffles=0
restore before cemeteryGate.front.gate.0 failed: restoreOutside: player still inside a structure after the exit ladder — attempting anyway
  [trace] cemeteryGate.front.gate.0 exterior d=194m dLast=Infinitym at=(-418.5,319.5) yaw=-23.89 err=2.16 gain=335.0 shuffles=0
  [trace] cemeteryGate.front.gate.0 exterior d=194m dLast=194m at=(-418.5,319.5) yaw=-23.00 err=1.11 gain=359.5 shuffles=0
  [trace] cemeteryGate.front.gate.0 exterior d=174m dLast=175m at=(-403.0,334.6) yaw=-22.79 err=0.00 gain=376.7 shuffles=0
  [trace] cemeteryGate.front.gate.0 exterior d=167m dLast=168m at=(-397.9,339.6) yaw=-22.79 err=0.00 gain=376.7 shuffles=0
  [trace] cemeteryGate.front.gate.0 exterior d=164m dLast=165m at=(-395.8,341.7) yaw=-22.79 err=0.00 gain=376.7 shuffles=0
  [trace] cemeteryGate.front.gate.0 exterior d=149m dLast=150m at=(-385.6,351.7) yaw=-22.79 err=0.00 gain=376.7 shuffles=0
  [trace] cemeteryGate.front.gate.0 exterior d=131m dLast=133m at=(-372.8,364.2) yaw=-22.79 err=0.00 gain=376.7 shuffles=0
  [trace] cemeteryGate.front.gate.0 exterior d=128m dLast=129m at=(-370.3,366.6) yaw=-22.79 err=0.00 gain=376.7 shuffles=0
  [trace] cemeteryGate.front.gate.0 exterior d=126m dLast=127m at=(-368.9,368.1) yaw=-22.79 err=0.00 gain=376.7 shuffles=0
  [trace] cemeteryGate.front.gate.0 exterior d=111m dLast=112m at=(-358.1,378.7) yaw=-22.78 err=0.00 gain=376.7 shuffles=0
  [trace] cemeteryGate.front.gate.0 exterior d=103m dLast=104m at=(-352.8,384.0) yaw=-22.78 err=0.00 gain=376.7 shuffles=0
  [trace] cemeteryGate.front.gate.0 exterior d=89m dLast=90m at=(-342.7,393.9) yaw=-22.78 err=0.00 gain=376.7 shuffles=0
  [trace] cemeteryGate.front.gate.0 exterior d=83m dLast=84m at=(-338.3,398.3) yaw=-22.78 err=0.00 gain=376.7 shuffles=0
  [trace] cemeteryGate.front.gate.0 exterior d=81m dLast=82m at=(-336.9,399.6) yaw=-22.78 err=0.00 gain=376.7 shuffles=0
  [trace] cemeteryGate.front.gate.0 exterior d=76m dLast=77m at=(-333.3,403.2) yaw=-22.78 err=0.00 gain=376.7 shuffles=0
  [trace] cemeteryGate.front.gate.0 exterior d=74m dLast=75m at=(-331.9,404.5) yaw=-22.78 err=0.00 gain=376.7 shuffles=0
  [trace] cemeteryGate.front.gate.0 exterior d=60m dLast=61m at=(-322.2,414.1) yaw=-22.78 err=0.00 gain=376.7 shuffles=0
  [trace] cemeteryGate.front.gate.0 exterior d=59m dLast=60m at=(-321.5,414.8) yaw=-22.78 err=0.00 gain=376.7 shuffles=0
  [trace] cemeteryGate.front.gate.0 exterior d=58m dLast=59m at=(-320.7,415.6) yaw=-22.78 err=0.00 gain=376.7 shuffles=0
  [trace] cemeteryGate.front.gate.0 exterior d=51m dLast=52m at=(-315.5,420.7) yaw=-22.78 err=0.00 gain=376.7 shuffles=0
  [trace] cemeteryGate.front.gate.0 exterior d=48m dLast=49m at=(-313.3,422.9) yaw=-22.78 err=0.00 gain=376.7 shuffles=0
  [trace] cemeteryGate.front.gate.0 exterior d=47m dLast=48m at=(-312.4,423.7) yaw=-22.78 err=0.00 gain=376.7 shuffles=0
  [trace] cemeteryGate.front.gate.0 exterior d=28m dLast=28m at=(-299.3,436.8) yaw=-22.78 err=0.00 gain=376.7 shuffles=0
  [trace] cemeteryGate.front.gate.0 exterior d=18m dLast=19m at=(-292.4,443.5) yaw=-22.78 err=0.00 gain=376.7 shuffles=0
  [trace] cemeteryGate.front.gate.0 exterior d=12m dLast=13m at=(-288.3,447.5) yaw=-22.78 err=0.00 gain=376.7 shuffles=0
  [trace] cemeteryGate.front.gate.0 exterior d=5m dLast=5m at=(-283.8,457.4) yaw=-23.96 err=0.00 gain=410.8 shuffles=1
  [trace] cemeteryGate.front.gate.0 exterior d=3m dLast=4m at=(-282.8,456.9) yaw=-23.96 err=0.00 gain=410.8 shuffles=1
  [trace] cemeteryGate.front.gate.0 through d=2m dLast=3m at=(-280.3,453.4) yaw=-24.90 err=-0.02 gain=373.9 shuffles=0
PASS  walk through cemeteryGate.front.gate.0

[door] sheriff.front.door.1 (807 m away)
  [trace] sheriff.front.door.1 exterior d=804m dLast=805m at=(-275.9,454.6) yaw=-24.52 err=0.00 gain=388.3 shuffles=0
  [trace] sheriff.front.door.1 exterior d=798m dLast=799m at=(-270.4,450.0) yaw=-24.53 err=0.00 gain=388.3 shuffles=0
  [trace] sheriff.front.door.1 exterior d=786m dLast=787m at=(-263.5,439.9) yaw=-24.53 err=0.00 gain=388.3 shuffles=0
  [trace] sheriff.front.door.1 exterior d=771m dLast=772m at=(-255.0,427.7) yaw=-24.53 err=0.00 gain=388.3 shuffles=0
  [trace] sheriff.front.door.1 exterior d=752m dLast=753m at=(-244.3,412.2) yaw=-24.53 err=0.00 gain=388.3 shuffles=0
  [trace] sheriff.front.door.1 exterior d=722m dLast=723m at=(-227.3,387.5) yaw=-24.53 err=0.00 gain=388.3 shuffles=0
  [trace] sheriff.front.door.1 exterior d=684m dLast=685m at=(-206.0,356.7) yaw=-24.53 err=0.00 gain=388.3 shuffles=0
  [trace] sheriff.front.door.1 exterior d=684m dLast=684m at=(-205.4,355.9) yaw=-24.53 err=0.00 gain=388.3 shuffles=0
  [trace] sheriff.front.door.1 exterior d=680m dLast=681m at=(-203.1,352.6) yaw=-24.53 err=0.00 gain=388.3 shuffles=0
  [trace] sheriff.front.door.1 exterior d=675m dLast=676m at=(-200.9,349.3) yaw=-24.53 err=0.00 gain=388.3 shuffles=0
  [trace] sheriff.front.door.1 exterior d=675m dLast=675m at=(-200.2,348.3) yaw=-24.53 err=0.00 gain=388.3 shuffles=0
  [trace] sheriff.front.door.1 exterior d=625m dLast=626m at=(-172.3,308.2) yaw=-24.53 err=0.00 gain=388.3 shuffles=0
  [trace] sheriff.front.door.1 exterior d=620m dLast=621m at=(-169.3,303.8) yaw=-24.53 err=0.00 gain=388.3 shuffles=0
  [trace] sheriff.front.door.1 exterior d=575m dLast=576m at=(-143.4,266.5) yaw=-24.53 err=0.00 gain=388.3 shuffles=0
  [trace] sheriff.front.door.1 exterior d=571m dLast=572m at=(-141.1,263.3) yaw=-24.53 err=0.00 gain=388.3 shuffles=0
  [trace] sheriff.front.door.1 exterior d=560m dLast=562m at=(-134.1,253.2) yaw=-24.53 err=0.00 gain=388.3 shuffles=0
  [trace] sheriff.front.door.1 exterior d=554m dLast=555m at=(-132.0,250.2) yaw=-24.53 err=0.00 gain=388.3 shuffles=0
  [trace] sheriff.front.door.1 exterior d=514m dLast=515m at=(-108.9,216.8) yaw=-24.53 err=0.00 gain=388.3 shuffles=0
  [trace] sheriff.front.door.1 exterior d=491m dLast=492m at=(-95.5,197.6) yaw=-24.53 err=0.00 gain=388.3 shuffles=0
  [trace] sheriff.front.door.1 exterior d=487m dLast=488m at=(-93.2,194.4) yaw=-24.53 err=0.00 gain=388.3 shuffles=0
  [trace] sheriff.front.door.1 exterior d=486m dLast=487m at=(-92.6,193.5) yaw=-24.53 err=0.00 gain=388.3 shuffles=0
  [trace] sheriff.front.door.1 exterior d=472m dLast=473m at=(-84.7,182.1) yaw=-24.53 err=0.00 gain=388.3 shuffles=0
  [trace] sheriff.front.door.1 exterior d=453m dLast=454m at=(-73.3,166.7) yaw=-24.53 err=-0.00 gain=388.3 shuffles=0
  [trace] sheriff.front.door.1 exterior d=426m dLast=427m at=(-58.2,145.0) yaw=-24.53 err=-0.00 gain=388.3 shuffles=0
  [trace] sheriff.front.door.1 exterior d=422m dLast=423m at=(-55.9,141.6) yaw=-24.53 err=-0.00 gain=388.3 shuffles=0
  [trace] sheriff.front.door.1 exterior d=417m dLast=418m at=(-53.0,137.5) yaw=-24.53 err=-0.00 gain=388.3 shuffles=0
  [trace] sheriff.front.door.1 exterior d=407m dLast=408m at=(-47.3,129.3) yaw=-24.53 err=-0.00 gain=388.3 shuffles=0
  [trace] sheriff.front.door.1 exterior d=406m dLast=407m at=(-46.7,128.5) yaw=-24.53 err=-0.00 gain=388.3 shuffles=0
  [trace] sheriff.front.door.1 exterior d=402m dLast=403m at=(-44.4,125.2) yaw=-24.53 err=-0.00 gain=388.3 shuffles=0
  [trace] sheriff.front.door.1 exterior d=367m dLast=368m at=(-24.4,96.3) yaw=-24.53 err=-0.00 gain=388.3 shuffles=0
  [trace] sheriff.front.door.1 exterior d=328m dLast=329m at=(-1.9,64.0) yaw=-24.53 err=-0.00 gain=388.3 shuffles=0
  [trace] sheriff.front.door.1 exterior d=322m dLast=324m at=(1.1,59.7) yaw=-24.53 err=-0.00 gain=388.3 shuffles=0
  [trace] sheriff.front.door.1 exterior d=320m dLast=321m at=(2.2,58.0) yaw=-24.53 err=-0.00 gain=388.3 shuffles=0
  [trace] sheriff.front.door.1 exterior d=312m dLast=313m at=(7.3,50.8) yaw=-24.53 err=-0.00 gain=388.3 shuffles=0
  [trace] sheriff.front.door.1 exterior d=297m dLast=299m at=(15.3,39.1) yaw=-24.53 err=-0.00 gain=388.3 shuffles=0
  [trace] sheriff.front.door.1 exterior d=294m dLast=295m at=(17.2,36.5) yaw=-24.53 err=-0.00 gain=388.3 shuffles=0
  [trace] sheriff.front.door.1 exterior d=283m dLast=284m at=(23.3,27.7) yaw=-24.53 err=-0.00 gain=388.3 shuffles=0
  [trace] sheriff.front.door.1 exterior d=238m dLast=238m at=(49.5,-10.1) yaw=-24.53 err=-0.00 gain=388.3 shuffles=0
  [trace] sheriff.front.door.1 exterior d=225m dLast=226m at=(56.8,-20.5) yaw=-24.53 err=-0.00 gain=388.3 shuffles=0
  [trace] sheriff.front.door.1 exterior d=177m dLast=178m at=(83.9,-59.7) yaw=-24.53 err=0.00 gain=388.3 shuffles=0
  [trace] sheriff.front.door.1 exterior d=173m dLast=174m at=(86.5,-63.4) yaw=-24.53 err=0.00 gain=388.3 shuffles=0
  [trace] sheriff.front.door.1 exterior d=158m dLast=159m at=(94.7,-75.4) yaw=-24.53 err=0.00 gain=388.3 shuffles=0
  [trace] sheriff.front.door.1 exterior d=155m dLast=157m at=(96.4,-77.8) yaw=-24.53 err=0.00 gain=388.3 shuffles=0
  [trace] sheriff.front.door.1 exterior d=154m dLast=155m at=(97.0,-78.7) yaw=-24.53 err=0.00 gain=388.3 shuffles=0
  [trace] sheriff.front.door.1 exterior d=129m dLast=130m at=(111.0,-99.0) yaw=-24.53 err=0.00 gain=388.3 shuffles=0
  [trace] sheriff.front.door.1 exterior d=118m dLast=119m at=(117.3,-108.0) yaw=-24.53 err=0.00 gain=388.3 shuffles=0
  [trace] sheriff.front.door.1 exterior d=97m dLast=98m at=(129.5,-125.7) yaw=-24.53 err=0.00 gain=388.3 shuffles=0
  [trace] sheriff.front.door.1 exterior d=84m dLast=85m at=(137.0,-136.6) yaw=-24.53 err=0.00 gain=388.3 shuffles=0
  [trace] sheriff.front.door.1 exterior d=76m dLast=77m at=(141.1,-142.5) yaw=-24.53 err=0.00 gain=388.3 shuffles=0
  [trace] sheriff.front.door.1 exterior d=71m dLast=72m at=(144.3,-147.1) yaw=-24.53 err=0.00 gain=388.3 shuffles=0
  [trace] sheriff.front.door.1 exterior d=57m dLast=58m at=(152.3,-158.7) yaw=-24.53 err=0.00 gain=388.3 shuffles=0
  [trace] sheriff.front.door.1 exterior d=32m dLast=33m at=(166.0,-178.5) yaw=-24.53 err=0.00 gain=388.3 shuffles=0
  [trace] sheriff.front.door.1 exterior d=19m dLast=20m at=(171.5,-190.8) yaw=-24.39 err=0.00 gain=388.3 shuffles=0
  [trace] sheriff.front.door.1 exterior d=17m dLast=17m at=(174.3,-191.1) yaw=-24.48 err=-0.03 gain=388.3 shuffles=0
  [trace] sheriff.front.door.1 exterior d=16m dLast=17m at=(175.2,-191.0) yaw=-24.53 err=-0.02 gain=388.3 shuffles=0
  [trace] sheriff.front.door.1 exterior d=11m dLast=11m at=(179.7,-194.8) yaw=-24.68 err=-0.03 gain=388.3 shuffles=0
  [trace] sheriff.front.door.1 exterior d=11m dLast=10m at=(184.3,-194.1) yaw=-25.17 err=-0.04 gain=406.7 shuffles=2
  [trace] sheriff.front.door.1 exterior d=10m dLast=10m at=(182.2,-194.5) yaw=-24.95 err=-0.00 gain=411.9 shuffles=4
  [trace] sheriff.front.door.1 exterior d=11m dLast=12m at=(188.8,-195.1) yaw=-25.60 err=0.00 gain=414.0 shuffles=5
  [trace] sheriff.front.door.1 exterior d=2m dLast=2m at=(185.3,-204.1) yaw=-26.34 err=0.00 gain=411.8 shuffles=5
PASS  walk through sheriff.front.door.1

[door] sheriff.front.door.0 (1 m away)
PASS  walk through sheriff.front.door.0
  [trace] sheriff.front.door.0 exit d=3m dLast=Infinitym at=(183.7,-201.9) yaw=-22.91 err=-3.13 gain=335.0 shuffles=0

[door] hotel.front.door.1 (42 m away)
  [trace] hotel.front.door.1 exterior d=28m dLast=29m at=(198.1,-202.0) yaw=-23.43 err=0.00 gain=377.5 shuffles=0
  [trace] hotel.front.door.1 exterior d=13m dLast=14m at=(212.8,-200.0) yaw=-23.43 err=0.00 gain=377.5 shuffles=0
PASS  walk through hotel.front.door.1

[door] hotel.front.door.0 (1 m away)
PASS  walk through hotel.front.door.0
  [trace] hotel.front.door.0 exit d=3m dLast=3m at=(225.3,-196.3) yaw=-25.00 err=0.14 gain=390.9 shuffles=0

[door] store.front.door.1 (14 m away)
  [trace] store.front.door.1 exterior d=11m dLast=12m at=(229.2,-197.2) yaw=-23.47 err=0.00 gain=379.0 shuffles=0
PASS  walk through store.front.door.1

[door] store.front.door.0 (1 m away)
  [trace] store.front.door.0 through d=2m dLast=2m at=(239.3,-195.2) yaw=-21.97 err=1.01 gain=376.7 shuffles=0
  [trace] store.front.door.0 through d=2m dLast=2m at=(239.1,-193.5) yaw=-21.82 err=0.03 gain=388.9 shuffles=0
PASS  walk through store.front.door.0
  [trace] store.front.door.0 exit d=3m dLast=Infinitym at=(239.0,-193.4) yaw=-20.76 err=3.11 gain=335.0 shuffles=0

[door] church.front.door.1 (14 m away)
  [trace] church.front.door.1 exterior d=6m dLast=6m at=(248.3,-194.6) yaw=-17.19 err=0.00 gain=378.0 shuffles=0
  [trace] church.front.door.1 through d=3m dLast=4m at=(252.5,-192.5) yaw=-15.85 err=0.10 gain=379.3 shuffles=0
PASS  walk through church.front.door.1
  [trace] church.front.door.1 exit d=3m dLast=Infinitym at=(252.7,-191.4) yaw=-16.87 err=-2.82 gain=335.0 shuffles=0

[door] church.front.door.0 (1 m away)
PASS  walk through church.front.door.0

[door] saloon.front.door.1 (14 m away)
PASS  walk through saloon.front.door.1

[door] saloon.front.door.0 (1 m away)
PASS  walk through saloon.front.door.0

[door] timberCabin.front.door.2 (1751 m away)
  [trace] timberCabin.front.door.2 exterior d=1751m dLast=1751m at=(267.0,-191.4) yaw=-13.22 err=-0.00 gain=358.4 shuffles=0
  [trace] timberCabin.front.door.2 exterior d=1751m dLast=1751m at=(267.0,-191.4) yaw=-13.22 err=-0.00 gain=358.4 shuffles=0
  [trace] timberCabin.front.door.2 exterior d=1751m dLast=1751m at=(273.6,-199.2) yaw=-13.21 err=-0.14 gain=386.9 shuffles=1
  [trace] timberCabin.front.door.2 exterior d=1708m dLast=1709m at=(244.7,-229.1) yaw=-13.22 err=-0.00 gain=386.9 shuffles=1
  [trace] timberCabin.front.door.2 exterior d=1703m dLast=1704m at=(241.7,-233.1) yaw=-13.22 err=-0.00 gain=386.9 shuffles=1
  [trace] timberCabin.front.door.2 exterior d=1697m dLast=1697m at=(237.7,-238.2) yaw=-13.22 err=-0.00 gain=386.9 shuffles=1
  [trace] timberCabin.front.door.2 exterior d=1685m dLast=1685m at=(230.0,-248.2) yaw=-13.22 err=-0.00 gain=386.9 shuffles=1
  [trace] timberCabin.front.door.2 exterior d=1682m dLast=1682m at=(228.5,-250.2) yaw=-13.22 err=-0.00 gain=386.9 shuffles=1
  [trace] timberCabin.front.door.2 exterior d=1666m dLast=1667m at=(219.1,-262.3) yaw=-13.22 err=-0.00 gain=386.9 shuffles=1
  [trace] timberCabin.front.door.2 exterior d=1665m dLast=1665m at=(218.4,-263.2) yaw=-13.22 err=-0.00 gain=386.9 shuffles=1
  [trace] timberCabin.front.door.2 exterior d=1653m dLast=1653m at=(210.7,-273.1) yaw=-13.22 err=-0.00 gain=386.9 shuffles=1
  [trace] timberCabin.front.door.2 exterior d=1642m dLast=1643m at=(204.2,-281.6) yaw=-13.22 err=-0.00 gain=386.9 shuffles=1
  [trace] timberCabin.front.door.2 exterior d=1626m dLast=1627m at=(194.6,-294.0) yaw=-13.22 err=-0.00 gain=386.9 shuffles=1
  [trace] timberCabin.front.door.2 exterior d=1613m dLast=1614m at=(186.8,-304.1) yaw=-13.22 err=-0.00 gain=386.9 shuffles=1
  [trace] timberCabin.front.door.2 exterior d=1598m dLast=1598m at=(177.3,-316.5) yaw=-13.22 err=-0.00 gain=386.9 shuffles=1
  [trace] timberCabin.front.door.2 exterior d=1594m dLast=1594m at=(174.8,-319.7) yaw=-13.22 err=-0.00 gain=386.9 shuffles=1
  [trace] timberCabin.front.door.2 exterior d=1592m dLast=1593m at=(174.0,-320.6) yaw=-13.22 err=-0.00 gain=386.9 shuffles=1
  [trace] timberCabin.front.door.2 exterior d=1582m dLast=1582m at=(167.7,-328.9) yaw=-13.22 err=-0.00 gain=386.9 shuffles=1
  [trace] timberCabin.front.door.2 exterior d=1576m dLast=1576m at=(163.7,-334.0) yaw=-13.22 err=-0.00 gain=386.9 shuffles=1
  [trace] timberCabin.front.door.2 exterior d=1548m dLast=1549m at=(146.9,-355.7) yaw=-13.22 err=-0.00 gain=386.9 shuffles=1
  [trace] timberCabin.front.door.2 exterior d=1544m dLast=1545m at=(144.9,-358.4) yaw=-13.22 err=-0.00 gain=386.9 shuffles=1
  [trace] timberCabin.front.door.2 exterior d=1541m dLast=1541m at=(142.5,-361.5) yaw=-13.22 err=-0.00 gain=386.9 shuffles=1
  [trace] timberCabin.front.door.2 exterior d=1529m dLast=1529m at=(135.0,-371.2) yaw=-13.22 err=-0.00 gain=386.9 shuffles=1
  [trace] timberCabin.front.door.2 exterior d=1514m dLast=1515m at=(126.4,-382.3) yaw=-13.22 err=-0.00 gain=386.9 shuffles=1
  [trace] timberCabin.front.door.2 exterior d=1513m dLast=1514m at=(125.7,-383.3) yaw=-13.22 err=-0.00 gain=386.9 shuffles=1
  [trace] timberCabin.front.door.2 exterior d=1510m dLast=1510m at=(123.6,-386.0) yaw=-13.22 err=-0.00 gain=386.9 shuffles=1
  [trace] timberCabin.front.door.2 exterior d=1506m dLast=1507m at=(121.3,-388.9) yaw=-13.22 err=-0.00 gain=386.9 shuffles=1
  [trace] timberCabin.front.door.2 exterior d=1502m dLast=1503m at=(119.0,-391.9) yaw=-13.22 err=-0.00 gain=386.9 shuffles=1
  [trace] timberCabin.front.door.2 exterior d=1501m dLast=1502m at=(118.3,-392.8) yaw=-13.22 err=-0.00 gain=386.9 shuffles=1
  [trace] timberCabin.front.door.2 exterior d=1493m dLast=1494m at=(113.6,-398.9) yaw=-13.22 err=-0.00 gain=386.9 shuffles=1
  [trace] timberCabin.front.door.2 exterior d=1479m dLast=1479m at=(104.6,-410.5) yaw=-13.22 err=-0.00 gain=386.9 shuffles=1
  [trace] timberCabin.front.door.2 exterior d=1478m dLast=1479m at=(104.2,-411.0) yaw=-13.22 err=-0.00 gain=386.9 shuffles=1
  [trace] timberCabin.front.door.2 exterior d=1476m dLast=1477m at=(102.9,-412.7) yaw=-13.22 err=-0.00 gain=386.9 shuffles=1
  [trace] timberCabin.front.door.2 exterior d=1469m dLast=1470m at=(98.7,-418.2) yaw=-13.22 err=-0.00 gain=386.9 shuffles=1
  [trace] timberCabin.front.door.2 exterior d=1462m dLast=1463m at=(94.5,-423.6) yaw=-13.22 err=-0.00 gain=386.9 shuffles=1
  [trace] timberCabin.front.door.2 exterior d=1448m dLast=1448m at=(85.6,-435.2) yaw=-13.22 err=-0.00 gain=386.9 shuffles=1
  [trace] timberCabin.front.door.2 exterior d=1442m dLast=1443m at=(82.3,-439.5) yaw=-13.22 err=-0.00 gain=386.9 shuffles=1
  [trace] timberCabin.front.door.2 exterior d=1440m dLast=1440m at=(80.8,-441.4) yaw=-13.22 err=-0.00 gain=386.9 shuffles=1
  [trace] timberCabin.front.door.2 exterior d=1438m dLast=1439m at=(79.8,-442.6) yaw=-13.22 err=-0.00 gain=386.9 shuffles=1
  [trace] timberCabin.front.door.2 exterior d=1436m dLast=1437m at=(78.7,-444.1) yaw=-13.22 err=-0.00 gain=386.9 shuffles=1
  [trace] timberCabin.front.door.2 exterior d=1429m dLast=1430m at=(74.1,-450.1) yaw=-13.22 err=-0.00 gain=386.9 shuffles=1
  [trace] timberCabin.front.door.2 exterior d=1420m dLast=1421m at=(68.6,-457.2) yaw=-13.22 err=-0.00 gain=386.9 shuffles=1
  [trace] timberCabin.front.door.2 exterior d=1417m dLast=1418m at=(66.6,-459.7) yaw=-13.22 err=-0.00 gain=386.9 shuffles=1
  [trace] timberCabin.front.door.2 exterior d=1407m dLast=1407m at=(60.4,-467.8) yaw=-13.22 err=-0.00 gain=386.9 shuffles=1
  [trace] timberCabin.front.door.2 exterior d=1392m dLast=1392m at=(51.4,-479.4) yaw=-13.22 err=-0.00 gain=386.9 shuffles=1
  [trace] timberCabin.front.door.2 exterior d=1381m dLast=1381m at=(44.7,-488.1) yaw=-13.22 err=-0.00 gain=386.9 shuffles=1
  [trace] timberCabin.front.door.2 exterior d=1379m dLast=1379m at=(43.4,-489.8) yaw=-13.22 err=-0.00 gain=386.9 shuffles=1
  [trace] timberCabin.front.door.2 exterior d=1376m dLast=1377m at=(41.9,-491.8) yaw=-13.22 err=-0.00 gain=386.9 shuffles=1
  [trace] timberCabin.front.door.2 exterior d=1370m dLast=1371m at=(38.4,-496.3) yaw=-13.22 err=-0.00 gain=386.9 shuffles=1
  [trace] timberCabin.front.door.2 exterior d=1369m dLast=1370m at=(37.6,-497.3) yaw=-13.22 err=-0.00 gain=386.9 shuffles=1
  [trace] timberCabin.front.door.2 exterior d=1369m dLast=1369m at=(37.2,-497.8) yaw=-13.22 err=-0.00 gain=386.9 shuffles=1
  [trace] timberCabin.front.door.2 exterior d=1367m dLast=1367m at=(36.1,-499.2) yaw=-13.22 err=-0.00 gain=386.9 shuffles=1
  [trace] timberCabin.front.door.2 exterior d=1363m dLast=1364m at=(33.8,-502.2) yaw=-13.22 err=-0.00 gain=386.9 shuffles=1
  [trace] timberCabin.front.door.2 exterior d=1360m dLast=1361m at=(31.7,-505.0) yaw=-13.22 err=-0.00 gain=386.9 shuffles=1
  [trace] timberCabin.front.door.2 exterior d=1356m dLast=1357m at=(29.8,-507.4) yaw=-13.22 err=-0.00 gain=386.9 shuffles=1
  [trace] timberCabin.front.door.2 exterior d=1353m dLast=1354m at=(27.9,-509.9) yaw=-13.22 err=-0.00 gain=386.9 shuffles=1
  [trace] timberCabin.front.door.2 exterior d=1353m dLast=1353m at=(27.5,-510.4) yaw=-13.22 err=-0.00 gain=386.9 shuffles=1
  [trace] timberCabin.front.door.2 exterior d=1350m dLast=1351m at=(26.2,-512.1) yaw=-13.22 err=-0.00 gain=386.9 shuffles=1
  [trace] timberCabin.front.door.2 exterior d=1349m dLast=1350m at=(25.2,-513.3) yaw=-13.22 err=-0.00 gain=386.9 shuffles=1
  [trace] timberCabin.front.door.2 exterior d=1347m dLast=1347m at=(23.5,-515.6) yaw=-13.22 err=-0.00 gain=386.9 shuffles=1
  [trace] timberCabin.front.door.2 exterior d=1344m dLast=1345m at=(22.1,-517.3) yaw=-13.22 err=-0.00 gain=386.9 shuffles=1
  [trace] timberCabin.front.door.2 exterior d=1330m dLast=1331m at=(13.6,-528.4) yaw=-13.22 err=-0.00 gain=386.9 shuffles=1
  [trace] timberCabin.front.door.2 exterior d=1322m dLast=1323m at=(9.0,-534.3) yaw=-13.22 err=-0.00 gain=386.9 shuffles=1
  [trace] timberCabin.front.door.2 exterior d=1319m dLast=1320m at=(7.1,-536.8) yaw=-13.22 err=-0.00 gain=386.9 shuffles=1
  [trace] timberCabin.front.door.2 exterior d=1317m dLast=1317m at=(5.5,-538.8) yaw=-13.22 err=-0.00 gain=386.9 shuffles=1
  [trace] timberCabin.front.door.2 exterior d=1316m dLast=1317m at=(5.2,-539.3) yaw=-13.22 err=-0.00 gain=386.9 shuffles=1
  [trace] timberCabin.front.door.2 exterior d=1312m dLast=1313m at=(2.9,-542.3) yaw=-13.22 err=-0.00 gain=386.9 shuffles=1
  [trace] timberCabin.front.door.2 exterior d=1299m dLast=1299m at=(-5.5,-553.1) yaw=-13.22 err=-0.00 gain=386.9 shuffles=1
  [trace] timberCabin.front.door.2 exterior d=1293m dLast=1294m at=(-8.7,-557.3) yaw=-13.22 err=-0.00 gain=386.9 shuffles=1
  [trace] timberCabin.front.door.2 exterior d=1282m dLast=1283m at=(-15.2,-565.7) yaw=-13.22 err=-0.00 gain=386.9 shuffles=1
  [trace] timberCabin.front.door.2 exterior d=1281m dLast=1282m at=(-16.0,-566.7) yaw=-13.22 err=-0.00 gain=386.9 shuffles=1
  [trace] timberCabin.front.door.2 exterior d=1276m dLast=1276m at=(-19.5,-571.2) yaw=-13.22 err=-0.00 gain=386.9 shuffles=1
  [trace] timberCabin.front.door.2 exterior d=1275m dLast=1275m at=(-20.4,-572.4) yaw=-13.22 err=-0.00 gain=386.9 shuffles=1
  [trace] timberCabin.front.door.2 exterior d=1255m dLast=1255m at=(-32.4,-588.0) yaw=-13.22 err=-0.00 gain=386.9 shuffles=1
  [trace] timberCabin.front.door.2 exterior d=1251m dLast=1252m at=(-34.7,-590.9) yaw=-13.22 err=-0.00 gain=386.9 shuffles=1
  [trace] timberCabin.front.door.2 exterior d=1234m dLast=1235m at=(-45.0,-604.3) yaw=-13.22 err=-0.00 gain=386.9 shuffles=1
  [trace] timberCabin.front.door.2 exterior d=1224m dLast=1225m at=(-51.1,-612.2) yaw=-13.22 err=-0.00 gain=386.9 shuffles=1
  [trace] timberCabin.front.door.2 exterior d=1221m dLast=1222m at=(-53.0,-614.6) yaw=-13.22 err=-0.00 gain=386.9 shuffles=1
  [trace] timberCabin.front.door.2 exterior d=1213m dLast=1214m at=(-58.1,-621.2) yaw=-13.22 err=-0.00 gain=386.9 shuffles=1
  [trace] timberCabin.front.door.2 exterior d=1194m dLast=1194m at=(-69.7,-636.3) yaw=-13.22 err=-0.00 gain=386.9 shuffles=1
  [trace] timberCabin.front.door.2 exterior d=1170m dLast=1171m at=(-83.9,-654.7) yaw=-13.22 err=-0.00 gain=386.9 shuffles=1
  [trace] timberCabin.front.door.2 exterior d=1169m dLast=1169m at=(-84.7,-655.7) yaw=-13.22 err=-0.00 gain=386.9 shuffles=1
  [trace] timberCabin.front.door.2 exterior d=1139m dLast=1140m at=(-103.1,-679.5) yaw=-13.22 err=-0.00 gain=386.9 shuffles=1
  [trace] timberCabin.front.door.2 exterior d=1129m dLast=1130m at=(-109.2,-687.4) yaw=-13.22 err=-0.00 gain=386.9 shuffles=1
  [trace] timberCabin.front.door.2 exterior d=1128m dLast=1129m at=(-109.6,-687.9) yaw=-13.22 err=-0.00 gain=386.9 shuffles=1
  [trace] timberCabin.front.door.2 exterior d=1128m dLast=1128m at=(-110.0,-688.4) yaw=-13.22 err=-0.00 gain=386.9 shuffles=1
  [trace] timberCabin.front.door.2 exterior d=1117m dLast=1118m at=(-116.7,-697.0) yaw=-13.22 err=-0.00 gain=386.9 shuffles=1
  [trace] timberCabin.front.door.2 exterior d=1097m dLast=1098m at=(-128.7,-712.6) yaw=-13.22 err=-0.00 gain=386.9 shuffles=1
  [trace] timberCabin.front.door.2 exterior d=1085m dLast=1085m at=(-136.3,-722.5) yaw=-13.22 err=-0.00 gain=386.9 shuffles=1
  [trace] timberCabin.front.door.2 exterior d=1074m dLast=1075m at=(-142.8,-730.9) yaw=-13.22 err=-0.00 gain=386.9 shuffles=1
  [trace] timberCabin.front.door.2 exterior d=1073m dLast=1074m at=(-143.2,-731.4) yaw=-13.22 err=-0.00 gain=386.9 shuffles=1
  [trace] timberCabin.front.door.2 exterior d=1065m dLast=1066m at=(-148.4,-738.2) yaw=-13.22 err=-0.00 gain=386.9 shuffles=1
  [trace] timberCabin.front.door.2 exterior d=1062m dLast=1062m at=(-150.3,-740.6) yaw=-13.22 err=-0.00 gain=386.9 shuffles=1
  [trace] timberCabin.front.door.2 exterior d=1054m dLast=1055m at=(-155.1,-746.7) yaw=-13.22 err=-0.00 gain=386.9 shuffles=1
  [trace] timberCabin.front.door.2 exterior d=1041m dLast=1041m at=(-163.1,-757.1) yaw=-13.22 err=-0.00 gain=386.9 shuffles=1
  [trace] timberCabin.front.door.2 exterior d=1032m dLast=1033m at=(-168.1,-763.7) yaw=-13.22 err=-0.00 gain=386.9 shuffles=1
  [trace] timberCabin.front.door.2 exterior d=1032m dLast=1032m at=(-168.5,-764.2) yaw=-13.22 err=-0.00 gain=386.9 shuffles=1
  [trace] timberCabin.front.door.2 exterior d=1031m dLast=1032m at=(-168.9,-764.7) yaw=-13.22 err=-0.00 gain=386.9 shuffles=1
  [trace] timberCabin.front.door.2 exterior d=1030m dLast=1031m at=(-169.6,-765.6) yaw=-13.22 err=-0.00 gain=386.9 shuffles=1
  [trace] timberCabin.front.door.2 exterior d=1029m dLast=1030m at=(-170.4,-766.6) yaw=-13.22 err=-0.00 gain=386.9 shuffles=1
  [trace] timberCabin.front.door.2 exterior d=1028m dLast=1029m at=(-170.8,-767.1) yaw=-13.22 err=-0.00 gain=386.9 shuffles=1
  [trace] timberCabin.front.door.2 exterior d=1025m dLast=1026m at=(-172.9,-769.8) yaw=-13.22 err=-0.00 gain=386.9 shuffles=1
  [trace] timberCabin.front.door.2 exterior d=1023m dLast=1024m at=(-173.6,-770.8) yaw=-13.22 err=-0.00 gain=386.9 shuffles=1
  [trace] timberCabin.front.door.2 exterior d=1006m dLast=1006m at=(-184.5,-784.9) yaw=-13.22 err=-0.00 gain=386.9 shuffles=1
  [trace] timberCabin.front.door.2 exterior d=999m dLast=1000m at=(-188.5,-790.1) yaw=-13.22 err=-0.00 gain=386.9 shuffles=1
  [trace] timberCabin.front.door.2 exterior d=994m dLast=995m at=(-191.9,-794.4) yaw=-13.22 err=-0.00 gain=386.9 shuffles=1
  [trace] timberCabin.front.door.2 exterior d=969m dLast=970m at=(-207.0,-814.0) yaw=-13.22 err=-0.00 gain=386.9 shuffles=1
  [trace] timberCabin.front.door.2 exterior d=961m dLast=962m at=(-212.2,-820.7) yaw=-13.22 err=-0.00 gain=386.9 shuffles=1
  [trace] timberCabin.front.door.2 exterior d=930m dLast=931m at=(-230.9,-844.9) yaw=-13.22 err=-0.00 gain=386.9 shuffles=1
  [trace] timberCabin.front.door.2 exterior d=921m dLast=921m at=(-236.8,-852.6) yaw=-13.22 err=-0.00 gain=386.9 shuffles=1
  [trace] timberCabin.front.door.2 exterior d=912m dLast=912m at=(-242.2,-859.6) yaw=-13.22 err=-0.00 gain=386.9 shuffles=1
  [trace] timberCabin.front.door.2 exterior d=907m dLast=907m at=(-245.2,-863.4) yaw=-13.22 err=-0.00 gain=386.9 shuffles=1
  [trace] timberCabin.front.door.2 exterior d=906m dLast=907m at=(-245.5,-863.9) yaw=-13.22 err=-0.00 gain=386.9 shuffles=1
  [trace] timberCabin.front.door.2 exterior d=898m dLast=898m at=(-250.7,-870.5) yaw=-13.22 err=-0.00 gain=386.9 shuffles=1
  [trace] timberCabin.front.door.2 exterior d=884m dLast=884m at=(-259.3,-881.7) yaw=-13.22 err=-0.00 gain=386.9 shuffles=1
  [trace] timberCabin.front.door.2 exterior d=876m dLast=877m at=(-264.1,-888.0) yaw=-13.22 err=-0.00 gain=386.9 shuffles=1
  [trace] timberCabin.front.door.2 exterior d=868m dLast=868m at=(-269.1,-894.4) yaw=-13.22 err=-0.00 gain=386.9 shuffles=1
  [trace] timberCabin.front.door.2 exterior d=860m dLast=861m at=(-273.3,-899.8) yaw=-13.22 err=-0.00 gain=386.9 shuffles=1
  [trace] timberCabin.front.door.2 exterior d=858m dLast=859m at=(-275.0,-902.0) yaw=-13.22 err=-0.00 gain=386.9 shuffles=1
  [trace] timberCabin.front.door.2 exterior d=852m dLast=853m at=(-278.4,-906.5) yaw=-13.22 err=-0.00 gain=386.9 shuffles=1
  [trace] timberCabin.front.door.2 exterior d=851m dLast=852m at=(-279.2,-907.5) yaw=-13.22 err=-0.00 gain=386.9 shuffles=1
  [trace] timberCabin.front.door.2 exterior d=841m dLast=841m at=(-285.5,-915.6) yaw=-13.22 err=-0.00 gain=386.9 shuffles=1
  [trace] timberCabin.front.door.2 exterior d=828m dLast=828m at=(-293.5,-926.0) yaw=-13.22 err=-0.00 gain=386.9 shuffles=1
  [trace] timberCabin.front.door.2 exterior d=825m dLast=826m at=(-295.1,-928.1) yaw=-13.22 err=-0.00 gain=386.9 shuffles=1
  [trace] timberCabin.front.door.2 exterior d=824m dLast=824m at=(-295.7,-928.8) yaw=-13.22 err=-0.00 gain=386.9 shuffles=1
  [trace] timberCabin.front.door.2 exterior d=821m dLast=821m at=(-297.6,-931.3) yaw=-13.22 err=-0.00 gain=386.9 shuffles=1
  [trace] timberCabin.front.door.2 exterior d=801m dLast=802m at=(-309.4,-946.7) yaw=-13.22 err=-0.00 gain=386.9 shuffles=1
  [trace] timberCabin.front.door.2 exterior d=800m dLast=801m at=(-310.4,-947.9) yaw=-13.22 err=-0.00 gain=386.9 shuffles=1
  [trace] timberCabin.front.door.2 exterior d=788m dLast=789m at=(-317.7,-957.3) yaw=-13.22 err=-0.00 gain=386.9 shuffles=1
  [trace] timberCabin.front.door.2 exterior d=787m dLast=788m at=(-317.8,-957.5) yaw=-13.22 err=-0.00 gain=386.9 shuffles=1
  [trace] timberCabin.front.door.2 exterior d=785m dLast=786m at=(-319.5,-959.7) yaw=-13.22 err=-0.00 gain=386.9 shuffles=1
  [trace] timberCabin.front.door.2 exterior d=780m dLast=781m at=(-322.4,-963.5) yaw=-13.22 err=-0.00 gain=386.9 shuffles=1
  [trace] timberCabin.front.door.2 exterior d=776m dLast=776m at=(-325.1,-966.9) yaw=-13.22 err=-0.00 gain=386.9 shuffles=1
  [trace] timberCabin.front.door.2 exterior d=772m dLast=772m at=(-327.6,-970.1) yaw=-13.22 err=-0.00 gain=386.9 shuffles=1
  [trace] timberCabin.front.door.2 exterior d=771m dLast=772m at=(-327.9,-970.6) yaw=-13.22 err=-0.00 gain=386.9 shuffles=1
  [trace] timberCabin.front.door.2 exterior d=771m dLast=771m at=(-328.5,-971.3) yaw=-13.22 err=-0.00 gain=386.9 shuffles=1
  [trace] timberCabin.front.door.2 exterior d=767m dLast=768m at=(-330.1,-973.4) yaw=-13.22 err=-0.00 gain=386.9 shuffles=1
  [trace] timberCabin.front.door.2 exterior d=757m dLast=757m at=(-336.7,-982.0) yaw=-13.22 err=-0.00 gain=386.9 shuffles=1
  [trace] timberCabin.front.door.2 exterior d=742m dLast=743m at=(-345.9,-993.8) yaw=-13.22 err=-0.00 gain=386.9 shuffles=1
  [trace] timberCabin.front.door.2 exterior d=741m dLast=742m at=(-346.6,-994.8) yaw=-13.22 err=-0.00 gain=386.9 shuffles=1
  [trace] timberCabin.front.door.2 exterior d=733m dLast=734m at=(-351.2,-1000.7) yaw=-13.22 err=-0.00 gain=386.9 shuffles=1
  [trace] timberCabin.front.door.2 exterior d=723m dLast=723m at=(-357.5,-1008.9) yaw=-13.22 err=-0.00 gain=386.9 shuffles=1
  [trace] timberCabin.front.door.2 exterior d=719m dLast=720m at=(-359.8,-1011.8) yaw=-13.22 err=-0.00 gain=386.9 shuffles=1
  [trace] timberCabin.front.door.2 exterior d=710m dLast=710m at=(-365.5,-1019.3) yaw=-13.22 err=-0.00 gain=386.9 shuffles=1
  [trace] timberCabin.front.door.2 exterior d=709m dLast=709m at=(-366.3,-1020.2) yaw=-13.22 err=-0.00 gain=386.9 shuffles=1
nav route for timberCabin.front.door.2 exterior via Timber camps: 67 hops, 1510 m (straight-line from here: 693 m)
  [trace] timberCabin.front.door.2 approach wp0/66 (road) d=211m dLast=211m at=(-361.8,-1039.3) yaw=-11.40 err=0.00 gain=377.2 shuffles=0
  [trace] timberCabin.front.door.2 approach wp0/66 (road) d=195m dLast=196m at=(-347.8,-1045.4) yaw=-11.40 err=0.00 gain=377.2 shuffles=0
  [trace] timberCabin.front.door.2 approach wp0/66 (road) d=177m dLast=178m at=(-331.3,-1052.5) yaw=-11.40 err=0.00 gain=377.2 shuffles=0
  [trace] timberCabin.front.door.2 approach wp0/66 (road) d=149m dLast=150m at=(-305.0,-1063.8) yaw=-11.40 err=0.00 gain=377.2 shuffles=0
  [trace] timberCabin.front.door.2 approach wp0/66 (road) d=142m dLast=143m at=(-299.1,-1066.3) yaw=-11.40 err=0.00 gain=377.2 shuffles=0
  [trace] timberCabin.front.door.2 approach wp0/66 (road) d=132m dLast=133m at=(-289.2,-1070.6) yaw=-11.40 err=0.00 gain=377.2 shuffles=0
  [trace] timberCabin.front.door.2 approach wp0/66 (road) d=128m dLast=129m at=(-286.1,-1071.9) yaw=-11.40 err=0.00 gain=377.2 shuffles=0
  [trace] timberCabin.front.door.2 approach wp0/66 (road) d=98m dLast=99m at=(-258.1,-1084.0) yaw=-11.40 err=0.00 gain=377.2 shuffles=0
  [trace] timberCabin.front.door.2 approach wp0/66 (road) d=69m dLast=70m at=(-232.1,-1095.2) yaw=-11.40 err=0.00 gain=377.2 shuffles=0
  [trace] timberCabin.front.door.2 approach wp0/66 (road) d=62m dLast=62m at=(-225.2,-1098.2) yaw=-11.40 err=0.00 gain=377.2 shuffles=0
  [trace] timberCabin.front.door.2 approach wp0/66 (road) d=60m dLast=61m at=(-223.7,-1098.8) yaw=-11.40 err=0.00 gain=377.2 shuffles=0
  [trace] timberCabin.front.door.2 approach wp0/66 (road) d=56m dLast=57m at=(-219.7,-1100.5) yaw=-11.40 err=0.00 gain=377.2 shuffles=0
  [trace] timberCabin.front.door.2 approach wp0/66 (road) d=53m dLast=54m at=(-216.5,-1101.9) yaw=-11.40 err=0.00 gain=377.2 shuffles=0
  [trace] timberCabin.front.door.2 approach wp0/66 (road) d=36m dLast=36m at=(-201.4,-1108.3) yaw=-11.40 err=0.00 gain=377.2 shuffles=0
  [trace] timberCabin.front.door.2 approach wp0/66 (road) d=30m dLast=30m at=(-196.0,-1110.7) yaw=-11.40 err=0.00 gain=377.2 shuffles=0
  [trace] timberCabin.front.door.2 approach wp0/66 (road) d=25m dLast=25m at=(-191.3,-1112.7) yaw=-11.40 err=0.00 gain=377.2 shuffles=0
  [trace] timberCabin.front.door.2 approach wp1/66 (road) d=28m dLast=28m at=(-181.4,-1118.0) yaw=-12.37 err=-0.29 gain=358.9 shuffles=0
  [trace] timberCabin.front.door.2 approach wp1/66 (road) d=21m dLast=21m at=(-180.5,-1124.2) yaw=-12.43 err=-0.00 gain=371.8 shuffles=0
  [trace] timberCabin.front.door.2 approach wp1/66 (road) d=9m dLast=10m at=(-179.0,-1135.4) yaw=-12.43 err=-0.00 gain=371.8 shuffles=0
  [trace] timberCabin.front.door.2 approach wp2/66 (road) d=30m dLast=30m at=(-178.7,-1137.7) yaw=-12.84 err=-0.00 gain=357.0 shuffles=0
  [trace] timberCabin.front.door.2 approach wp2/66 (road) d=30m dLast=30m at=(-175.5,-1139.9) yaw=-12.94 err=-0.17 gain=386.6 shuffles=1
  [trace] timberCabin.front.door.2 approach wp2/66 (road) d=27m dLast=28m at=(-176.3,-1141.8) yaw=-12.96 err=-0.00 gain=386.6 shuffles=1
  [trace] timberCabin.front.door.2 approach wp2/66 (road) d=22m dLast=22m at=(-178.5,-1147.0) yaw=-12.96 err=-0.00 gain=386.6 shuffles=1
  [trace] timberCabin.front.door.2 approach wp3/66 (road) d=31m dLast=31m at=(-184.1,-1160.5) yaw=-12.95 err=0.00 gain=300.0 shuffles=0
  [trace] timberCabin.front.door.2 approach wp3/66 (road) d=31m dLast=31m at=(-184.1,-1160.5) yaw=-12.95 err=0.00 gain=300.0 shuffles=0
  [trace] timberCabin.front.door.2 approach wp3/66 (road) d=31m dLast=31m at=(-184.1,-1160.5) yaw=-12.95 err=0.00 gain=300.0 shuffles=0
  [trace] timberCabin.front.door.2 approach wp3/66 (road) d=31m dLast=31m at=(-184.1,-1160.5) yaw=-12.95 err=0.00 gain=300.0 shuffles=0
  [trace] timberCabin.front.door.2 approach wp3/66 (road) d=30m dLast=31m at=(-181.5,-1164.0) yaw=-13.07 err=-0.07 gain=373.0 shuffles=1
  [trace] timberCabin.front.door.2 approach wp3/66 (road) d=29m dLast=30m at=(-182.1,-1165.1) yaw=-13.08 err=-0.01 gain=373.0 shuffles=1
  [trace] timberCabin.front.door.2 approach wp3/66 (road) d=22m dLast=22m at=(-185.1,-1170.4) yaw=-13.08 err=0.00 gain=373.0 shuffles=1
  [trace] timberCabin.front.door.2 approach wp3/66 (road) d=18m dLast=18m at=(-187.0,-1173.7) yaw=-13.08 err=0.00 gain=373.0 shuffles=1
  [trace] timberCabin.front.door.2 approach wp3/66 (road) d=16m dLast=16m at=(-188.1,-1175.6) yaw=-13.08 err=0.00 gain=373.0 shuffles=1
  [trace] timberCabin.front.door.2 approach wp3/66 (road) d=12m dLast=12m at=(-190.0,-1179.0) yaw=-13.08 err=0.00 gain=373.0 shuffles=1
  [trace] timberCabin.front.door.2 approach wp4/66 (road) d=27m dLast=28m at=(-190.7,-1187.9) yaw=-13.10 err=-0.00 gain=376.4 shuffles=1
  [trace] timberCabin.front.door.2 approach wp4/66 (road) d=23m dLast=23m at=(-193.1,-1192.0) yaw=-13.10 err=-0.00 gain=376.4 shuffles=1
  [trace] timberCabin.front.door.2 approach wp4/66 (road) d=12m dLast=12m at=(-198.6,-1201.3) yaw=-13.11 err=0.00 gain=376.4 shuffles=1
  [trace] timberCabin.front.door.2 approach wp5/66 (road) d=25m dLast=25m at=(-200.9,-1212.2) yaw=-13.10 err=0.00 gain=377.0 shuffles=1
  [trace] timberCabin.front.door.2 approach wp5/66 (road) d=24m dLast=24m at=(-201.5,-1213.2) yaw=-13.10 err=0.00 gain=377.0 shuffles=1
  [trace] timberCabin.front.door.2 approach wp5/66 (road) d=23m dLast=24m at=(-201.7,-1213.5) yaw=-13.10 err=0.00 gain=377.0 shuffles=1
  [trace] timberCabin.front.door.2 approach wp5/66 (road) d=23m dLast=23m at=(-201.9,-1213.8) yaw=-13.10 err=0.00 gain=377.0 shuffles=1
  [trace] timberCabin.front.door.2 approach wp5/66 (road) d=15m dLast=15m at=(-205.9,-1220.7) yaw=-13.10 err=0.00 gain=377.0 shuffles=1
  [trace] timberCabin.front.door.2 approach wp5/66 (road) d=14m dLast=14m at=(-206.6,-1221.9) yaw=-13.10 err=0.00 gain=377.0 shuffles=1
  [trace] timberCabin.front.door.2 approach wp5/66 (road) d=12m dLast=12m at=(-207.6,-1223.5) yaw=-13.10 err=0.00 gain=377.0 shuffles=1
  [trace] timberCabin.front.door.2 approach wp6/66 (road) d=31m dLast=31m at=(-210.0,-1227.6) yaw=-12.98 err=0.00 gain=336.0 shuffles=0
  [trace] timberCabin.front.door.2 approach wp6/66 (road) d=31m dLast=31m at=(-210.0,-1227.6) yaw=-12.98 err=0.00 gain=336.0 shuffles=0
  [trace] timberCabin.front.door.2 approach wp6/66 (road) d=26m dLast=26m at=(-209.3,-1233.7) yaw=-13.10 err=0.00 gain=376.9 shuffles=1
  [trace] timberCabin.front.door.2 approach wp6/66 (road) d=16m dLast=17m at=(-214.1,-1241.8) yaw=-13.10 err=0.00 gain=376.9 shuffles=1
  [trace] timberCabin.front.door.2 approach wp6/66 (road) d=13m dLast=13m at=(-215.9,-1244.8) yaw=-13.10 err=0.00 gain=376.9 shuffles=1
  [trace] timberCabin.front.door.2 approach wp6/66 (road) d=12m dLast=12m at=(-216.2,-1245.4) yaw=-13.10 err=0.00 gain=376.9 shuffles=1
  [trace] timberCabin.front.door.2 approach wp7/66 (road) d=31m dLast=31m at=(-218.7,-1249.6) yaw=-12.98 err=0.00 gain=336.9 shuffles=0
  [trace] timberCabin.front.door.2 approach wp7/66 (road) d=29m dLast=31m at=(-216.1,-1253.6) yaw=-13.12 err=-0.03 gain=377.5 shuffles=1
  [trace] timberCabin.front.door.2 approach wp7/66 (road) d=27m dLast=27m at=(-217.1,-1255.2) yaw=-13.12 err=-0.00 gain=377.5 shuffles=1
  [trace] timberCabin.front.door.2 approach wp7/66 (road) d=26m dLast=26m at=(-217.5,-1255.9) yaw=-13.12 err=-0.00 gain=377.5 shuffles=1
  [trace] timberCabin.front.door.2 approach wp7/66 (road) d=23m dLast=24m at=(-219.1,-1258.4) yaw=-13.12 err=-0.00 gain=377.5 shuffles=1
  [trace] timberCabin.front.door.2 approach wp7/66 (road) d=21m dLast=22m at=(-220.0,-1260.0) yaw=-13.12 err=-0.00 gain=377.5 shuffles=1
  [trace] timberCabin.front.door.2 approach wp7/66 (road) d=15m dLast=15m at=(-223.6,-1265.7) yaw=-13.13 err=0.00 gain=377.5 shuffles=1
  [trace] timberCabin.front.door.2 approach wp7/66 (road) d=10m dLast=10m at=(-226.2,-1269.9) yaw=-13.12 err=0.00 gain=377.5 shuffles=1
  [trace] timberCabin.front.door.2 approach wp8/66 (road) d=31m dLast=31m at=(-227.5,-1272.0) yaw=-12.99 err=0.00 gain=336.0 shuffles=0
  [trace] timberCabin.front.door.2 approach wp8/66 (road) d=27m dLast=27m at=(-226.7,-1277.4) yaw=-13.09 err=-0.00 gain=376.6 shuffles=1
  [trace] timberCabin.front.door.2 approach wp8/66 (road) d=12m dLast=12m at=(-234.2,-1290.0) yaw=-13.10 err=0.00 gain=376.6 shuffles=1
  [trace] timberCabin.front.door.2 approach wp9/66 (road) d=19m dLast=19m at=(-234.4,-1304.6) yaw=-12.67 err=-0.00 gain=387.3 shuffles=1
  [trace] timberCabin.front.door.2 approach wp9/66 (road) d=18m dLast=19m at=(-234.5,-1305.0) yaw=-12.67 err=-0.00 gain=387.3 shuffles=1
  [trace] timberCabin.front.door.2 approach wp9/66 (road) d=10m dLast=10m at=(-235.4,-1313.5) yaw=-12.67 err=-0.00 gain=387.3 shuffles=1
  [trace] timberCabin.front.door.2 approach wp10/66 (road) d=30m dLast=Infinitym at=(-235.7,-1316.1) yaw=-12.53 err=0.21 gain=336.0 shuffles=0
  [trace] timberCabin.front.door.2 approach wp10/66 (road) d=30m dLast=30m at=(-235.7,-1316.1) yaw=-12.47 err=0.00 gain=364.8 shuffles=0
  [trace] timberCabin.front.door.2 approach wp10/66 (road) d=30m dLast=30m at=(-232.3,-1315.6) yaw=-12.44 err=-1.15 gain=380.1 shuffles=1
  [trace] timberCabin.front.door.2 approach wp10/66 (road) d=25m dLast=27m at=(-232.2,-1320.4) yaw=-12.59 err=-0.00 gain=389.7 shuffles=1
  [trace] timberCabin.front.door.2 approach wp10/66 (road) d=25m dLast=25m at=(-232.2,-1320.8) yaw=-12.59 err=-0.00 gain=389.7 shuffles=1
  [trace] timberCabin.front.door.2 approach wp10/66 (road) d=14m dLast=14m at=(-232.5,-1332.4) yaw=-12.59 err=-0.00 gain=389.7 shuffles=1
  [trace] timberCabin.front.door.2 approach wp10/66 (road) d=13m dLast=14m at=(-232.5,-1332.7) yaw=-12.59 err=-0.00 gain=389.7 shuffles=1
  [trace] timberCabin.front.door.2 approach wp10/66 (road) d=13m dLast=13m at=(-232.5,-1333.0) yaw=-12.59 err=-0.00 gain=389.7 shuffles=1
  [trace] timberCabin.front.door.2 approach wp10/66 (road) d=8m dLast=9m at=(-232.6,-1337.6) yaw=-12.59 err=-0.00 gain=389.7 shuffles=1
  [trace] timberCabin.front.door.2 approach wp11/66 (road) d=20m dLast=20m at=(-228.9,-1348.9) yaw=-12.58 err=0.00 gain=377.0 shuffles=1
  [trace] timberCabin.front.door.2 approach wp11/66 (road) d=11m dLast=12m at=(-229.0,-1357.2) yaw=-12.58 err=0.00 gain=377.0 shuffles=1
  [trace] timberCabin.front.door.2 approach wp11/66 (road) d=10m dLast=10m at=(-229.0,-1358.4) yaw=-12.58 err=0.00 gain=377.0 shuffles=1
  [trace] timberCabin.front.door.2 approach wp11/66 (road) d=8m dLast=9m at=(-229.0,-1360.3) yaw=-12.58 err=0.00 gain=377.0 shuffles=1
  [trace] timberCabin.front.door.2 approach wp12/66 (road) d=30m dLast=30m at=(-225.2,-1362.0) yaw=-12.54 err=-0.22 gain=375.7 shuffles=1
  [trace] timberCabin.front.door.2 approach wp12/66 (road) d=8m dLast=9m at=(-225.4,-1383.1) yaw=-12.58 err=0.00 gain=375.7 shuffles=1
  [trace] timberCabin.front.door.2 approach wp13/66 (road) d=30m dLast=30m at=(-225.4,-1384.3) yaw=-12.45 err=0.00 gain=335.9 shuffles=0
  [trace] timberCabin.front.door.2 approach wp13/66 (road) d=30m dLast=30m at=(-225.4,-1384.3) yaw=-12.45 err=0.00 gain=335.9 shuffles=0
  [trace] timberCabin.front.door.2 approach wp13/66 (road) d=30m dLast=30m at=(-221.5,-1384.0) yaw=-12.35 err=-1.16 gain=359.9 shuffles=1
  [trace] timberCabin.front.door.2 approach wp13/66 (road) d=30m dLast=30m at=(-221.4,-1385.1) yaw=-12.55 err=-0.22 gain=376.3 shuffles=1
  [trace] timberCabin.front.door.2 approach wp13/66 (road) d=24m dLast=25m at=(-221.5,-1389.7) yaw=-12.58 err=0.00 gain=376.3 shuffles=1
  [trace] timberCabin.front.door.2 approach wp13/66 (road) d=23m dLast=23m at=(-221.5,-1391.0) yaw=-12.58 err=0.00 gain=376.3 shuffles=1
  [trace] timberCabin.front.door.2 approach wp13/66 (road) d=23m dLast=23m at=(-221.5,-1391.4) yaw=-12.58 err=0.00 gain=376.3 shuffles=1
  [trace] timberCabin.front.door.2 approach wp13/66 (road) d=12m dLast=13m at=(-221.7,-1401.5) yaw=-12.58 err=0.00 gain=376.3 shuffles=1
  [trace] timberCabin.front.door.2 approach wp14/66 (road) d=30m dLast=30m at=(-221.7,-1406.7) yaw=-12.45 err=0.00 gain=335.2 shuffles=0
  [trace] timberCabin.front.door.2 approach wp14/66 (road) d=22m dLast=22m at=(-218.1,-1414.8) yaw=-12.57 err=0.00 gain=376.3 shuffles=1
  [trace] timberCabin.front.door.2 approach wp14/66 (road) d=17m dLast=17m at=(-218.1,-1419.7) yaw=-12.57 err=0.00 gain=376.3 shuffles=1
  [trace] timberCabin.front.door.2 approach wp14/66 (road) d=13m dLast=14m at=(-218.1,-1423.3) yaw=-12.57 err=0.00 gain=376.3 shuffles=1
  [trace] timberCabin.front.door.2 approach wp14/66 (road) d=11m dLast=12m at=(-218.2,-1425.8) yaw=-12.57 err=0.00 gain=376.3 shuffles=1
  [trace] timberCabin.front.door.2 approach wp15/66 (road) d=26m dLast=27m at=(-214.3,-1433.0) yaw=-12.57 err=-0.00 gain=377.6 shuffles=1
  [trace] timberCabin.front.door.2 approach wp15/66 (road) d=12m dLast=13m at=(-214.5,-1449.2) yaw=-12.58 err=0.00 gain=377.6 shuffles=1
  [trace] timberCabin.front.door.2 approach wp16/66 (road) d=30m dLast=30m at=(-214.5,-1452.3) yaw=-12.45 err=0.00 gain=335.4 shuffles=0
  [trace] timberCabin.front.door.2 approach wp16/66 (road) d=30m dLast=30m at=(-214.5,-1452.3) yaw=-12.45 err=0.00 gain=335.4 shuffles=0
  [trace] timberCabin.front.door.2 approach wp16/66 (road) d=30m dLast=30m at=(-209.0,-1452.8) yaw=-12.60 err=-0.24 gain=375.7 shuffles=1
  [trace] timberCabin.front.door.2 approach wp16/66 (road) d=24m dLast=25m at=(-209.3,-1458.0) yaw=-12.63 err=-0.00 gain=375.7 shuffles=1
  [trace] timberCabin.front.door.2 approach wp16/66 (road) d=23m dLast=24m at=(-209.4,-1459.3) yaw=-12.63 err=-0.00 gain=375.7 shuffles=1
  [trace] timberCabin.front.door.2 approach wp16/66 (road) d=17m dLast=18m at=(-209.8,-1465.4) yaw=-12.64 err=0.00 gain=375.7 shuffles=1
  [trace] timberCabin.front.door.2 approach wp16/66 (road) d=15m dLast=16m at=(-209.9,-1467.5) yaw=-12.63 err=0.00 gain=375.7 shuffles=1
  [trace] timberCabin.front.door.2 approach wp17/66 (road) d=30m dLast=30m at=(-210.5,-1474.9) yaw=-12.47 err=0.05 gain=335.6 shuffles=0
  [trace] timberCabin.front.door.2 approach wp17/66 (road) d=30m dLast=30m at=(-210.5,-1474.9) yaw=-12.46 err=0.00 gain=335.6 shuffles=0
  [trace] timberCabin.front.door.2 approach wp17/66 (road) d=25m dLast=26m at=(-205.4,-1479.7) yaw=-12.64 err=0.00 gain=376.5 shuffles=1
  [trace] timberCabin.front.door.2 approach wp17/66 (road) d=17m dLast=17m at=(-206.1,-1488.6) yaw=-12.64 err=0.00 gain=376.5 shuffles=1
  [trace] timberCabin.front.door.2 approach wp17/66 (road) d=14m dLast=15m at=(-206.3,-1491.1) yaw=-12.64 err=0.00 gain=376.5 shuffles=1
  [trace] timberCabin.front.door.2 approach wp17/66 (road) d=11m dLast=11m at=(-206.5,-1494.6) yaw=-12.64 err=0.00 gain=376.5 shuffles=1
  [trace] timberCabin.front.door.2 approach wp18/66 (road) d=30m dLast=30m at=(-206.8,-1497.6) yaw=-12.46 err=0.00 gain=364.4 shuffles=0
  [trace] timberCabin.front.door.2 approach wp18/66 (road) d=30m dLast=30m at=(-206.8,-1497.6) yaw=-12.46 err=0.00 gain=364.4 shuffles=0
  [trace] timberCabin.front.door.2 approach wp18/66 (road) d=30m dLast=30m at=(-206.8,-1497.6) yaw=-12.46 err=0.00 gain=364.4 shuffles=0
  [trace] timberCabin.front.door.2 approach wp18/66 (road) d=22m dLast=23m at=(-201.9,-1505.7) yaw=-12.64 err=-0.00 gain=389.2 shuffles=1
  [trace] timberCabin.front.door.2 approach wp18/66 (road) d=11m dLast=12m at=(-202.8,-1516.3) yaw=-12.64 err=-0.00 gain=389.2 shuffles=1
  [trace] timberCabin.front.door.2 approach wp18/66 (road) d=8m dLast=9m at=(-203.0,-1519.6) yaw=-12.65 err=0.00 gain=389.2 shuffles=1
  [trace] timberCabin.front.door.2 approach wp18/66 (road) d=8m dLast=8m at=(-203.1,-1520.6) yaw=-12.65 err=0.00 gain=389.2 shuffles=1
  [trace] timberCabin.front.door.2 approach wp19/66 (road) d=29m dLast=29m at=(-203.1,-1520.7) yaw=-12.46 err=0.00 gain=367.0 shuffles=0
  [trace] timberCabin.front.door.2 approach wp19/66 (road) d=29m dLast=29m at=(-203.1,-1520.7) yaw=-12.46 err=0.00 gain=367.0 shuffles=0
  [trace] timberCabin.front.door.2 approach wp19/66 (road) d=29m dLast=29m at=(-203.1,-1520.7) yaw=-12.46 err=0.00 gain=367.0 shuffles=0
  [trace] timberCabin.front.door.2 approach wp19/66 (road) d=29m dLast=29m at=(-203.1,-1520.7) yaw=-12.46 err=0.00 gain=367.0 shuffles=0
  [trace] timberCabin.front.door.2 approach wp19/66 (road) d=25m dLast=26m at=(-198.0,-1525.2) yaw=-12.65 err=0.00 gain=391.7 shuffles=1
  [trace] timberCabin.front.door.2 approach wp19/66 (road) d=25m dLast=25m at=(-198.0,-1525.8) yaw=-12.65 err=0.00 gain=391.7 shuffles=1
  [trace] timberCabin.front.door.2 approach wp19/66 (road) d=21m dLast=22m at=(-198.3,-1529.3) yaw=-12.65 err=0.00 gain=391.7 shuffles=1
  [trace] timberCabin.front.door.2 approach wp19/66 (road) d=14m dLast=15m at=(-198.9,-1536.2) yaw=-12.65 err=0.00 gain=391.7 shuffles=1
  [trace] timberCabin.front.door.2 approach wp19/66 (road) d=10m dLast=11m at=(-199.2,-1540.1) yaw=-12.65 err=0.00 gain=391.7 shuffles=1
  [trace] timberCabin.front.door.2 approach wp21/66 (road) d=52m dLast=52m at=(-199.5,-1543.5) yaw=-12.44 err=0.00 gain=360.0 shuffles=0
  [trace] timberCabin.front.door.2 approach wp21/66 (road) d=38m dLast=38m at=(-190.6,-1558.5) yaw=-12.62 err=-0.00 gain=388.2 shuffles=1
  [trace] timberCabin.front.door.2 approach wp21/66 (road) d=36m dLast=37m at=(-190.7,-1559.8) yaw=-12.62 err=-0.00 gain=388.2 shuffles=1
  [trace] timberCabin.front.door.2 approach wp21/66 (road) d=34m dLast=35m at=(-190.8,-1562.1) yaw=-12.62 err=-0.00 gain=388.2 shuffles=1
  [trace] timberCabin.front.door.2 approach wp21/66 (road) d=12m dLast=12m at=(-192.1,-1584.3) yaw=-12.62 err=-0.00 gain=388.2 shuffles=1
  [trace] timberCabin.front.door.2 approach wp21/66 (road) d=8m dLast=8m at=(-192.3,-1588.5) yaw=-12.62 err=-0.00 gain=388.2 shuffles=1
  [trace] timberCabin.front.door.2 approach wp23/66 (road) d=52m dLast=52m at=(-192.4,-1589.0) yaw=-12.44 err=0.00 gain=365.8 shuffles=0
  [trace] timberCabin.front.door.2 approach wp23/66 (road) d=53m dLast=53m at=(-182.6,-1589.5) yaw=-12.61 err=-0.16 gain=390.7 shuffles=1
  [trace] timberCabin.front.door.2 approach wp23/66 (road) d=30m dLast=30m at=(-183.9,-1611.7) yaw=-12.62 err=0.00 gain=390.7 shuffles=1
  [trace] timberCabin.front.door.2 approach wp23/66 (road) d=11m dLast=12m at=(-184.9,-1630.6) yaw=-12.62 err=0.00 gain=390.7 shuffles=1
  [trace] timberCabin.front.door.2 approach wp23/66 (road) d=10m dLast=11m at=(-184.9,-1631.2) yaw=-12.62 err=0.00 gain=390.7 shuffles=1
  [trace] timberCabin.front.door.2 approach wp25/66 (road) d=53m dLast=53m at=(-185.1,-1634.3) yaw=-12.43 err=0.00 gain=366.8 shuffles=0
  [trace] timberCabin.front.door.2 approach wp25/66 (road) d=53m dLast=53m at=(-185.1,-1634.3) yaw=-12.43 err=0.00 gain=366.8 shuffles=0
  [trace] timberCabin.front.door.2 approach wp25/66 (road) d=53m dLast=53m at=(-175.2,-1633.3) yaw=-12.46 err=-1.22 gain=381.8 shuffles=1
  [trace] timberCabin.front.door.2 approach wp25/66 (road) d=50m dLast=52m at=(-175.3,-1637.7) yaw=-12.62 err=-0.00 gain=392.0 shuffles=1
  [trace] timberCabin.front.door.2 approach wp25/66 (road) d=35m dLast=35m at=(-176.2,-1652.5) yaw=-12.62 err=-0.00 gain=392.0 shuffles=1
  [trace] timberCabin.front.door.2 approach wp25/66 (road) d=30m dLast=31m at=(-176.5,-1657.0) yaw=-12.62 err=-0.00 gain=392.0 shuffles=1
  [trace] timberCabin.front.door.2 approach wp25/66 (road) d=28m dLast=29m at=(-176.6,-1658.9) yaw=-12.62 err=-0.00 gain=392.0 shuffles=1
  [trace] timberCabin.front.door.2 approach wp25/66 (road) d=26m dLast=26m at=(-176.7,-1661.3) yaw=-12.62 err=-0.00 gain=392.0 shuffles=1
  [trace] timberCabin.front.door.2 approach wp25/66 (road) d=10m dLast=11m at=(-177.6,-1676.9) yaw=-12.63 err=-0.00 gain=392.0 shuffles=1
  [trace] timberCabin.front.door.2 approach wp27/66 (road) d=52m dLast=Infinitym at=(-177.8,-1679.9) yaw=-12.49 err=0.19 gain=336.2 shuffles=0
  [trace] timberCabin.front.door.2 approach wp27/66 (road) d=52m dLast=52m at=(-177.8,-1679.9) yaw=-12.44 err=0.00 gain=363.9 shuffles=0
  [trace] timberCabin.front.door.2 approach wp27/66 (road) d=43m dLast=44m at=(-168.5,-1689.9) yaw=-12.62 err=0.00 gain=389.5 shuffles=1
  [trace] timberCabin.front.door.2 approach wp27/66 (road) d=38m dLast=39m at=(-168.7,-1694.1) yaw=-12.62 err=0.00 gain=389.5 shuffles=1
  [trace] timberCabin.front.door.2 approach wp27/66 (road) d=27m dLast=28m at=(-169.4,-1705.5) yaw=-12.62 err=0.00 gain=389.5 shuffles=1
  [trace] timberCabin.front.door.2 approach wp27/66 (road) d=25m dLast=26m at=(-169.5,-1707.3) yaw=-12.62 err=0.00 gain=389.5 shuffles=1
  [trace] timberCabin.front.door.2 approach wp29/66 (road) d=53m dLast=53m at=(-170.5,-1725.2) yaw=-12.44 err=0.00 gain=364.2 shuffles=0
  [trace] timberCabin.front.door.2 approach wp29/66 (road) d=51m dLast=53m at=(-160.9,-1727.7) yaw=-12.62 err=-0.01 gain=389.7 shuffles=1
  [trace] timberCabin.front.door.2 approach wp29/66 (road) d=18m dLast=19m at=(-162.7,-1759.6) yaw=-12.62 err=0.00 gain=389.7 shuffles=1
  [trace] timberCabin.front.door.2 approach wp29/66 (road) d=16m dLast=17m at=(-162.8,-1761.6) yaw=-12.62 err=0.00 gain=389.7 shuffles=1
  [trace] timberCabin.front.door.2 approach wp29/66 (road) d=11m dLast=12m at=(-163.0,-1766.4) yaw=-12.62 err=0.00 gain=389.7 shuffles=1
  [trace] timberCabin.front.door.2 approach wp31/66 (road) d=37m dLast=38m at=(-158.2,-1780.2) yaw=-13.31 err=-0.00 gain=386.5 shuffles=1
  [trace] timberCabin.front.door.2 approach wp31/66 (road) d=30m dLast=30m at=(-163.1,-1785.6) yaw=-13.31 err=-0.00 gain=386.5 shuffles=1
  [trace] timberCabin.front.door.2 approach wp31/66 (road) d=29m dLast=30m at=(-163.5,-1786.0) yaw=-13.31 err=-0.00 gain=386.5 shuffles=1
  [trace] timberCabin.front.door.2 approach wp31/66 (road) d=28m dLast=28m at=(-164.7,-1787.3) yaw=-13.31 err=-0.00 gain=386.5 shuffles=1
  [trace] timberCabin.front.door.2 approach wp31/66 (road) d=23m dLast=24m at=(-166.9,-1791.2) yaw=-13.34 err=-0.02 gain=386.5 shuffles=1
  [trace] timberCabin.front.door.2 approach wp31/66 (road) d=18m dLast=19m at=(-170.3,-1794.5) yaw=-13.35 err=-0.00 gain=386.5 shuffles=1
  [trace] timberCabin.front.door.2 approach wp31/66 (road) d=16m dLast=16m at=(-172.1,-1796.4) yaw=-13.35 err=-0.00 gain=386.5 shuffles=1
  [trace] timberCabin.front.door.2 approach wp31/66 (road) d=11m dLast=12m at=(-175.4,-1799.7) yaw=-13.35 err=-0.00 gain=386.5 shuffles=1
  [trace] timberCabin.front.door.2 approach wp32/66 (road) d=28m dLast=Infinitym at=(-181.1,-1801.3) yaw=-13.43 err=-0.79 gain=335.0 shuffles=0
  [trace] timberCabin.front.door.2 approach wp32/66 (road) d=28m dLast=28m at=(-181.1,-1801.3) yaw=-13.61 err=-0.22 gain=359.0 shuffles=0
  [trace] timberCabin.front.door.2 approach wp32/66 (road) d=28m dLast=28m at=(-181.1,-1801.3) yaw=-13.65 err=0.00 gain=359.0 shuffles=0
  [trace] timberCabin.front.door.2 approach wp32/66 (road) d=28m dLast=28m at=(-181.1,-1801.3) yaw=-13.65 err=0.00 gain=359.0 shuffles=0
  [trace] timberCabin.front.door.2 approach wp32/66 (road) d=21m dLast=22m at=(-186.1,-1808.0) yaw=-13.83 err=0.00 gain=386.6 shuffles=1
  [trace] timberCabin.front.door.2 approach wp32/66 (road) d=15m dLast=16m at=(-191.9,-1809.9) yaw=-13.83 err=0.00 gain=386.6 shuffles=1
  [trace] timberCabin.front.door.2 approach wp32/66 (road) d=14m dLast=15m at=(-193.0,-1810.2) yaw=-13.83 err=0.00 gain=386.6 shuffles=1
  [trace] timberCabin.front.door.2 approach wp33/66 (road) d=30m dLast=30m at=(-199.5,-1812.3) yaw=-13.83 err=-0.00 gain=300.0 shuffles=0
  [trace] timberCabin.front.door.2 approach wp33/66 (road) d=30m dLast=30m at=(-199.5,-1812.3) yaw=-13.83 err=-0.00 gain=300.0 shuffles=0
  [trace] timberCabin.front.door.2 approach wp33/66 (road) d=28m dLast=29m at=(-201.6,-1818.1) yaw=-14.01 err=-0.00 gain=375.6 shuffles=1
  [trace] timberCabin.front.door.2 approach wp33/66 (road) d=27m dLast=27m at=(-202.9,-1818.3) yaw=-14.01 err=-0.00 gain=375.6 shuffles=1
  [trace] timberCabin.front.door.2 approach wp33/66 (road) d=20m dLast=20m at=(-209.5,-1819.1) yaw=-14.01 err=-0.00 gain=375.6 shuffles=1
  [trace] timberCabin.front.door.2 approach wp33/66 (road) d=19m dLast=20m at=(-210.2,-1819.2) yaw=-14.01 err=-0.00 gain=375.6 shuffles=1
  [trace] timberCabin.front.door.2 approach wp33/66 (road) d=18m dLast=18m at=(-211.4,-1819.3) yaw=-14.01 err=-0.00 gain=375.6 shuffles=1
  [trace] timberCabin.front.door.2 approach wp33/66 (road) d=12m dLast=13m at=(-216.7,-1820.0) yaw=-14.01 err=-0.00 gain=375.6 shuffles=1
  [trace] timberCabin.front.door.2 approach wp33/66 (road) d=10m dLast=11m at=(-219.1,-1820.3) yaw=-14.01 err=-0.00 gain=375.6 shuffles=1
  [trace] timberCabin.front.door.2 approach wp33/66 (road) d=9m dLast=10m at=(-219.7,-1820.3) yaw=-14.01 err=-0.00 gain=375.6 shuffles=1
  [trace] timberCabin.front.door.2 approach wp33/66 (road) d=9m dLast=9m at=(-220.3,-1820.4) yaw=-14.01 err=-0.00 gain=375.6 shuffles=1
  [trace] timberCabin.front.door.2 approach wp34/66 (road) d=30m dLast=30m at=(-222.3,-1820.7) yaw=-13.87 err=0.00 gain=336.2 shuffles=0
  [trace] timberCabin.front.door.2 approach wp34/66 (road) d=30m dLast=30m at=(-222.3,-1820.7) yaw=-13.87 err=0.00 gain=336.2 shuffles=0
  [trace] timberCabin.front.door.2 approach wp34/66 (road) d=14m dLast=15m at=(-237.8,-1827.5) yaw=-14.06 err=0.00 gain=376.4 shuffles=1
  [trace] timberCabin.front.door.2 approach wp34/66 (road) d=14m dLast=14m at=(-238.4,-1827.5) yaw=-14.06 err=0.00 gain=376.4 shuffles=1
  [trace] timberCabin.front.door.2 approach wp35/66 (road) d=29m dLast=29m at=(-246.1,-1828.1) yaw=-13.88 err=0.01 gain=365.3 shuffles=0
  [trace] timberCabin.front.door.2 approach wp35/66 (road) d=29m dLast=29m at=(-246.1,-1828.1) yaw=-13.88 err=0.00 gain=365.3 shuffles=0
  [trace] timberCabin.front.door.2 approach wp35/66 (road) d=24m dLast=25m at=(-251.0,-1834.0) yaw=-14.06 err=0.00 gain=390.4 shuffles=1
  [trace] timberCabin.front.door.2 approach wp35/66 (road) d=18m dLast=19m at=(-256.6,-1834.4) yaw=-14.06 err=0.00 gain=390.4 shuffles=1
  [trace] timberCabin.front.door.2 approach wp35/66 (road) d=13m dLast=14m at=(-261.6,-1834.8) yaw=-14.06 err=0.00 gain=390.4 shuffles=1
  [trace] timberCabin.front.door.2 approach wp35/66 (road) d=11m dLast=12m at=(-263.5,-1834.9) yaw=-14.06 err=0.00 gain=390.4 shuffles=1
  [trace] timberCabin.front.door.2 approach wp36/66 (road) d=30m dLast=30m at=(-267.9,-1835.2) yaw=-13.88 err=0.00 gain=363.5 shuffles=0
  [trace] timberCabin.front.door.2 approach wp36/66 (road) d=25m dLast=26m at=(-272.9,-1841.1) yaw=-14.07 err=0.00 gain=389.0 shuffles=1
  [trace] timberCabin.front.door.2 approach wp36/66 (road) d=22m dLast=23m at=(-275.3,-1841.3) yaw=-14.07 err=0.00 gain=389.0 shuffles=1
  [trace] timberCabin.front.door.2 approach wp36/66 (road) d=17m dLast=18m at=(-280.7,-1841.7) yaw=-14.07 err=0.00 gain=389.0 shuffles=1
  [trace] timberCabin.front.door.2 approach wp36/66 (road) d=16m dLast=17m at=(-281.3,-1841.7) yaw=-14.07 err=0.00 gain=389.0 shuffles=1
  [trace] timberCabin.front.door.2 approach wp36/66 (road) d=10m dLast=11m at=(-287.5,-1842.2) yaw=-14.07 err=0.00 gain=389.0 shuffles=1
  [trace] timberCabin.front.door.2 approach wp36/66 (road) d=9m dLast=10m at=(-288.7,-1842.2) yaw=-14.07 err=0.00 gain=389.0 shuffles=1
  [trace] timberCabin.front.door.2 approach wp37/66 (road) d=30m dLast=30m at=(-290.9,-1848.0) yaw=-14.05 err=-0.16 gain=388.8 shuffles=1
  [trace] timberCabin.front.door.2 approach wp37/66 (road) d=20m dLast=21m at=(-300.6,-1848.7) yaw=-14.07 err=-0.00 gain=388.8 shuffles=1
  [trace] timberCabin.front.door.2 approach wp38/66 (road) d=31m dLast=31m at=(-313.2,-1849.5) yaw=-13.89 err=0.00 gain=367.6 shuffles=0
  [trace] timberCabin.front.door.2 approach wp38/66 (road) d=31m dLast=31m at=(-313.2,-1849.5) yaw=-13.89 err=0.00 gain=367.6 shuffles=0
  [trace] timberCabin.front.door.2 approach wp38/66 (road) d=16m dLast=17m at=(-327.0,-1856.0) yaw=-14.06 err=0.00 gain=390.6 shuffles=1
  [trace] timberCabin.front.door.2 approach wp38/66 (road) d=15m dLast=15m at=(-328.9,-1856.1) yaw=-14.06 err=0.00 gain=390.6 shuffles=1
  [trace] timberCabin.front.door.2 approach wp39/66 (road) d=31m dLast=31m at=(-336.1,-1856.6) yaw=-13.90 err=0.05 gain=366.1 shuffles=0
  [trace] timberCabin.front.door.2 approach wp39/66 (road) d=31m dLast=31m at=(-336.1,-1856.6) yaw=-13.89 err=0.00 gain=366.1 shuffles=0
  [trace] timberCabin.front.door.2 approach wp39/66 (road) d=31m dLast=31m at=(-336.1,-1856.6) yaw=-13.89 err=0.00 gain=366.1 shuffles=0
  [trace] timberCabin.front.door.2 approach wp39/66 (road) d=31m dLast=31m at=(-336.1,-1856.6) yaw=-13.89 err=0.00 gain=366.1 shuffles=0
  [trace] timberCabin.front.door.2 approach wp39/66 (road) d=14m dLast=15m at=(-352.0,-1863.2) yaw=-14.06 err=0.00 gain=391.0 shuffles=1
  [trace] timberCabin.front.door.2 approach wp39/66 (road) d=13m dLast=13m at=(-354.3,-1863.4) yaw=-14.06 err=0.00 gain=391.0 shuffles=1
  [trace] timberCabin.front.door.2 approach wp39/66 (road) d=9m dLast=10m at=(-357.3,-1863.6) yaw=-14.06 err=0.00 gain=391.0 shuffles=1
  [trace] timberCabin.front.door.2 approach wp39/66 (road) d=8m dLast=9m at=(-358.0,-1863.7) yaw=-14.06 err=0.00 gain=391.0 shuffles=1
  [trace] timberCabin.front.door.2 approach wp40/66 (road) d=21m dLast=21m at=(-368.4,-1869.9) yaw=-14.06 err=0.00 gain=389.8 shuffles=1
  [trace] timberCabin.front.door.2 approach wp40/66 (road) d=20m dLast=21m at=(-369.2,-1870.0) yaw=-14.06 err=0.00 gain=389.8 shuffles=1
  [trace] timberCabin.front.door.2 approach wp41/66 (road) d=31m dLast=31m at=(-381.9,-1870.9) yaw=-13.89 err=0.00 gain=367.8 shuffles=0
  [trace] timberCabin.front.door.2 approach wp41/66 (road) d=25m dLast=26m at=(-386.7,-1876.7) yaw=-14.06 err=0.00 gain=392.7 shuffles=1
  [trace] timberCabin.front.door.2 approach wp41/66 (road) d=19m dLast=19m at=(-393.4,-1877.2) yaw=-14.06 err=0.00 gain=392.7 shuffles=1
  [trace] timberCabin.front.door.2 approach wp41/66 (road) d=18m dLast=19m at=(-393.9,-1877.3) yaw=-14.06 err=0.00 gain=392.7 shuffles=1
  [trace] timberCabin.front.door.2 approach wp41/66 (road) d=17m dLast=18m at=(-394.6,-1877.3) yaw=-14.06 err=0.00 gain=392.7 shuffles=1
  [trace] timberCabin.front.door.2 approach wp41/66 (road) d=17m dLast=17m at=(-395.2,-1877.4) yaw=-14.06 err=0.00 gain=392.7 shuffles=1
  [trace] timberCabin.front.door.2 approach wp41/66 (road) d=7m dLast=8m at=(-404.9,-1878.1) yaw=-14.06 err=0.00 gain=392.7 shuffles=1
  [trace] timberCabin.front.door.2 approach wp42/66 (road) d=26m dLast=27m at=(-408.9,-1883.9) yaw=-14.07 err=0.00 gain=388.9 shuffles=1
  [trace] timberCabin.front.door.2 approach wp42/66 (road) d=19m dLast=19m at=(-416.1,-1884.4) yaw=-14.07 err=0.00 gain=388.9 shuffles=1
  [trace] timberCabin.front.door.2 approach wp43/66 (road) d=12m dLast=12m at=(-446.1,-1892.0) yaw=-14.06 err=0.00 gain=389.6 shuffles=1
  [trace] timberCabin.front.door.2 approach wp43/66 (road) d=9m dLast=9m at=(-449.0,-1892.2) yaw=-14.06 err=0.00 gain=389.6 shuffles=1
  [trace] timberCabin.front.door.2 approach wp44/66 (road) d=31m dLast=31m at=(-450.3,-1892.3) yaw=-13.89 err=0.00 gain=365.1 shuffles=0
  [trace] timberCabin.front.door.2 approach wp44/66 (road) d=31m dLast=31m at=(-450.3,-1892.3) yaw=-13.89 err=0.00 gain=365.1 shuffles=0
  [trace] timberCabin.front.door.2 approach wp44/66 (road) d=28m dLast=28m at=(-452.8,-1898.0) yaw=-14.06 err=-0.00 gain=389.9 shuffles=1
  [trace] timberCabin.front.door.2 approach wp44/66 (road) d=24m dLast=24m at=(-457.2,-1898.4) yaw=-14.06 err=-0.00 gain=389.9 shuffles=1
  [trace] timberCabin.front.door.2 approach wp45/66 (road) d=30m dLast=30m at=(-476.3,-1904.3) yaw=-14.60 err=-0.17 gain=385.9 shuffles=1
  [trace] timberCabin.front.door.2 approach wp45/66 (road) d=23m dLast=24m at=(-481.7,-1901.5) yaw=-14.62 err=-0.00 gain=385.9 shuffles=1
  [trace] timberCabin.front.door.2 approach wp45/66 (road) d=14m dLast=15m at=(-489.6,-1897.3) yaw=-14.62 err=0.00 gain=385.9 shuffles=1
  [trace] timberCabin.front.door.2 approach wp46/66 (road) d=30m dLast=30m at=(-496.1,-1893.9) yaw=-14.55 err=0.00 gain=341.2 shuffles=0
  [trace] timberCabin.front.door.2 approach wp46/66 (road) d=30m dLast=30m at=(-498.6,-1898.8) yaw=-14.52 err=-1.21 gain=363.7 shuffles=1
  [trace] timberCabin.front.door.2 approach wp46/66 (road) d=27m dLast=28m at=(-501.7,-1896.8) yaw=-14.74 err=0.00 gain=378.6 shuffles=1
  [trace] timberCabin.front.door.2 approach wp46/66 (road) d=17m dLast=18m at=(-510.0,-1891.1) yaw=-14.74 err=0.00 gain=378.6 shuffles=1
  [trace] timberCabin.front.door.2 approach wp46/66 (road) d=16m dLast=17m at=(-511.0,-1890.4) yaw=-14.74 err=0.00 gain=378.6 shuffles=1
  [trace] timberCabin.front.door.2 approach wp46/66 (road) d=12m dLast=12m at=(-514.3,-1888.2) yaw=-14.74 err=0.00 gain=378.6 shuffles=1
  [trace] timberCabin.front.door.2 approach wp47/66 (road) d=30m dLast=30m at=(-518.4,-1885.4) yaw=-14.58 err=0.00 gain=335.9 shuffles=0
  [trace] timberCabin.front.door.2 approach wp47/66 (road) d=30m dLast=30m at=(-518.4,-1885.4) yaw=-14.58 err=0.00 gain=335.9 shuffles=0
  [trace] timberCabin.front.door.2 approach wp47/66 (road) d=28m dLast=29m at=(-523.2,-1888.8) yaw=-14.76 err=-0.00 gain=375.8 shuffles=1
  [trace] timberCabin.front.door.2 approach wp47/66 (road) d=25m dLast=26m at=(-525.7,-1886.9) yaw=-14.76 err=-0.00 gain=375.8 shuffles=1
  [trace] timberCabin.front.door.2 approach wp47/66 (road) d=22m dLast=23m at=(-527.7,-1885.6) yaw=-14.76 err=-0.00 gain=375.8 shuffles=1
  [trace] timberCabin.front.door.2 approach wp47/66 (road) d=16m dLast=16m at=(-533.1,-1881.6) yaw=-14.76 err=0.00 gain=375.8 shuffles=1
  [trace] timberCabin.front.door.2 approach wp48/66 (road) d=28m dLast=28m at=(-545.4,-1879.5) yaw=-14.76 err=-0.00 gain=387.7 shuffles=1
  [trace] timberCabin.front.door.2 approach wp48/66 (road) d=26m dLast=27m at=(-546.5,-1878.7) yaw=-14.76 err=-0.00 gain=387.7 shuffles=1
  [trace] timberCabin.front.door.2 approach wp48/66 (road) d=20m dLast=21m at=(-551.6,-1875.0) yaw=-14.76 err=-0.00 gain=387.7 shuffles=1
  [trace] timberCabin.front.door.2 approach wp48/66 (road) d=14m dLast=15m at=(-556.1,-1871.8) yaw=-14.76 err=-0.00 gain=387.7 shuffles=1
  [trace] timberCabin.front.door.2 approach wp49/66 (road) d=29m dLast=Infinitym at=(-562.6,-1867.1) yaw=-14.63 err=0.19 gain=336.0 shuffles=0
  [trace] timberCabin.front.door.2 approach wp49/66 (road) d=29m dLast=29m at=(-562.6,-1867.1) yaw=-14.58 err=0.00 gain=362.7 shuffles=0
  [trace] timberCabin.front.door.2 approach wp49/66 (road) d=29m dLast=29m at=(-562.6,-1867.1) yaw=-14.58 err=0.00 gain=362.7 shuffles=0
  [trace] timberCabin.front.door.2 approach wp49/66 (road) d=29m dLast=29m at=(-562.6,-1867.1) yaw=-14.58 err=0.00 gain=362.7 shuffles=0
  [trace] timberCabin.front.door.2 approach wp49/66 (road) d=9m dLast=10m at=(-582.3,-1859.4) yaw=-14.76 err=0.00 gain=389.6 shuffles=1
  [trace] timberCabin.front.door.2 approach wp50/66 (road) d=21m dLast=22m at=(-594.4,-1857.5) yaw=-14.77 err=0.00 gain=389.2 shuffles=1
  [trace] timberCabin.front.door.2 approach wp51/66 (road) d=19m dLast=19m at=(-618.1,-1846.9) yaw=-14.76 err=0.00 gain=389.2 shuffles=1
  [trace] timberCabin.front.door.2 approach wp52/66 (road) d=30m dLast=30m at=(-627.5,-1840.1) yaw=-14.58 err=0.00 gain=364.5 shuffles=0
  [trace] timberCabin.front.door.2 approach wp52/66 (road) d=30m dLast=30m at=(-627.5,-1840.1) yaw=-14.58 err=0.00 gain=364.5 shuffles=0
  [trace] timberCabin.front.door.2 approach wp52/66 (road) d=26m dLast=26m at=(-634.4,-1842.0) yaw=-14.77 err=0.00 gain=389.2 shuffles=1
  [trace] timberCabin.front.door.2 approach wp52/66 (road) d=23m dLast=23m at=(-636.8,-1840.3) yaw=-14.77 err=0.00 gain=389.2 shuffles=1
  [trace] timberCabin.front.door.2 approach wp52/66 (road) d=19m dLast=19m at=(-639.7,-1838.1) yaw=-14.77 err=0.00 gain=389.2 shuffles=1
  [trace] timberCabin.front.door.2 approach wp52/66 (road) d=13m dLast=14m at=(-644.2,-1834.8) yaw=-14.77 err=0.00 gain=389.2 shuffles=1
  [trace] timberCabin.front.door.2 approach wp52/66 (road) d=7m dLast=8m at=(-649.2,-1831.2) yaw=-14.77 err=0.00 gain=389.2 shuffles=1
  [trace] timberCabin.front.door.2 approach wp53/66 (road) d=30m dLast=30m at=(-649.3,-1831.1) yaw=-14.58 err=0.00 gain=365.0 shuffles=0
  [trace] timberCabin.front.door.2 approach wp53/66 (road) d=26m dLast=27m at=(-655.5,-1833.3) yaw=-14.77 err=0.00 gain=389.8 shuffles=1
  [trace] timberCabin.front.door.2 approach wp53/66 (road) d=24m dLast=24m at=(-657.6,-1831.9) yaw=-14.77 err=0.00 gain=389.8 shuffles=1
  [trace] timberCabin.front.door.2 approach wp53/66 (road) d=23m dLast=24m at=(-658.1,-1831.5) yaw=-14.77 err=0.00 gain=389.8 shuffles=1
  [trace] timberCabin.front.door.2 approach wp53/66 (road) d=17m dLast=18m at=(-663.1,-1827.8) yaw=-14.77 err=0.00 gain=389.8 shuffles=1
  [trace] timberCabin.front.door.2 approach wp54/66 (road) d=30m dLast=30m at=(-670.9,-1822.1) yaw=-14.58 err=0.00 gain=364.1 shuffles=0
  [trace] timberCabin.front.door.2 approach wp54/66 (road) d=30m dLast=30m at=(-670.9,-1822.1) yaw=-14.58 err=0.00 gain=364.1 shuffles=0
  [trace] timberCabin.front.door.2 approach wp54/66 (road) d=30m dLast=30m at=(-673.4,-1826.9) yaw=-14.61 err=-1.21 gain=379.9 shuffles=1
  [trace] timberCabin.front.door.2 approach wp55/66 (road) d=24m dLast=25m at=(-701.0,-1813.8) yaw=-14.76 err=-0.00 gain=390.0 shuffles=1
  [trace] timberCabin.front.door.2 approach wp55/66 (road) d=21m dLast=22m at=(-703.5,-1812.0) yaw=-14.76 err=-0.00 gain=390.0 shuffles=1
  [trace] timberCabin.front.door.2 approach wp55/66 (road) d=20m dLast=20m at=(-704.7,-1811.2) yaw=-14.76 err=-0.00 gain=390.0 shuffles=1
  [trace] timberCabin.front.door.2 approach wp56/66 (road) d=30m dLast=30m at=(-714.6,-1804.0) yaw=-15.21 err=-0.00 gain=357.2 shuffles=0
  [trace] timberCabin.front.door.2 approach wp56/66 (road) d=30m dLast=30m at=(-714.6,-1804.0) yaw=-15.21 err=-0.00 gain=357.2 shuffles=0
  [trace] timberCabin.front.door.2 approach wp56/66 (road) d=30m dLast=30m at=(-714.6,-1804.0) yaw=-15.21 err=-0.00 gain=357.2 shuffles=0
  [trace] timberCabin.front.door.2 approach wp56/66 (road) d=30m dLast=30m at=(-719.8,-1805.6) yaw=-15.37 err=-0.17 gain=386.5 shuffles=1
  [trace] timberCabin.front.door.2 approach wp56/66 (road) d=21m dLast=22m at=(-722.5,-1797.3) yaw=-15.39 err=-0.00 gain=386.5 shuffles=1
  [trace] timberCabin.front.door.2 approach wp56/66 (road) d=21m dLast=21m at=(-722.7,-1796.6) yaw=-15.39 err=-0.00 gain=386.5 shuffles=1
  [trace] timberCabin.front.door.2 approach wp56/66 (road) d=17m dLast=18m at=(-723.7,-1793.8) yaw=-15.39 err=-0.00 gain=386.5 shuffles=1
  [trace] timberCabin.front.door.2 approach wp57/66 (road) d=30m dLast=30m at=(-727.1,-1783.3) yaw=-15.34 err=0.02 gain=335.3 shuffles=0
  [trace] timberCabin.front.door.2 approach wp57/66 (road) d=30m dLast=30m at=(-727.1,-1783.3) yaw=-15.34 err=0.00 gain=335.3 shuffles=0
  [trace] timberCabin.front.door.2 approach wp57/66 (road) d=29m dLast=30m at=(-732.8,-1782.9) yaw=-15.53 err=-0.03 gain=376.5 shuffles=1
  [trace] timberCabin.front.door.2 approach wp57/66 (road) d=18m dLast=19m at=(-734.6,-1773.2) yaw=-15.53 err=0.00 gain=376.5 shuffles=1
  [trace] timberCabin.front.door.2 approach wp58/66 (road) d=19m dLast=20m at=(-743.8,-1751.9) yaw=-15.55 err=-0.00 gain=377.1 shuffles=1
  [trace] timberCabin.front.door.2 approach wp58/66 (road) d=14m dLast=15m at=(-744.7,-1746.3) yaw=-15.56 err=-0.00 gain=377.1 shuffles=1
  [trace] timberCabin.front.door.2 approach wp58/66 (road) d=13m dLast=14m at=(-744.8,-1745.6) yaw=-15.56 err=0.00 gain=377.1 shuffles=1
  [trace] timberCabin.front.door.2 approach wp59/66 (road) d=30m dLast=30m at=(-745.7,-1739.7) yaw=-15.38 err=0.00 gain=365.2 shuffles=0
  [trace] timberCabin.front.door.2 approach wp59/66 (road) d=25m dLast=26m at=(-751.9,-1735.4) yaw=-15.56 err=-0.00 gain=389.4 shuffles=1
  [trace] timberCabin.front.door.2 approach wp59/66 (road) d=24m dLast=25m at=(-752.1,-1734.2) yaw=-15.56 err=-0.00 gain=389.4 shuffles=1
  [trace] timberCabin.front.door.2 approach wp59/66 (road) d=20m dLast=21m at=(-752.7,-1730.5) yaw=-15.56 err=-0.00 gain=389.4 shuffles=1
  [trace] timberCabin.front.door.2 approach wp59/66 (road) d=18m dLast=18m at=(-753.0,-1728.0) yaw=-15.56 err=-0.00 gain=389.4 shuffles=1
  [trace] timberCabin.front.door.2 approach wp59/66 (road) d=17m dLast=18m at=(-753.1,-1727.3) yaw=-15.56 err=-0.00 gain=389.4 shuffles=1
  [trace] timberCabin.front.door.2 approach wp60/66 (road) d=22m dLast=23m at=(-761.3,-1710.1) yaw=-15.56 err=0.00 gain=389.1 shuffles=1
  [trace] timberCabin.front.door.2 approach wp60/66 (road) d=14m dLast=15m at=(-762.4,-1702.5) yaw=-15.56 err=0.00 gain=389.1 shuffles=1
  [trace] timberCabin.front.door.2 approach wp60/66 (road) d=9m dLast=10m at=(-763.2,-1697.5) yaw=-15.56 err=0.00 gain=389.1 shuffles=1
  [trace] timberCabin.front.door.2 approach wp60/66 (road) d=7m dLast=8m at=(-763.4,-1695.7) yaw=-15.56 err=0.00 gain=389.1 shuffles=1
  [trace] timberCabin.front.door.2 approach wp61/66 (road) d=30m dLast=30m at=(-763.5,-1695.5) yaw=-15.39 err=0.05 gain=361.6 shuffles=0
  [trace] timberCabin.front.door.2 approach wp61/66 (road) d=30m dLast=30m at=(-763.5,-1695.5) yaw=-15.38 err=0.00 gain=361.6 shuffles=0
  [trace] timberCabin.front.door.2 approach wp61/66 (road) d=20m dLast=21m at=(-770.4,-1686.3) yaw=-15.56 err=0.00 gain=388.9 shuffles=1
  [trace] timberCabin.front.door.2 approach wp62/66 (road) d=30m dLast=30m at=(-772.3,-1673.2) yaw=-15.38 err=0.00 gain=366.8 shuffles=0
  [trace] timberCabin.front.door.2 approach wp62/66 (road) d=30m dLast=30m at=(-772.3,-1673.2) yaw=-15.38 err=0.00 gain=366.8 shuffles=0
  [trace] timberCabin.front.door.2 approach wp62/66 (road) d=27m dLast=27m at=(-778.4,-1670.2) yaw=-15.56 err=0.00 gain=391.2 shuffles=1
  [trace] timberCabin.front.door.2 approach wp62/66 (road) d=23m dLast=24m at=(-778.9,-1667.0) yaw=-15.56 err=0.00 gain=391.2 shuffles=1
  [trace] timberCabin.front.door.2 approach wp62/66 (road) d=22m dLast=23m at=(-779.1,-1665.7) yaw=-15.56 err=0.00 gain=391.2 shuffles=1
  [trace] timberCabin.front.door.2 approach wp62/66 (road) d=21m dLast=21m at=(-779.2,-1664.4) yaw=-15.56 err=0.00 gain=391.2 shuffles=1
  [trace] timberCabin.front.door.2 approach wp62/66 (road) d=9m dLast=10m at=(-781.0,-1652.7) yaw=-15.56 err=0.00 gain=391.2 shuffles=1
  [trace] timberCabin.front.door.2 approach wp63/66 (road) d=30m dLast=30m at=(-781.3,-1650.8) yaw=-15.38 err=0.00 gain=361.7 shuffles=0
  [trace] timberCabin.front.door.2 approach wp63/66 (road) d=30m dLast=30m at=(-786.9,-1650.3) yaw=-15.56 err=-0.02 gain=389.2 shuffles=1
  [trace] timberCabin.front.door.2 approach wp63/66 (road) d=25m dLast=26m at=(-787.5,-1646.4) yaw=-15.56 err=0.00 gain=389.2 shuffles=1
  [trace] timberCabin.front.door.2 approach wp63/66 (road) d=24m dLast=24m at=(-787.7,-1645.2) yaw=-15.56 err=0.00 gain=389.2 shuffles=1
  [trace] timberCabin.front.door.2 approach wp63/66 (road) d=21m dLast=22m at=(-788.0,-1642.7) yaw=-15.56 err=0.00 gain=389.2 shuffles=1
  [trace] timberCabin.front.door.2 approach wp63/66 (road) d=16m dLast=17m at=(-788.8,-1637.5) yaw=-15.56 err=0.00 gain=389.2 shuffles=1
  [trace] timberCabin.front.door.2 approach wp63/66 (road) d=10m dLast=11m at=(-789.7,-1631.8) yaw=-15.56 err=0.00 gain=389.2 shuffles=1
  [trace] timberCabin.front.door.2 approach wp64/66 (road) d=28m dLast=30m at=(-795.9,-1627.5) yaw=-15.56 err=0.00 gain=390.6 shuffles=1
  [trace] timberCabin.front.door.2 approach wp64/66 (road) d=28m dLast=28m at=(-796.0,-1626.8) yaw=-15.56 err=0.00 gain=390.6 shuffles=1
  [trace] timberCabin.front.door.2 approach wp64/66 (road) d=19m dLast=19m at=(-797.3,-1618.0) yaw=-15.56 err=0.00 gain=390.6 shuffles=1
  [trace] timberCabin.front.door.2 approach wp64/66 (road) d=15m dLast=15m at=(-797.9,-1614.0) yaw=-15.56 err=0.00 gain=390.6 shuffles=1
  [trace] timberCabin.front.door.2 approach wp66/66 (approach timberCamp.camp) d=5m dLast=5m at=(-799.0,-1606.4) yaw=-15.49 err=0.00 gain=340.8 shuffles=0
  [trace] timberCabin.front.door.2 approach wp66/66 (approach timberCamp.camp) d=5m dLast=5m at=(-799.0,-1606.4) yaw=-15.49 err=0.00 gain=340.8 shuffles=0
  [trace] timberCabin.front.door.2 approach wp66/66 (approach timberCamp.camp) d=5m dLast=5m at=(-799.0,-1606.4) yaw=-15.49 err=0.00 gain=340.8 shuffles=0
  [trace] timberCabin.front.door.2 exterior after route d=25m dLast=25m at=(-802.4,-1604.5) yaw=-15.80 err=0.00 gain=360.3 shuffles=0
  [trace] timberCabin.front.door.2 exterior after route d=19m dLast=19m at=(-805.1,-1597.8) yaw=-16.01 err=0.02 gain=388.6 shuffles=1
  [trace] timberCabin.front.door.2 exterior after route d=19m dLast=19m at=(-804.8,-1597.8) yaw=-15.99 err=0.02 gain=388.6 shuffles=1
  [trace] timberCabin.front.door.2 exterior after route d=10m dLast=11m at=(-801.7,-1589.2) yaw=-15.89 err=0.00 gain=398.3 shuffles=2
  [trace] timberCabin.front.door.2 exterior after route d=10m dLast=10m at=(-801.6,-1588.5) yaw=-15.89 err=0.00 gain=398.3 shuffles=2
  [trace] timberCabin.front.door.2 exterior after route d=7m dLast=7m at=(-800.7,-1587.1) yaw=-15.82 err=0.03 gain=398.3 shuffles=2
PASS  walk through timberCabin.front.door.2
outside-invariant: player stands inside near timberCabin.back.door.2 — exiting through it
  [trace] timberCabin.back.door.2 exit d=8m dLast=8m at=(-800.0,-1581.3) yaw=-25.12 err=-0.14 gain=386.3 shuffles=0
  [trace] timberCabin.back.door.2 exit d=5m dLast=5m at=(-800.0,-1584.2) yaw=-25.14 err=0.00 gain=386.3 shuffles=0
outside-invariant: player stands inside near timberCabin.front.door.2 — exiting through it
  [trace] timberCabin.front.door.2 exit d=5m dLast=6m at=(-800.0,-1584.2) yaw=-28.28 err=-0.00 gain=386.9 shuffles=0
  [trace] timberCabin.front.door.2 exit d=2m dLast=3m at=(-800.0,-1581.1) yaw=-28.28 err=-0.00 gain=386.9 shuffles=0
outside-invariant: player stands inside near timberCabin.back.door.2 — exiting through it
  [trace] timberCabin.back.door.2 exit d=7m dLast=Infinitym at=(-800.0,-1581.0) yaw=-29.34 err=-3.13 gain=335.0 shuffles=0
outside-invariant: player stands inside near timberCabin.front.door.2 — exiting through it
  [trace] timberCabin.front.door.2 exit d=5m dLast=5m at=(-800.0,-1583.4) yaw=-34.56 err=-0.00 gain=386.6 shuffles=0
  [trace] timberCabin.front.door.2 exit d=4m dLast=5m at=(-800.0,-1582.7) yaw=-34.56 err=-0.00 gain=386.6 shuffles=0
outside-invariant: player stands inside near timberCabin.back.door.2 — exiting through it
  [trace] timberCabin.back.door.2 exit d=7m dLast=7m at=(-800.0,-1581.3) yaw=-36.68 err=-2.08 gain=359.5 shuffles=0
outside-invariant: player stands inside near timberCabin.front.door.2 — exiting through it
  [trace] timberCabin.front.door.2 exit d=8m dLast=8m at=(-800.0,-1586.8) yaw=-40.83 err=-0.14 gain=386.9 shuffles=0
exit after timberCabin.front.door.2 wedged: restoreOutside: player still inside a structure after the exit ladder

[door] timberCabin.back.door.2 (7 m away)
outside-invariant: player stands inside near timberCabin.back.door.2 — exiting through it
  [trace] timberCabin.back.door.2 exit d=6m dLast=7m at=(-800.0,-1583.1) yaw=-43.98 err=-0.02 gain=388.2 shuffles=0
  [trace] timberCabin.back.door.2 exit d=4m dLast=5m at=(-800.0,-1585.4) yaw=-43.99 err=-0.00 gain=388.2 shuffles=0
outside-invariant: player stands inside near timberCabin.front.door.2 — exiting through it
  [trace] timberCabin.front.door.2 exit d=3m dLast=4m at=(-800.0,-1582.0) yaw=-47.13 err=0.00 gain=386.5 shuffles=0
outside-invariant: player stands inside near timberCabin.back.door.2 — exiting through it
  [trace] timberCabin.back.door.2 exit d=5m dLast=6m at=(-800.0,-1584.0) yaw=-50.27 err=-0.00 gain=386.3 shuffles=0
outside-invariant: player stands inside near timberCabin.front.door.2 — exiting through it
outside-invariant: player stands inside near timberCabin.back.door.2 — exiting through it
  [trace] timberCabin.back.door.2 exit d=7m dLast=Infinitym at=(-800.0,-1580.9) yaw=-54.47 err=-3.13 gain=335.0 shuffles=0
  [trace] timberCabin.back.door.2 exit d=6m dLast=7m at=(-800.0,-1583.3) yaw=-56.55 err=0.00 gain=386.3 shuffles=0
  [trace] timberCabin.back.door.2 exit d=3m dLast=4m at=(-800.0,-1586.0) yaw=-56.55 err=0.00 gain=386.3 shuffles=0
outside-invariant: player stands inside near timberCabin.front.door.2 — exiting through it
  [trace] timberCabin.front.door.2 exit d=7m dLast=8m at=(-800.0,-1585.2) yaw=-59.70 err=-0.02 gain=386.7 shuffles=0
restore before timberCabin.back.door.2 failed: restoreOutside: player still inside a structure after the exit ladder — attempting anyway
PASS  walk through timberCabin.back.door.2
outside-invariant: player stands inside near timberCabin.front.door.2 — exiting through it
  [trace] timberCabin.front.door.2 exit d=4m dLast=4m at=(-800.0,-1582.7) yaw=-72.26 err=-0.00 gain=388.1 shuffles=0
outside-invariant: player stands inside near timberCabin.back.door.2 — exiting through it
  [trace] timberCabin.back.door.2 exit d=7m dLast=8m at=(-800.0,-1582.7) yaw=-75.40 err=-0.02 gain=388.0 shuffles=0
  [trace] timberCabin.back.door.2 exit d=2m dLast=2m at=(-800.0,-1587.2) yaw=-75.40 err=0.00 gain=388.0 shuffles=0
outside-invariant: player stands inside near timberCabin.front.door.2 — exiting through it
outside-invariant: player stands inside near timberCabin.back.door.2 — exiting through it
outside-invariant: player stands inside near timberCabin.front.door.2 — exiting through it
outside-invariant: player stands inside near timberCabin.back.door.2 — exiting through it
exit after timberCabin.back.door.2 wedged: restoreOutside: player still inside a structure after the exit ladder

[door] timberCabin.front.door.0 (12 m away)
outside-invariant: player stands inside near timberCabin.front.door.2 — exiting through it
outside-invariant: player stands inside near timberCabin.back.door.2 — exiting through it
  [trace] timberCabin.back.door.2 exit d=4m dLast=5m at=(-800.0,-1584.8) yaw=-94.25 err=0.00 gain=388.1 shuffles=0
outside-invariant: player stands inside near timberCabin.front.door.2 — exiting through it
  [trace] timberCabin.front.door.2 exit d=4m dLast=5m at=(-800.0,-1583.0) yaw=-97.40 err=-0.00 gain=386.3 shuffles=0
outside-invariant: player stands inside near timberCabin.back.door.2 — exiting through it
  [trace] timberCabin.back.door.2 exit d=7m dLast=7m at=(-800.0,-1581.9) yaw=-100.52 err=-0.14 gain=388.2 shuffles=0
outside-invariant: player stands inside near timberCabin.front.door.2 — exiting through it
  [trace] timberCabin.front.door.2 exit d=7m dLast=7m at=(-800.0,-1587.1) yaw=-102.65 err=-2.08 gain=359.5 shuffles=0
outside-invariant: player stands inside near timberCabin.back.door.2 — exiting through it
  [trace] timberCabin.back.door.2 exit d=6m dLast=7m at=(-800.0,-1583.1) yaw=-106.82 err=-0.02 gain=388.0 shuffles=0
  [trace] timberCabin.back.door.2 exit d=3m dLast=3m at=(-800.0,-1586.5) yaw=-106.82 err=0.00 gain=388.0 shuffles=0
restore before timberCabin.front.door.0 failed: restoreOutside: player still inside a structure after the exit ladder — attempting anyway
  [trace] timberCabin.front.door.0 exterior d=11m dLast=12m at=(-801.9,-1587.6) yaw=-108.35 err=-0.11 gain=375.6 shuffles=0
  [trace] timberCabin.front.door.0 exterior d=3m dLast=4m at=(-809.6,-1587.7) yaw=-108.37 err=-0.00 gain=375.6 shuffles=0
  [trace] timberCabin.front.door.0 through d=2m dLast=3m at=(-811.9,-1590.1) yaw=-106.92 err=0.17 gain=391.0 shuffles=0
PASS  walk through timberCabin.front.door.0
outside-invariant: player stands inside near timberCabin.back.door.0 — exiting through it
  [trace] timberCabin.back.door.0 exit d=7m dLast=7m at=(-812.0,-1589.8) yaw=-106.83 err=0.14 gain=389.9 shuffles=0
  [trace] timberCabin.back.door.0 exit d=5m dLast=6m at=(-812.0,-1591.9) yaw=-106.81 err=0.00 gain=389.9 shuffles=0
  [trace] timberCabin.back.door.0 exit d=4m dLast=4m at=(-812.0,-1593.2) yaw=-106.81 err=0.00 gain=389.9 shuffles=0
  [trace] timberCabin.back.door.0 exit d=3m dLast=4m at=(-812.0,-1593.8) yaw=-106.81 err=0.00 gain=389.9 shuffles=0
outside-invariant: player stands inside near timberCabin.front.door.0 — exiting through it
outside-invariant: player stands inside near timberCabin.back.door.0 — exiting through it
  [trace] timberCabin.back.door.0 exit d=5m dLast=6m at=(-812.0,-1592.0) yaw=-100.53 err=0.01 gain=390.3 shuffles=0
outside-invariant: player stands inside near timberCabin.front.door.0 — exiting through it
outside-invariant: player stands inside near timberCabin.back.door.0 — exiting through it
  [trace] timberCabin.back.door.0 exit d=7m dLast=7m at=(-812.0,-1589.0) yaw=-95.27 err=2.07 gain=359.5 shuffles=0
  [trace] timberCabin.back.door.0 exit d=3m dLast=4m at=(-812.0,-1593.9) yaw=-94.24 err=0.00 gain=390.4 shuffles=0
outside-invariant: player stands inside near timberCabin.front.door.0 — exiting through it
exit after timberCabin.front.door.0 wedged: restoreOutside: player still inside a structure after the exit ladder

[door] timberCabin.back.door.0 (8 m away)
outside-invariant: player stands inside near timberCabin.back.door.0 — exiting through it
outside-invariant: player stands inside near timberCabin.front.door.0 — exiting through it
outside-invariant: player stands inside near timberCabin.back.door.0 — exiting through it
  [trace] timberCabin.back.door.0 exit d=8m dLast=Infinitym at=(-812.0,-1588.6) yaw=-83.76 err=3.13 gain=335.0 shuffles=0
outside-invariant: player stands inside near timberCabin.front.door.0 — exiting through it
  [trace] timberCabin.front.door.0 exit d=4m dLast=4m at=(-812.0,-1590.8) yaw=-78.53 err=0.00 gain=391.0 shuffles=0
outside-invariant: player stands inside near timberCabin.back.door.0 — exiting through it
  [trace] timberCabin.back.door.0 exit d=8m dLast=Infinitym at=(-812.0,-1588.8) yaw=-77.47 err=3.13 gain=335.0 shuffles=0
  [trace] timberCabin.back.door.0 exit d=2m dLast=3m at=(-812.0,-1594.7) yaw=-75.39 err=0.00 gain=390.5 shuffles=0
outside-invariant: player stands inside near timberCabin.front.door.0 — exiting through it
restore before timberCabin.back.door.0 failed: restoreOutside: player still inside a structure after the exit ladder — attempting anyway
  [trace] timberCabin.back.door.0 exterior d=2m dLast=3m at=(-812.0,-1595.0) yaw=-69.11 err=0.00 gain=388.9 shuffles=0
  [trace] timberCabin.back.door.0 through d=2m dLast=Infinitym at=(-812.0,-1595.1) yaw=-68.05 err=3.13 gain=335.0 shuffles=0
PASS  walk through timberCabin.back.door.0
outside-invariant: player stands inside near timberCabin.front.door.0 — exiting through it
outside-invariant: player stands inside near timberCabin.back.door.0 — exiting through it
  [trace] timberCabin.back.door.0 exit d=4m dLast=4m at=(-812.0,-1593.2) yaw=-56.55 err=0.00 gain=390.2 shuffles=0
outside-invariant: player stands inside near timberCabin.front.door.0 — exiting through it
  [trace] timberCabin.front.door.0 exit d=7m dLast=7m at=(-812.0,-1595.1) yaw=-53.55 err=1.02 gain=376.7 shuffles=0
outside-invariant: player stands inside near timberCabin.back.door.0 — exiting through it
  [trace] timberCabin.back.door.0 exit d=7m dLast=7m at=(-812.0,-1589.1) yaw=-50.41 err=1.02 gain=376.9 shuffles=0
  [trace] timberCabin.back.door.0 exit d=4m dLast=4m at=(-812.0,-1593.3) yaw=-50.26 err=0.00 gain=389.8 shuffles=0
outside-invariant: player stands inside near timberCabin.front.door.0 — exiting through it
outside-invariant: player stands inside near timberCabin.back.door.0 — exiting through it
exit after timberCabin.back.door.0 wedged: restoreOutside: player still inside a structure after the exit ladder

[door] timberCabin.front.door.1 (27 m away)
outside-invariant: player stands inside near timberCabin.front.door.0 — exiting through it
  [trace] timberCabin.front.door.0 exit d=5m dLast=6m at=(-812.0,-1591.6) yaw=-40.83 err=0.01 gain=390.5 shuffles=0
outside-invariant: player stands inside near timberCabin.back.door.0 — exiting through it
  [trace] timberCabin.back.door.0 exit d=8m dLast=Infinitym at=(-812.0,-1588.3) yaw=-39.78 err=3.13 gain=335.0 shuffles=0
outside-invariant: player stands inside near timberCabin.front.door.0 — exiting through it
  [trace] timberCabin.front.door.0 exit d=8m dLast=8m at=(-812.0,-1594.7) yaw=-34.57 err=0.14 gain=389.0 shuffles=0
outside-invariant: player stands inside near timberCabin.back.door.0 — exiting through it
outside-invariant: player stands inside near timberCabin.front.door.0 — exiting through it
  [trace] timberCabin.front.door.0 exit d=8m dLast=8m at=(-812.0,-1595.2) yaw=-29.30 err=2.08 gain=359.5 shuffles=0
outside-invariant: player stands inside near timberCabin.back.door.0 — exiting through it
  [trace] timberCabin.back.door.0 exit d=6m dLast=7m at=(-812.0,-1591.7) yaw=-25.13 err=0.00 gain=390.3 shuffles=0
restore before timberCabin.front.door.1 failed: restoreOutside: player still inside a structure after the exit ladder — attempting anyway
  [trace] timberCabin.front.door.1 through d=3m dLast=4m at=(-786.3,-1603.0) yaw=-24.89 err=-0.08 gain=375.0 shuffles=0
PASS  walk through timberCabin.front.door.1
outside-invariant: player stands inside near timberCabin.back.door.1 — exiting through it
outside-invariant: player stands inside near timberCabin.front.door.1 — exiting through it
  [trace] timberCabin.front.door.1 exit d=2m dLast=2m at=(-786.0,-1602.8) yaw=-28.28 err=-0.00 gain=386.4 shuffles=0
outside-invariant: player stands inside near timberCabin.back.door.1 — exiting through it
  [trace] timberCabin.back.door.1 exit d=8m dLast=Infinitym at=(-786.0,-1602.7) yaw=-29.33 err=-3.14 gain=335.0 shuffles=0
outside-invariant: player stands inside near timberCabin.front.door.1 — exiting through it
outside-invariant: player stands inside near timberCabin.back.door.1 — exiting through it
outside-invariant: player stands inside near timberCabin.front.door.1 — exiting through it
exit after timberCabin.front.door.1 wedged: restoreOutside: player still inside a structure after the exit ladder

[door] timberCabin.back.door.1 (8 m away)
outside-invariant: player stands inside near timberCabin.back.door.1 — exiting through it
outside-invariant: player stands inside near timberCabin.front.door.1 — exiting through it
  [trace] timberCabin.front.door.1 exit d=4m dLast=4m at=(-786.0,-1604.3) yaw=-47.13 err=-0.00 gain=386.2 shuffles=0
outside-invariant: player stands inside near timberCabin.back.door.1 — exiting through it
  [trace] timberCabin.back.door.1 exit d=4m dLast=5m at=(-786.0,-1606.7) yaw=-50.27 err=0.00 gain=388.4 shuffles=0
  [trace] timberCabin.back.door.1 exit d=3m dLast=4m at=(-786.0,-1607.4) yaw=-50.27 err=0.00 gain=388.4 shuffles=0
outside-invariant: player stands inside near timberCabin.front.door.1 — exiting through it
outside-invariant: player stands inside near timberCabin.back.door.1 — exiting through it
outside-invariant: player stands inside near timberCabin.front.door.1 — exiting through it
restore before timberCabin.back.door.1 failed: restoreOutside: player still inside a structure after the exit ladder — attempting anyway
  [trace] timberCabin.back.door.1 exterior d=8m dLast=Infinitym at=(-786.0,-1602.6) yaw=-60.75 err=-3.13 gain=335.0 shuffles=0
PASS  walk through timberCabin.back.door.1
  [trace] timberCabin.back.door.1 exit d=2m dLast=3m at=(-786.0,-1608.8) yaw=-69.12 err=-0.02 gain=387.3 shuffles=0
outside-invariant: player stands inside near timberCabin.front.door.1 — exiting through it
outside-invariant: player stands inside near timberCabin.back.door.1 — exiting through it
  [trace] timberCabin.back.door.1 exit d=3m dLast=3m at=(-786.0,-1608.2) yaw=-75.40 err=-0.00 gain=386.7 shuffles=0
outside-invariant: player stands inside near timberCabin.front.door.1 — exiting through it
  [trace] timberCabin.front.door.1 exit d=7m dLast=7m at=(-786.0,-1609.0) yaw=-77.52 err=-2.08 gain=359.5 shuffles=0
outside-invariant: player stands inside near timberCabin.back.door.1 — exiting through it
outside-invariant: player stands inside near timberCabin.front.door.1 — exiting through it
  [trace] timberCabin.front.door.1 exit d=3m dLast=4m at=(-786.0,-1603.8) yaw=-84.83 err=0.00 gain=386.2 shuffles=0
outside-invariant: player stands inside near timberCabin.back.door.1 — exiting through it
  [trace] timberCabin.back.door.1 exit d=3m dLast=4m at=(-786.0,-1607.6) yaw=-87.97 err=-0.00 gain=386.4 shuffles=0
exit after timberCabin.back.door.1 wedged: restoreOutside: player still inside a structure after the exit ladder

[door] fortGrant.front.gate.0 (2341 m away)
outside-invariant: player stands inside near timberCabin.front.door.1 — exiting through it
outside-invariant: player stands inside near timberCabin.back.door.1 — exiting through it
  [trace] timberCabin.back.door.1 exit d=4m dLast=5m at=(-786.0,-1606.7) yaw=-94.25 err=-0.00 gain=387.5 shuffles=0
outside-invariant: player stands inside near timberCabin.front.door.1 — exiting through it
outside-invariant: player stands inside near timberCabin.back.door.1 — exiting through it
  [trace] timberCabin.back.door.1 exit d=7m dLast=7m at=(-786.0,-1603.9) yaw=-100.52 err=-0.14 gain=388.2 shuffles=0
  [trace] timberCabin.back.door.1 exit d=2m dLast=3m at=(-786.0,-1608.8) yaw=-100.54 err=-0.00 gain=388.2 shuffles=0
outside-invariant: player stands inside near timberCabin.front.door.1 — exiting through it
  [trace] timberCabin.front.door.1 exit d=2m dLast=3m at=(-786.0,-1602.6) yaw=-103.68 err=0.00 gain=388.1 shuffles=0
outside-invariant: player stands inside near timberCabin.back.door.1 — exiting through it
  [trace] timberCabin.back.door.1 exit d=6m dLast=7m at=(-786.0,-1605.0) yaw=-106.82 err=0.00 gain=386.5 shuffles=0
restore before fortGrant.front.gate.0 failed: restoreOutside: player still inside a structure after the exit ladder — attempting anyway
  [trace] fortGrant.front.gate.0 exterior d=2341m dLast=Infinitym at=(-786.0,-1609.2) yaw=-107.88 err=-2.78 gain=335.0 shuffles=0
  [trace] fortGrant.front.gate.0 exterior d=2336m dLast=2336m at=(-788.9,-1604.1) yaw=-109.60 err=-0.00 gain=385.9 shuffles=0
  [trace] fortGrant.front.gate.0 exterior d=2336m dLast=2336m at=(-788.9,-1604.1) yaw=-109.60 err=-0.00 gain=385.9 shuffles=0
  [trace] fortGrant.front.gate.0 exterior d=2336m dLast=2336m at=(-788.9,-1604.1) yaw=-109.60 err=-0.00 gain=385.9 shuffles=0
  [trace] fortGrant.front.gate.0 exterior d=2317m dLast=2318m at=(-792.9,-1585.0) yaw=-109.60 err=0.00 gain=408.4 shuffles=3
  [trace] fortGrant.front.gate.0 exterior d=2316m dLast=2317m at=(-793.3,-1585.0) yaw=-109.60 err=0.00 gain=408.4 shuffles=3
  [trace] fortGrant.front.gate.0 exterior d=2315m dLast=2315m at=(-795.9,-1584.9) yaw=-109.60 err=-0.00 gain=408.4 shuffles=3
  [trace] fortGrant.front.gate.0 exterior d=2315m dLast=2315m at=(-795.9,-1584.9) yaw=-109.60 err=-0.00 gain=410.6 shuffles=4
  [trace] fortGrant.front.gate.0 exterior d=2291m dLast=2293m at=(-813.3,-1564.7) yaw=-109.61 err=0.00 gain=412.3 shuffles=5
  [trace] fortGrant.front.gate.0 exterior d=2277m dLast=2279m at=(-818.3,-1551.8) yaw=-109.61 err=0.00 gain=412.3 shuffles=5
  [trace] fortGrant.front.gate.0 exterior d=2258m dLast=2259m at=(-825.0,-1533.3) yaw=-109.61 err=0.00 gain=412.3 shuffles=5
  [trace] fortGrant.front.gate.0 exterior d=2216m dLast=2217m at=(-839.4,-1493.9) yaw=-109.61 err=0.00 gain=412.3 shuffles=5
  [trace] fortGrant.front.gate.0 exterior d=2215m dLast=2216m at=(-839.8,-1492.9) yaw=-109.61 err=0.00 gain=412.3 shuffles=5
  [trace] fortGrant.front.gate.0 exterior d=2158m dLast=2159m at=(-859.4,-1439.2) yaw=-109.61 err=0.00 gain=412.3 shuffles=5
  [trace] fortGrant.front.gate.0 exterior d=2153m dLast=2154m at=(-861.1,-1434.7) yaw=-109.61 err=0.00 gain=412.3 shuffles=5
  [trace] fortGrant.front.gate.0 exterior d=2142m dLast=2143m at=(-864.9,-1424.4) yaw=-109.61 err=0.00 gain=412.3 shuffles=5
  [trace] fortGrant.front.gate.0 exterior d=2124m dLast=2125m at=(-871.0,-1407.7) yaw=-109.61 err=0.00 gain=412.3 shuffles=5
  [trace] fortGrant.front.gate.0 exterior d=2117m dLast=2118m at=(-873.4,-1401.3) yaw=-109.61 err=0.00 gain=412.3 shuffles=5
  [trace] fortGrant.front.gate.0 exterior d=2096m dLast=2097m at=(-880.8,-1381.0) yaw=-109.61 err=0.00 gain=412.3 shuffles=5
  [trace] fortGrant.front.gate.0 exterior d=2094m dLast=2096m at=(-881.2,-1379.7) yaw=-109.61 err=0.00 gain=412.3 shuffles=5
  [trace] fortGrant.front.gate.0 exterior d=2087m dLast=2089m at=(-883.5,-1373.5) yaw=-109.61 err=0.00 gain=412.3 shuffles=5
  [trace] fortGrant.front.gate.0 exterior d=2081m dLast=2082m at=(-885.6,-1367.6) yaw=-109.61 err=0.00 gain=412.3 shuffles=5
  [trace] fortGrant.front.gate.0 exterior d=2069m dLast=2070m at=(-890.4,-1356.4) yaw=-109.61 err=0.00 gain=412.3 shuffles=5
  [trace] fortGrant.front.gate.0 exterior d=2061m dLast=2062m at=(-893.3,-1348.6) yaw=-109.61 err=0.00 gain=412.3 shuffles=5
  [trace] fortGrant.front.gate.0 exterior d=2046m dLast=2047m at=(-898.4,-1334.5) yaw=-109.61 err=0.00 gain=412.3 shuffles=5
  [trace] fortGrant.front.gate.0 exterior d=2042m dLast=2043m at=(-899.8,-1330.7) yaw=-109.61 err=0.00 gain=412.3 shuffles=5
  [trace] fortGrant.front.gate.0 exterior d=2032m dLast=2033m at=(-903.3,-1321.3) yaw=-109.61 err=0.00 gain=412.3 shuffles=5
  [trace] fortGrant.front.gate.0 exterior d=2019m dLast=2020m at=(-907.2,-1309.2) yaw=-109.61 err=0.00 gain=412.3 shuffles=5
  [trace] fortGrant.front.gate.0 exterior d=2018m dLast=2019m at=(-907.6,-1308.2) yaw=-109.61 err=0.00 gain=412.3 shuffles=5
  [trace] fortGrant.front.gate.0 exterior d=2006m dLast=2007m at=(-910.7,-1297.3) yaw=-109.61 err=0.00 gain=412.3 shuffles=5
  [trace] fortGrant.front.gate.0 exterior d=2006m dLast=2006m at=(-911.1,-1297.2) yaw=-109.61 err=0.00 gain=412.3 shuffles=5
  [trace] fortGrant.front.gate.0 exterior d=1997m dLast=1998m at=(-914.7,-1288.4) yaw=-109.61 err=0.00 gain=412.3 shuffles=5
  [trace] fortGrant.front.gate.0 exterior d=1982m dLast=1983m at=(-920.0,-1274.1) yaw=-109.61 err=0.00 gain=412.3 shuffles=5
  [trace] fortGrant.front.gate.0 exterior d=1975m dLast=1977m at=(-922.1,-1268.3) yaw=-109.61 err=0.00 gain=412.3 shuffles=5
  [trace] fortGrant.front.gate.0 exterior d=1975m dLast=1975m at=(-922.4,-1267.4) yaw=-109.61 err=0.00 gain=412.3 shuffles=5
  [trace] fortGrant.front.gate.0 exterior d=1968m dLast=1969m at=(-924.8,-1260.8) yaw=-109.61 err=0.00 gain=412.3 shuffles=5
  [trace] fortGrant.front.gate.0 exterior d=1954m dLast=1954m at=(-928.8,-1249.3) yaw=-109.61 err=0.00 gain=412.3 shuffles=5
  [trace] fortGrant.front.gate.0 exterior d=1945m dLast=1946m at=(-917.4,-1234.0) yaw=-109.60 err=0.00 gain=413.7 shuffles=6
  [trace] fortGrant.front.gate.0 exterior d=1944m dLast=1945m at=(-917.8,-1233.0) yaw=-109.60 err=0.00 gain=413.7 shuffles=6
  [trace] fortGrant.front.gate.0 exterior d=1935m dLast=1936m at=(-920.9,-1224.7) yaw=-109.60 err=0.00 gain=413.7 shuffles=6
  [trace] fortGrant.front.gate.0 exterior d=1920m dLast=1920m at=(-926.4,-1210.1) yaw=-109.60 err=0.00 gain=413.7 shuffles=6
  [trace] fortGrant.front.gate.0 exterior d=1881m dLast=1882m at=(-939.9,-1173.9) yaw=-109.60 err=0.00 gain=413.7 shuffles=6
  [trace] fortGrant.front.gate.0 exterior d=1873m dLast=1874m at=(-942.7,-1166.3) yaw=-109.60 err=0.00 gain=413.7 shuffles=6
  [trace] fortGrant.front.gate.0 exterior d=1863m dLast=1865m at=(-946.0,-1157.6) yaw=-109.60 err=0.00 gain=413.7 shuffles=6
  [trace] fortGrant.front.gate.0 exterior d=1859m dLast=1860m at=(-947.4,-1153.9) yaw=-109.60 err=0.00 gain=413.7 shuffles=6
  [trace] fortGrant.front.gate.0 exterior d=1831m dLast=1832m at=(-957.4,-1126.9) yaw=-109.60 err=0.00 gain=413.7 shuffles=6
  [trace] fortGrant.front.gate.0 exterior d=1793m dLast=1794m at=(-970.5,-1091.9) yaw=-109.60 err=0.00 gain=413.7 shuffles=6
  [trace] fortGrant.front.gate.0 exterior d=1723m dLast=1723m at=(-995.3,-1025.5) yaw=-109.60 err=0.00 gain=413.7 shuffles=6
  [trace] fortGrant.front.gate.0 exterior d=1711m dLast=1712m at=(-999.4,-1014.6) yaw=-109.60 err=0.00 gain=413.7 shuffles=6
  [trace] fortGrant.front.gate.0 exterior d=1707m dLast=1708m at=(-1000.8,-1010.7) yaw=-109.60 err=0.00 gain=413.7 shuffles=6
  [trace] fortGrant.front.gate.0 exterior d=1692m dLast=1693m at=(-1006.0,-996.8) yaw=-109.60 err=0.00 gain=413.7 shuffles=6
  [trace] fortGrant.front.gate.0 exterior d=1684m dLast=1685m at=(-1008.8,-989.3) yaw=-109.60 err=0.00 gain=413.7 shuffles=6
  [trace] fortGrant.front.gate.0 exterior d=1682m dLast=1683m at=(-1009.5,-987.4) yaw=-109.60 err=0.00 gain=413.7 shuffles=6
  [trace] fortGrant.front.gate.0 exterior d=1681m dLast=1682m at=(-1009.9,-986.5) yaw=-109.60 err=0.00 gain=413.7 shuffles=6
  [trace] fortGrant.front.gate.0 exterior d=1677m dLast=1679m at=(-1011.0,-983.5) yaw=-109.60 err=0.00 gain=413.7 shuffles=6
  [trace] fortGrant.front.gate.0 exterior d=1672m dLast=1673m at=(-1012.8,-978.7) yaw=-109.60 err=0.00 gain=413.7 shuffles=6
  [trace] fortGrant.front.gate.0 exterior d=1668m dLast=1669m at=(-1014.2,-975.0) yaw=-109.60 err=0.00 gain=413.7 shuffles=6
  [trace] fortGrant.front.gate.0 exterior d=1655m dLast=1656m at=(-1019.0,-962.0) yaw=-109.60 err=0.00 gain=413.7 shuffles=6
  [trace] fortGrant.front.gate.0 exterior d=1638m dLast=1639m at=(-1024.7,-946.8) yaw=-109.60 err=0.00 gain=413.7 shuffles=6
  [trace] fortGrant.front.gate.0 exterior d=1627m dLast=1629m at=(-1028.6,-936.3) yaw=-109.60 err=0.00 gain=413.7 shuffles=6
  [trace] fortGrant.front.gate.0 exterior d=1610m dLast=1611m at=(-1034.6,-920.4) yaw=-109.60 err=0.00 gain=413.7 shuffles=6
  [trace] fortGrant.front.gate.0 exterior d=1595m dLast=1596m at=(-1039.8,-906.4) yaw=-109.60 err=0.00 gain=413.7 shuffles=6
  [trace] fortGrant.front.gate.0 exterior d=1583m dLast=1584m at=(-1044.0,-895.0) yaw=-109.60 err=0.00 gain=413.7 shuffles=6
  [trace] fortGrant.front.gate.0 exterior d=1576m dLast=1577m at=(-1046.5,-888.4) yaw=-109.60 err=0.00 gain=413.7 shuffles=6
  [trace] fortGrant.front.gate.0 exterior d=1564m dLast=1565m at=(-1050.6,-877.3) yaw=-109.60 err=0.00 gain=413.7 shuffles=6
  [trace] fortGrant.front.gate.0 exterior d=1553m dLast=1555m at=(-1054.4,-867.3) yaw=-109.60 err=0.00 gain=413.7 shuffles=6
  [trace] fortGrant.front.gate.0 exterior d=1541m dLast=1542m at=(-1058.6,-856.0) yaw=-109.60 err=0.00 gain=413.7 shuffles=6
  [trace] fortGrant.front.gate.0 exterior d=1529m dLast=1530m at=(-1062.8,-844.8) yaw=-109.60 err=0.00 gain=413.7 shuffles=6
  [trace] fortGrant.front.gate.0 exterior d=1508m dLast=1509m at=(-1070.3,-824.6) yaw=-109.60 err=0.00 gain=413.7 shuffles=6
  [trace] fortGrant.front.gate.0 exterior d=1496m dLast=1497m at=(-1074.4,-813.6) yaw=-109.60 err=0.00 gain=413.7 shuffles=6
  [trace] fortGrant.front.gate.0 exterior d=1474m dLast=1475m at=(-1082.2,-792.7) yaw=-109.60 err=0.00 gain=413.7 shuffles=6
  [trace] fortGrant.front.gate.0 exterior d=1461m dLast=1462m at=(-1086.9,-780.3) yaw=-109.60 err=0.00 gain=413.7 shuffles=6
  [trace] fortGrant.front.gate.0 exterior d=1446m dLast=1446m at=(-1092.1,-766.2) yaw=-109.60 err=0.00 gain=413.7 shuffles=6
  [trace] fortGrant.front.gate.0 exterior d=1403m dLast=1404m at=(-1107.1,-726.2) yaw=-109.60 err=0.00 gain=413.7 shuffles=6
  [trace] fortGrant.front.gate.0 exterior d=1373m dLast=1375m at=(-1117.4,-698.6) yaw=-109.60 err=0.00 gain=413.7 shuffles=6
  [trace] fortGrant.front.gate.0 exterior d=1365m dLast=1366m at=(-1120.3,-690.8) yaw=-109.60 err=0.00 gain=413.7 shuffles=6
  [trace] fortGrant.front.gate.0 exterior d=1364m dLast=1365m at=(-1120.6,-690.0) yaw=-109.60 err=0.00 gain=413.7 shuffles=6
  [trace] fortGrant.front.gate.0 exterior d=1346m dLast=1347m at=(-1127.1,-672.4) yaw=-109.60 err=0.00 gain=413.7 shuffles=6
  [trace] fortGrant.front.gate.0 exterior d=1318m dLast=1319m at=(-1136.6,-647.1) yaw=-109.60 err=0.00 gain=413.7 shuffles=6
  [trace] fortGrant.front.gate.0 exterior d=1314m dLast=1315m at=(-1138.1,-643.1) yaw=-109.60 err=0.00 gain=413.7 shuffles=6
  [trace] fortGrant.front.gate.0 exterior d=1302m dLast=1303m at=(-1142.3,-631.7) yaw=-109.60 err=0.00 gain=413.7 shuffles=6
  [trace] fortGrant.front.gate.0 exterior d=1300m dLast=1301m at=(-1143.2,-629.5) yaw=-109.60 err=0.00 gain=413.7 shuffles=6
  [trace] fortGrant.front.gate.0 exterior d=1299m dLast=1300m at=(-1143.5,-628.6) yaw=-109.60 err=0.00 gain=413.7 shuffles=6
  [trace] fortGrant.front.gate.0 exterior d=1292m dLast=1293m at=(-1145.9,-622.2) yaw=-109.60 err=0.00 gain=413.7 shuffles=6
  [trace] fortGrant.front.gate.0 exterior d=1286m dLast=1287m at=(-1148.0,-616.6) yaw=-109.60 err=0.00 gain=413.7 shuffles=6
  [trace] fortGrant.front.gate.0 exterior d=1283m dLast=1284m at=(-1149.1,-613.7) yaw=-109.60 err=0.00 gain=413.7 shuffles=6
  [trace] fortGrant.front.gate.0 exterior d=1278m dLast=1279m at=(-1150.8,-609.0) yaw=-109.60 err=0.00 gain=413.7 shuffles=6
  [trace] fortGrant.front.gate.0 exterior d=1227m dLast=1229m at=(-1168.4,-561.8) yaw=-109.60 err=0.00 gain=413.7 shuffles=6
  [trace] fortGrant.front.gate.0 exterior d=1195m dLast=1196m at=(-1179.7,-531.5) yaw=-109.60 err=0.00 gain=413.7 shuffles=6
  [trace] fortGrant.front.gate.0 exterior d=1186m dLast=1187m at=(-1182.9,-523.0) yaw=-109.60 err=0.00 gain=413.7 shuffles=6
  [trace] fortGrant.front.gate.0 exterior d=1179m dLast=1180m at=(-1185.5,-516.1) yaw=-109.60 err=0.00 gain=413.7 shuffles=6
  [trace] fortGrant.front.gate.0 exterior d=1143m dLast=1144m at=(-1198.0,-482.7) yaw=-109.60 err=0.00 gain=413.7 shuffles=6
  [trace] fortGrant.front.gate.0 exterior d=1142m dLast=1143m at=(-1198.4,-481.7) yaw=-109.60 err=0.00 gain=413.7 shuffles=6
  [trace] fortGrant.front.gate.0 exterior d=1139m dLast=1140m at=(-1199.5,-478.6) yaw=-109.60 err=0.00 gain=413.7 shuffles=6
  [trace] fortGrant.front.gate.0 exterior d=1132m dLast=1133m at=(-1201.8,-472.6) yaw=-109.60 err=0.00 gain=413.7 shuffles=6
  [trace] fortGrant.front.gate.0 exterior d=1096m dLast=1097m at=(-1214.6,-438.4) yaw=-109.60 err=0.00 gain=413.7 shuffles=6
  [trace] fortGrant.front.gate.0 exterior d=1094m dLast=1095m at=(-1215.4,-436.4) yaw=-109.60 err=0.00 gain=413.7 shuffles=6
  [trace] fortGrant.front.gate.0 exterior d=1079m dLast=1080m at=(-1220.3,-423.3) yaw=-109.60 err=0.00 gain=413.7 shuffles=6
  [trace] fortGrant.front.gate.0 exterior d=1074m dLast=1075m at=(-1222.2,-418.1) yaw=-109.60 err=0.00 gain=413.7 shuffles=6
  [trace] fortGrant.front.gate.0 exterior d=1065m dLast=1066m at=(-1225.3,-410.1) yaw=-109.60 err=0.00 gain=413.7 shuffles=6
  [trace] fortGrant.front.gate.0 exterior d=1060m dLast=1061m at=(-1227.1,-405.2) yaw=-109.60 err=0.00 gain=413.7 shuffles=6
  [trace] fortGrant.front.gate.0 exterior d=1053m dLast=1054m at=(-1229.8,-398.1) yaw=-109.60 err=0.00 gain=413.7 shuffles=6
  [trace] fortGrant.front.gate.0 exterior d=1041m dLast=1042m at=(-1233.9,-387.1) yaw=-109.60 err=0.00 gain=413.7 shuffles=6
  [trace] fortGrant.front.gate.0 exterior d=1025m dLast=1027m at=(-1239.4,-372.6) yaw=-109.60 err=0.00 gain=413.7 shuffles=6
  [trace] fortGrant.front.gate.0 exterior d=997m dLast=998m at=(-1249.3,-346.3) yaw=-109.60 err=0.00 gain=413.7 shuffles=6
  [trace] fortGrant.front.gate.0 exterior d=971m dLast=973m at=(-1258.5,-321.8) yaw=-109.60 err=0.00 gain=413.7 shuffles=6
  [trace] fortGrant.front.gate.0 exterior d=956m dLast=957m at=(-1263.8,-307.5) yaw=-109.60 err=0.00 gain=413.7 shuffles=6
  [trace] fortGrant.front.gate.0 exterior d=955m dLast=956m at=(-1264.2,-306.6) yaw=-109.60 err=0.00 gain=413.7 shuffles=6
  [trace] fortGrant.front.gate.0 exterior d=950m dLast=951m at=(-1266.1,-301.6) yaw=-109.60 err=0.00 gain=413.7 shuffles=6
  [trace] fortGrant.front.gate.0 exterior d=942m dLast=943m at=(-1268.7,-294.6) yaw=-109.60 err=0.00 gain=413.7 shuffles=6
  [trace] fortGrant.front.gate.0 exterior d=941m dLast=942m at=(-1269.1,-293.6) yaw=-109.60 err=0.00 gain=413.7 shuffles=6
  [trace] fortGrant.front.gate.0 exterior d=936m dLast=937m at=(-1270.9,-288.7) yaw=-109.60 err=0.00 gain=413.7 shuffles=6
  [trace] fortGrant.front.gate.0 exterior d=935m dLast=936m at=(-1271.3,-287.6) yaw=-109.60 err=0.00 gain=413.7 shuffles=6
  [trace] fortGrant.front.gate.0 exterior d=928m dLast=929m at=(-1273.7,-281.4) yaw=-109.60 err=0.00 gain=413.7 shuffles=6
  [trace] fortGrant.front.gate.0 exterior d=920m dLast=921m at=(-1276.4,-274.2) yaw=-109.60 err=0.00 gain=413.7 shuffles=6
  [trace] fortGrant.front.gate.0 exterior d=911m dLast=912m at=(-1279.7,-265.3) yaw=-109.60 err=0.00 gain=413.7 shuffles=6
  [trace] fortGrant.front.gate.0 exterior d=908m dLast=909m at=(-1280.8,-262.4) yaw=-109.60 err=0.00 gain=413.7 shuffles=6
  [trace] fortGrant.front.gate.0 exterior d=896m dLast=897m at=(-1285.0,-251.3) yaw=-109.60 err=0.00 gain=413.7 shuffles=6
  [trace] fortGrant.front.gate.0 exterior d=848m dLast=849m at=(-1301.8,-206.6) yaw=-109.60 err=0.00 gain=413.7 shuffles=6
  [trace] fortGrant.front.gate.0 exterior d=846m dLast=847m at=(-1302.7,-204.2) yaw=-109.60 err=0.00 gain=413.7 shuffles=6
  [trace] fortGrant.front.gate.0 exterior d=830m dLast=832m at=(-1308.0,-190.2) yaw=-109.60 err=0.00 gain=413.7 shuffles=6
  [trace] fortGrant.front.gate.0 exterior d=829m dLast=830m at=(-1308.4,-189.2) yaw=-109.60 err=0.00 gain=413.7 shuffles=6
  [trace] fortGrant.front.gate.0 exterior d=828m dLast=829m at=(-1308.7,-188.2) yaw=-109.60 err=0.00 gain=413.7 shuffles=6
  [trace] fortGrant.front.gate.0 exterior d=823m dLast=824m at=(-1310.6,-183.2) yaw=-109.60 err=0.00 gain=413.7 shuffles=6
  [trace] fortGrant.front.gate.0 exterior d=819m dLast=820m at=(-1312.1,-179.1) yaw=-109.60 err=0.00 gain=413.7 shuffles=6
  [trace] fortGrant.front.gate.0 exterior d=804m dLast=806m at=(-1317.2,-165.7) yaw=-109.60 err=0.00 gain=413.7 shuffles=6
  [trace] fortGrant.front.gate.0 exterior d=802m dLast=803m at=(-1318.0,-163.6) yaw=-109.60 err=0.00 gain=413.7 shuffles=6
nav route for fortGrant.front.gate.0 exterior via Abandoned Fort Grant: 116 hops, 2620 m (straight-line from here: 792 m)
  [trace] fortGrant.front.gate.0 approach wp0/115 (trail) d=125m dLast=126m at=(-1318.3,-161.1) yaw=-112.66 err=0.00 gain=388.5 shuffles=0
  [trace] fortGrant.front.gate.0 approach wp0/115 (trail) d=105m dLast=106m at=(-1309.7,-179.6) yaw=-112.66 err=0.00 gain=388.5 shuffles=0
  [trace] fortGrant.front.gate.0 approach wp0/115 (trail) d=104m dLast=105m at=(-1309.3,-180.5) yaw=-112.66 err=0.00 gain=388.5 shuffles=0
  [trace] fortGrant.front.gate.0 approach wp0/115 (trail) d=96m dLast=97m at=(-1305.9,-187.8) yaw=-112.66 err=0.00 gain=388.5 shuffles=0
  [trace] fortGrant.front.gate.0 approach wp0/115 (trail) d=92m dLast=93m at=(-1304.3,-191.3) yaw=-112.66 err=0.00 gain=388.5 shuffles=0
  [trace] fortGrant.front.gate.0 approach wp0/115 (trail) d=88m dLast=89m at=(-1302.5,-195.3) yaw=-112.66 err=0.00 gain=388.5 shuffles=0
  [trace] fortGrant.front.gate.0 approach wp0/115 (trail) d=65m dLast=66m at=(-1292.8,-216.0) yaw=-112.66 err=0.00 gain=388.5 shuffles=0
  [trace] fortGrant.front.gate.0 approach wp0/115 (trail) d=41m dLast=42m at=(-1282.9,-237.3) yaw=-112.66 err=0.00 gain=388.5 shuffles=0
  [trace] fortGrant.front.gate.0 approach wp0/115 (trail) d=37m dLast=38m at=(-1281.4,-240.5) yaw=-112.66 err=0.00 gain=388.5 shuffles=0
  [trace] fortGrant.front.gate.0 approach wp0/115 (trail) d=32m dLast=33m at=(-1279.2,-245.4) yaw=-112.66 err=0.00 gain=388.5 shuffles=0
  [trace] fortGrant.front.gate.0 approach wp0/115 (trail) d=30m dLast=31m at=(-1278.5,-246.8) yaw=-112.66 err=0.00 gain=388.5 shuffles=0
  [trace] fortGrant.front.gate.0 approach wp0/115 (trail) d=19m dLast=20m at=(-1273.8,-256.9) yaw=-112.66 err=0.00 gain=388.5 shuffles=0
  [trace] fortGrant.front.gate.0 approach wp2/115 (trail) d=37m dLast=37m at=(-1259.8,-259.6) yaw=-111.34 err=0.00 gain=380.4 shuffles=0
  [trace] fortGrant.front.gate.0 approach wp2/115 (trail) d=31m dLast=32m at=(-1254.3,-258.5) yaw=-111.34 err=0.00 gain=380.4 shuffles=0
  [trace] fortGrant.front.gate.0 approach wp2/115 (trail) d=29m dLast=30m at=(-1252.0,-258.1) yaw=-111.34 err=0.00 gain=380.4 shuffles=0
  [trace] fortGrant.front.gate.0 approach wp2/115 (trail) d=25m dLast=26m at=(-1248.6,-257.5) yaw=-111.34 err=0.00 gain=380.4 shuffles=0
  [trace] fortGrant.front.gate.0 approach wp2/115 (trail) d=24m dLast=24m at=(-1247.1,-257.2) yaw=-111.34 err=0.00 gain=380.4 shuffles=0
  [trace] fortGrant.front.gate.0 approach wp2/115 (trail) d=15m dLast=16m at=(-1238.7,-255.6) yaw=-111.34 err=0.00 gain=380.4 shuffles=0
  [trace] fortGrant.front.gate.0 approach wp4/115 (trail) d=51m dLast=53m at=(-1230.3,-243.8) yaw=-111.28 err=-0.01 gain=388.0 shuffles=1
  [trace] fortGrant.front.gate.0 approach wp4/115 (trail) d=48m dLast=49m at=(-1228.3,-243.3) yaw=-111.28 err=0.00 gain=388.0 shuffles=1
  [trace] fortGrant.front.gate.0 approach wp4/115 (trail) d=29m dLast=29m at=(-1209.9,-238.6) yaw=-111.28 err=0.00 gain=388.0 shuffles=1
  [trace] fortGrant.front.gate.0 approach wp4/115 (trail) d=28m dLast=29m at=(-1209.3,-238.5) yaw=-111.28 err=0.00 gain=388.0 shuffles=1
  [trace] fortGrant.front.gate.0 approach wp4/115 (trail) d=25m dLast=25m at=(-1206.0,-237.6) yaw=-111.28 err=0.00 gain=388.0 shuffles=1
  [trace] fortGrant.front.gate.0 approach wp4/115 (trail) d=21m dLast=21m at=(-1202.1,-236.6) yaw=-111.28 err=0.00 gain=388.0 shuffles=1
  [trace] fortGrant.front.gate.0 approach wp4/115 (trail) d=20m dLast=20m at=(-1201.0,-236.4) yaw=-111.28 err=0.00 gain=388.0 shuffles=1
  [trace] fortGrant.front.gate.0 approach wp4/115 (trail) d=10m dLast=10m at=(-1191.3,-233.9) yaw=-111.28 err=0.00 gain=388.0 shuffles=1
  [trace] fortGrant.front.gate.0 approach wp6/115 (trail) d=53m dLast=Infinitym at=(-1188.9,-233.3) yaw=-111.14 err=0.19 gain=335.3 shuffles=0
  [trace] fortGrant.front.gate.0 approach wp6/115 (trail) d=53m dLast=53m at=(-1188.9,-233.3) yaw=-111.09 err=0.00 gain=362.0 shuffles=0
  [trace] fortGrant.front.gate.0 approach wp6/115 (trail) d=18m dLast=18m at=(-1157.3,-214.8) yaw=-111.27 err=-0.00 gain=388.7 shuffles=1
  [trace] fortGrant.front.gate.0 approach wp8/115 (trail) d=53m dLast=53m at=(-1147.0,-212.1) yaw=-111.09 err=0.00 gain=360.7 shuffles=0
  [trace] fortGrant.front.gate.0 approach wp8/115 (trail) d=48m dLast=49m at=(-1144.5,-201.3) yaw=-111.27 err=0.00 gain=388.7 shuffles=1
  [trace] fortGrant.front.gate.0 approach wp8/115 (trail) d=27m dLast=28m at=(-1124.6,-196.1) yaw=-111.27 err=0.00 gain=388.7 shuffles=1
  [trace] fortGrant.front.gate.0 approach wp8/115 (trail) d=25m dLast=26m at=(-1122.9,-195.7) yaw=-111.27 err=0.00 gain=388.7 shuffles=1
  [trace] fortGrant.front.gate.0 approach wp8/115 (trail) d=22m dLast=23m at=(-1120.2,-195.0) yaw=-111.27 err=0.00 gain=388.7 shuffles=1
  [trace] fortGrant.front.gate.0 approach wp8/115 (trail) d=20m dLast=21m at=(-1117.7,-194.3) yaw=-111.27 err=0.00 gain=388.7 shuffles=1
  [trace] fortGrant.front.gate.0 approach wp8/115 (trail) d=19m dLast=20m at=(-1117.1,-194.2) yaw=-111.27 err=0.00 gain=388.7 shuffles=1
  [trace] fortGrant.front.gate.0 approach wp8/115 (trail) d=17m dLast=17m at=(-1114.8,-193.6) yaw=-111.27 err=0.00 gain=388.7 shuffles=1
  [trace] fortGrant.front.gate.0 approach wp8/115 (trail) d=14m dLast=15m at=(-1112.5,-193.0) yaw=-111.27 err=0.00 gain=388.7 shuffles=1
  [trace] fortGrant.front.gate.0 approach wp10/115 (trail) d=54m dLast=54m at=(-1105.4,-191.2) yaw=-111.09 err=0.00 gain=367.5 shuffles=0
  [trace] fortGrant.front.gate.0 approach wp10/115 (trail) d=54m dLast=54m at=(-1105.4,-191.2) yaw=-111.09 err=0.00 gain=367.5 shuffles=0
  [trace] fortGrant.front.gate.0 approach wp10/115 (trail) d=51m dLast=53m at=(-1105.2,-180.9) yaw=-111.27 err=0.00 gain=392.0 shuffles=1
  [trace] fortGrant.front.gate.0 approach wp10/115 (trail) d=49m dLast=50m at=(-1102.9,-180.3) yaw=-111.27 err=0.00 gain=392.0 shuffles=1
  [trace] fortGrant.front.gate.0 approach wp10/115 (trail) d=23m dLast=23m at=(-1078.3,-174.0) yaw=-111.27 err=0.00 gain=392.0 shuffles=1
  [trace] fortGrant.front.gate.0 approach wp10/115 (trail) d=14m dLast=14m at=(-1069.6,-171.7) yaw=-111.27 err=0.00 gain=392.0 shuffles=1
  [trace] fortGrant.front.gate.0 approach wp12/115 (trail) d=54m dLast=54m at=(-1063.3,-170.1) yaw=-111.09 err=0.00 gain=366.0 shuffles=0
  [trace] fortGrant.front.gate.0 approach wp12/115 (trail) d=53m dLast=54m at=(-1063.8,-160.0) yaw=-111.27 err=-0.01 gain=390.0 shuffles=1
  [trace] fortGrant.front.gate.0 approach wp12/115 (trail) d=37m dLast=37m at=(-1049.8,-156.4) yaw=-111.27 err=-0.00 gain=390.0 shuffles=1
  [trace] fortGrant.front.gate.0 approach wp12/115 (trail) d=34m dLast=35m at=(-1047.5,-155.8) yaw=-111.27 err=-0.00 gain=390.0 shuffles=1
  [trace] fortGrant.front.gate.0 approach wp12/115 (trail) d=22m dLast=22m at=(-1035.1,-152.6) yaw=-111.27 err=-0.00 gain=390.0 shuffles=1
  [trace] fortGrant.front.gate.0 approach wp12/115 (trail) d=20m dLast=21m at=(-1034.0,-152.3) yaw=-111.27 err=-0.00 gain=390.0 shuffles=1
  [trace] fortGrant.front.gate.0 approach wp14/115 (trail) d=54m dLast=54m at=(-1025.1,-139.8) yaw=-111.12 err=-1.22 gain=379.9 shuffles=1
  [trace] fortGrant.front.gate.0 approach wp14/115 (trail) d=37m dLast=37m at=(-1007.9,-135.3) yaw=-111.28 err=-0.00 gain=390.4 shuffles=1
  [trace] fortGrant.front.gate.0 approach wp14/115 (trail) d=28m dLast=29m at=(-999.3,-133.1) yaw=-111.28 err=-0.00 gain=390.4 shuffles=1
  [trace] fortGrant.front.gate.0 approach wp14/115 (trail) d=15m dLast=15m at=(-986.4,-129.8) yaw=-111.28 err=-0.00 gain=390.4 shuffles=1
  [trace] fortGrant.front.gate.0 approach wp14/115 (trail) d=10m dLast=11m at=(-981.4,-128.5) yaw=-111.28 err=0.00 gain=390.4 shuffles=1
  [trace] fortGrant.front.gate.0 approach wp14/115 (trail) d=9m dLast=10m at=(-980.9,-128.4) yaw=-111.28 err=0.00 gain=390.4 shuffles=1
  [trace] fortGrant.front.gate.0 approach wp16/115 (trail) d=54m dLast=54m at=(-979.1,-128.0) yaw=-111.09 err=0.00 gain=362.6 shuffles=0
  [trace] fortGrant.front.gate.0 approach wp16/115 (trail) d=54m dLast=54m at=(-979.1,-128.0) yaw=-111.09 err=0.00 gain=362.6 shuffles=0
  [trace] fortGrant.front.gate.0 approach wp16/115 (trail) d=43m dLast=44m at=(-971.3,-115.8) yaw=-111.28 err=0.00 gain=388.3 shuffles=1
  [trace] fortGrant.front.gate.0 approach wp16/115 (trail) d=27m dLast=28m at=(-956.2,-111.9) yaw=-111.28 err=0.00 gain=388.3 shuffles=1
  [trace] fortGrant.front.gate.0 approach wp16/115 (trail) d=20m dLast=20m at=(-949.3,-110.1) yaw=-111.28 err=0.00 gain=388.3 shuffles=1
  [trace] fortGrant.front.gate.0 approach wp16/115 (trail) d=19m dLast=20m at=(-948.7,-110.0) yaw=-111.28 err=0.00 gain=388.3 shuffles=1
  [trace] fortGrant.front.gate.0 approach wp16/115 (trail) d=18m dLast=19m at=(-947.7,-109.7) yaw=-111.28 err=0.00 gain=388.3 shuffles=1
  [trace] fortGrant.front.gate.0 approach wp16/115 (trail) d=16m dLast=17m at=(-945.9,-109.2) yaw=-111.28 err=0.00 gain=388.3 shuffles=1
  [trace] fortGrant.front.gate.0 approach wp16/115 (trail) d=8m dLast=8m at=(-937.4,-107.0) yaw=-111.27 err=0.00 gain=388.3 shuffles=1
  [trace] fortGrant.front.gate.0 approach wp18/115 (trail) d=53m dLast=53m at=(-936.9,-106.9) yaw=-111.10 err=0.05 gain=366.9 shuffles=0
  [trace] fortGrant.front.gate.0 approach wp18/115 (trail) d=53m dLast=53m at=(-936.9,-106.9) yaw=-111.09 err=0.00 gain=366.9 shuffles=0
  [trace] fortGrant.front.gate.0 approach wp18/115 (trail) d=27m dLast=27m at=(-913.7,-90.6) yaw=-111.28 err=0.00 gain=391.3 shuffles=1
  [trace] fortGrant.front.gate.0 approach wp18/115 (trail) d=24m dLast=25m at=(-911.4,-90.1) yaw=-111.28 err=0.00 gain=391.3 shuffles=1
  [trace] fortGrant.front.gate.0 approach wp18/115 (trail) d=11m dLast=11m at=(-898.4,-86.8) yaw=-111.28 err=0.00 gain=391.3 shuffles=1
  [trace] fortGrant.front.gate.0 approach wp20/115 (trail) d=45m dLast=46m at=(-889.3,-74.0) yaw=-111.28 err=-0.00 gain=388.6 shuffles=1
  [trace] fortGrant.front.gate.0 approach wp20/115 (trail) d=41m dLast=42m at=(-885.2,-73.0) yaw=-111.28 err=-0.00 gain=388.6 shuffles=1
  [trace] fortGrant.front.gate.0 approach wp20/115 (trail) d=35m dLast=35m at=(-879.4,-71.5) yaw=-111.28 err=-0.00 gain=388.6 shuffles=1
  [trace] fortGrant.front.gate.0 approach wp20/115 (trail) d=32m dLast=33m at=(-877.0,-70.9) yaw=-111.28 err=-0.00 gain=388.6 shuffles=1
  [trace] fortGrant.front.gate.0 approach wp20/115 (trail) d=31m dLast=32m at=(-876.4,-70.8) yaw=-111.28 err=-0.00 gain=388.6 shuffles=1
  [trace] fortGrant.front.gate.0 approach wp20/115 (trail) d=17m dLast=17m at=(-862.1,-67.1) yaw=-111.28 err=-0.00 gain=388.6 shuffles=1
  [trace] fortGrant.front.gate.0 approach wp22/115 (trail) d=44m dLast=46m at=(-846.4,-52.8) yaw=-111.28 err=0.00 gain=391.5 shuffles=1
  [trace] fortGrant.front.gate.0 approach wp22/115 (trail) d=43m dLast=44m at=(-844.3,-52.3) yaw=-111.28 err=0.00 gain=391.5 shuffles=1
  [trace] fortGrant.front.gate.0 approach wp22/115 (trail) d=24m dLast=25m at=(-827.1,-47.9) yaw=-111.28 err=0.00 gain=391.5 shuffles=1
  [trace] fortGrant.front.gate.0 approach wp24/115 (trail) d=54m dLast=54m at=(-810.9,-43.8) yaw=-111.09 err=0.00 gain=362.1 shuffles=0
  [trace] fortGrant.front.gate.0 approach wp24/115 (trail) d=54m dLast=54m at=(-810.9,-43.8) yaw=-111.09 err=0.00 gain=362.1 shuffles=0
  [trace] fortGrant.front.gate.0 approach wp24/115 (trail) d=49m dLast=50m at=(-808.3,-33.0) yaw=-111.27 err=-0.00 gain=388.6 shuffles=1
  [trace] fortGrant.front.gate.0 approach wp24/115 (trail) d=43m dLast=44m at=(-802.9,-31.6) yaw=-111.27 err=-0.00 gain=388.6 shuffles=1
  [trace] fortGrant.front.gate.0 approach wp24/115 (trail) d=42m dLast=43m at=(-801.8,-31.3) yaw=-111.27 err=-0.00 gain=388.6 shuffles=1
  [trace] fortGrant.front.gate.0 approach wp24/115 (trail) d=38m dLast=38m at=(-798.0,-30.3) yaw=-111.27 err=-0.00 gain=388.6 shuffles=1
  [trace] fortGrant.front.gate.0 approach wp24/115 (trail) d=34m dLast=35m at=(-794.5,-29.4) yaw=-111.27 err=-0.00 gain=388.6 shuffles=1
  [trace] fortGrant.front.gate.0 approach wp24/115 (trail) d=33m dLast=34m at=(-794.0,-29.3) yaw=-111.27 err=-0.00 gain=388.6 shuffles=1
  [trace] fortGrant.front.gate.0 approach wp24/115 (trail) d=25m dLast=26m at=(-785.9,-27.2) yaw=-111.27 err=-0.00 gain=388.6 shuffles=1
  [trace] fortGrant.front.gate.0 approach wp24/115 (trail) d=18m dLast=19m at=(-778.9,-25.4) yaw=-111.27 err=-0.00 gain=388.6 shuffles=1
  [trace] fortGrant.front.gate.0 approach wp24/115 (trail) d=10m dLast=10m at=(-770.8,-23.3) yaw=-111.27 err=-0.00 gain=388.6 shuffles=1
  [trace] fortGrant.front.gate.0 approach wp26/115 (trail) d=54m dLast=54m at=(-772.3,-13.1) yaw=-111.12 err=-1.22 gain=380.6 shuffles=1
  [trace] fortGrant.front.gate.0 approach wp26/115 (trail) d=39m dLast=40m at=(-757.6,-9.4) yaw=-111.28 err=-0.00 gain=391.0 shuffles=1
  [trace] fortGrant.front.gate.0 approach wp26/115 (trail) d=39m dLast=39m at=(-756.9,-9.2) yaw=-111.28 err=-0.00 gain=391.0 shuffles=1
  [trace] fortGrant.front.gate.0 approach wp26/115 (trail) d=34m dLast=34m at=(-752.4,-8.1) yaw=-111.28 err=-0.00 gain=391.0 shuffles=1
  [trace] fortGrant.front.gate.0 approach wp26/115 (trail) d=33m dLast=33m at=(-751.2,-7.8) yaw=-111.28 err=-0.00 gain=391.0 shuffles=1
  [trace] fortGrant.front.gate.0 approach wp26/115 (trail) d=29m dLast=29m at=(-747.1,-6.8) yaw=-111.28 err=-0.00 gain=391.0 shuffles=1
  [trace] fortGrant.front.gate.0 approach wp26/115 (trail) d=26m dLast=27m at=(-744.9,-6.2) yaw=-111.28 err=-0.00 gain=391.0 shuffles=1
  [trace] fortGrant.front.gate.0 approach wp28/115 (trail) d=52m dLast=52m at=(-726.6,-1.6) yaw=-110.84 err=0.00 gain=362.4 shuffles=0
  [trace] fortGrant.front.gate.0 approach wp28/115 (trail) d=52m dLast=52m at=(-726.6,-1.6) yaw=-110.84 err=0.00 gain=362.4 shuffles=0
  [trace] fortGrant.front.gate.0 approach wp28/115 (trail) d=46m dLast=47m at=(-726.0,10.0) yaw=-111.03 err=0.00 gain=388.3 shuffles=1
  [trace] fortGrant.front.gate.0 approach wp28/115 (trail) d=42m dLast=43m at=(-722.5,11.9) yaw=-111.03 err=0.00 gain=388.3 shuffles=1
  [trace] fortGrant.front.gate.0 approach wp28/115 (trail) d=20m dLast=21m at=(-703.8,22.1) yaw=-111.03 err=0.00 gain=388.3 shuffles=1
  [trace] fortGrant.front.gate.0 approach wp28/115 (trail) d=17m dLast=18m at=(-700.8,23.7) yaw=-111.03 err=0.00 gain=388.3 shuffles=1
  [trace] fortGrant.front.gate.0 approach wp28/115 (trail) d=15m dLast=15m at=(-698.9,24.8) yaw=-111.03 err=0.00 gain=388.3 shuffles=1
  [trace] fortGrant.front.gate.0 approach wp30/115 (trail) d=53m dLast=53m at=(-697.3,36.8) yaw=-110.98 err=-0.16 gain=390.8 shuffles=1
  [trace] fortGrant.front.gate.0 approach wp30/115 (trail) d=37m dLast=37m at=(-683.8,44.8) yaw=-110.99 err=-0.00 gain=390.8 shuffles=1
  [trace] fortGrant.front.gate.0 approach wp30/115 (trail) d=33m dLast=33m at=(-680.2,46.9) yaw=-110.99 err=-0.00 gain=390.8 shuffles=1
  [trace] fortGrant.front.gate.0 approach wp30/115 (trail) d=30m dLast=30m at=(-677.6,48.4) yaw=-110.99 err=-0.00 gain=390.8 shuffles=1
  [trace] fortGrant.front.gate.0 approach wp30/115 (trail) d=29m dLast=30m at=(-677.1,48.7) yaw=-110.99 err=-0.00 gain=390.8 shuffles=1
  [trace] fortGrant.front.gate.0 approach wp30/115 (trail) d=27m dLast=28m at=(-675.7,49.6) yaw=-110.99 err=-0.00 gain=390.8 shuffles=1
  [trace] fortGrant.front.gate.0 approach wp30/115 (trail) d=26m dLast=26m at=(-674.1,50.5) yaw=-110.99 err=-0.00 gain=390.8 shuffles=1
  [trace] fortGrant.front.gate.0 approach wp30/115 (trail) d=20m dLast=20m at=(-669.2,53.4) yaw=-110.99 err=-0.00 gain=390.8 shuffles=1
  [trace] fortGrant.front.gate.0 approach wp30/115 (trail) d=18m dLast=19m at=(-667.7,54.3) yaw=-110.99 err=-0.00 gain=390.8 shuffles=1
  [trace] fortGrant.front.gate.0 approach wp30/115 (trail) d=16m dLast=17m at=(-666.2,55.2) yaw=-110.99 err=-0.00 gain=390.8 shuffles=1
  [trace] fortGrant.front.gate.0 approach wp30/115 (trail) d=14m dLast=15m at=(-663.9,56.6) yaw=-111.00 err=0.00 gain=390.8 shuffles=1
  [trace] fortGrant.front.gate.0 approach wp32/115 (trail) d=53m dLast=53m at=(-658.4,59.8) yaw=-110.80 err=0.00 gain=362.5 shuffles=0
  [trace] fortGrant.front.gate.0 approach wp32/115 (trail) d=53m dLast=53m at=(-658.4,59.8) yaw=-110.80 err=0.00 gain=362.5 shuffles=0
  [trace] fortGrant.front.gate.0 approach wp32/115 (trail) d=53m dLast=53m at=(-663.3,68.3) yaw=-110.97 err=-0.16 gain=390.1 shuffles=1
  [trace] fortGrant.front.gate.0 approach wp32/115 (trail) d=16m dLast=16m at=(-631.7,87.1) yaw=-110.99 err=0.00 gain=390.1 shuffles=1
  [trace] fortGrant.front.gate.0 approach wp32/115 (trail) d=12m dLast=13m at=(-629.2,88.6) yaw=-110.99 err=0.00 gain=390.1 shuffles=1
  [trace] fortGrant.front.gate.0 approach wp32/115 (trail) d=12m dLast=12m at=(-628.7,88.9) yaw=-110.99 err=0.00 gain=390.1 shuffles=1
  [trace] fortGrant.front.gate.0 approach wp34/115 (trail) d=53m dLast=53m at=(-624.5,91.4) yaw=-110.80 err=0.00 gain=361.6 shuffles=0
  [trace] fortGrant.front.gate.0 approach wp34/115 (trail) d=53m dLast=53m at=(-624.5,91.4) yaw=-110.80 err=0.00 gain=361.6 shuffles=0
  [trace] fortGrant.front.gate.0 approach wp34/115 (trail) d=23m dLast=24m at=(-604.7,114.8) yaw=-110.99 err=0.00 gain=387.7 shuffles=1
  [trace] fortGrant.front.gate.0 approach wp34/115 (trail) d=17m dLast=18m at=(-599.7,117.7) yaw=-110.99 err=0.00 gain=387.7 shuffles=1
  [trace] fortGrant.front.gate.0 approach wp34/115 (trail) d=8m dLast=8m at=(-591.3,122.7) yaw=-110.99 err=0.00 gain=387.7 shuffles=1
  [trace] fortGrant.front.gate.0 approach wp36/115 (trail) d=52m dLast=52m at=(-590.4,123.2) yaw=-110.80 err=0.00 gain=366.2 shuffles=0
  [trace] fortGrant.front.gate.0 approach wp36/115 (trail) d=52m dLast=52m at=(-590.4,123.2) yaw=-110.80 err=0.00 gain=366.2 shuffles=0
  [trace] fortGrant.front.gate.0 approach wp36/115 (trail) d=52m dLast=52m at=(-590.4,123.2) yaw=-110.80 err=0.00 gain=366.2 shuffles=0
  [trace] fortGrant.front.gate.0 approach wp36/115 (trail) d=48m dLast=49m at=(-591.5,133.9) yaw=-110.99 err=-0.00 gain=391.4 shuffles=1
  [trace] fortGrant.front.gate.0 approach wp36/115 (trail) d=35m dLast=36m at=(-581.3,140.0) yaw=-110.99 err=-0.00 gain=391.4 shuffles=1
  [trace] fortGrant.front.gate.0 approach wp36/115 (trail) d=35m dLast=35m at=(-580.9,140.3) yaw=-110.99 err=-0.00 gain=391.4 shuffles=1
  [trace] fortGrant.front.gate.0 approach wp36/115 (trail) d=26m dLast=26m at=(-573.2,144.9) yaw=-110.99 err=-0.00 gain=391.4 shuffles=1
  [trace] fortGrant.front.gate.0 approach wp38/115 (trail) d=53m dLast=Infinitym at=(-557.4,154.4) yaw=-110.85 err=0.18 gain=336.1 shuffles=0
  [trace] fortGrant.front.gate.0 approach wp38/115 (trail) d=49m dLast=50m at=(-559.6,164.6) yaw=-110.99 err=0.00 gain=391.2 shuffles=1
  [trace] fortGrant.front.gate.0 approach wp38/115 (trail) d=14m dLast=15m at=(-529.7,182.4) yaw=-110.99 err=0.00 gain=391.2 shuffles=1
  [trace] fortGrant.front.gate.0 approach wp40/115 (trail) d=53m dLast=Infinitym at=(-523.6,186.1) yaw=-110.85 err=0.19 gain=335.1 shuffles=0
  [trace] fortGrant.front.gate.0 approach wp40/115 (trail) d=53m dLast=53m at=(-523.6,186.1) yaw=-110.80 err=0.00 gain=365.9 shuffles=0
  [trace] fortGrant.front.gate.0 approach wp40/115 (trail) d=47m dLast=48m at=(-523.6,197.4) yaw=-110.99 err=-0.00 gain=391.4 shuffles=1
  [trace] fortGrant.front.gate.0 approach wp40/115 (trail) d=25m dLast=26m at=(-505.4,208.4) yaw=-110.99 err=-0.00 gain=391.4 shuffles=1
  [trace] fortGrant.front.gate.0 approach wp40/115 (trail) d=23m dLast=23m at=(-503.1,209.7) yaw=-110.99 err=-0.00 gain=391.4 shuffles=1
  [trace] fortGrant.front.gate.0 approach wp40/115 (trail) d=15m dLast=16m at=(-497.0,213.4) yaw=-110.99 err=-0.00 gain=391.4 shuffles=1
  [trace] fortGrant.front.gate.0 approach wp42/115 (trail) d=53m dLast=53m at=(-489.9,217.7) yaw=-110.80 err=0.00 gain=361.1 shuffles=0
  [trace] fortGrant.front.gate.0 approach wp42/115 (trail) d=53m dLast=53m at=(-489.9,217.7) yaw=-110.80 err=0.00 gain=361.1 shuffles=0
  [trace] fortGrant.front.gate.0 approach wp42/115 (trail) d=30m dLast=31m at=(-476.2,237.4) yaw=-110.99 err=0.00 gain=389.0 shuffles=1
  [trace] fortGrant.front.gate.0 approach wp42/115 (trail) d=29m dLast=30m at=(-475.3,238.0) yaw=-110.99 err=0.00 gain=389.0 shuffles=1
  [trace] fortGrant.front.gate.0 approach wp42/115 (trail) d=28m dLast=29m at=(-474.4,238.5) yaw=-110.99 err=0.00 gain=389.0 shuffles=1
  [trace] fortGrant.front.gate.0 approach wp42/115 (trail) d=16m dLast=16m at=(-463.7,244.8) yaw=-110.99 err=0.00 gain=389.0 shuffles=1
  [trace] fortGrant.front.gate.0 approach wp44/115 (trail) d=42m dLast=43m at=(-452.2,263.1) yaw=-110.99 err=-0.00 gain=391.2 shuffles=1
  [trace] fortGrant.front.gate.0 approach wp44/115 (trail) d=39m dLast=40m at=(-450.0,264.4) yaw=-110.99 err=-0.00 gain=391.2 shuffles=1
  [trace] fortGrant.front.gate.0 approach wp44/115 (trail) d=27m dLast=28m at=(-439.8,270.5) yaw=-110.99 err=-0.00 gain=391.2 shuffles=1
  [trace] fortGrant.front.gate.0 approach wp44/115 (trail) d=22m dLast=23m at=(-435.3,273.2) yaw=-110.99 err=-0.00 gain=391.2 shuffles=1
  [trace] fortGrant.front.gate.0 approach wp44/115 (trail) d=19m dLast=19m at=(-432.4,274.9) yaw=-110.99 err=-0.00 gain=391.2 shuffles=1
  [trace] fortGrant.front.gate.0 approach wp44/115 (trail) d=8m dLast=8m at=(-422.9,280.6) yaw=-110.99 err=-0.00 gain=391.2 shuffles=1
  [trace] fortGrant.front.gate.0 approach wp45/115 (stage) d=18m dLast=19m at=(-422.3,282.8) yaw=-109.93 err=0.06 gain=381.4 shuffles=0
  [trace] fortGrant.front.gate.0 approach wp45/115 (stage) d=11m dLast=12m at=(-422.5,289.5) yaw=-109.92 err=0.00 gain=381.4 shuffles=0
  [trace] fortGrant.front.gate.0 approach wp45/115 (stage) d=10m dLast=11m at=(-422.5,290.1) yaw=-109.92 err=0.00 gain=381.4 shuffles=0
  [trace] fortGrant.front.gate.0 approach wp45/115 (stage) d=8m dLast=9m at=(-422.6,292.5) yaw=-109.92 err=0.00 gain=381.4 shuffles=0
  [trace] fortGrant.front.gate.0 approach wp46/115 (stage) d=16m dLast=16m at=(-431.1,296.1) yaw=-108.65 err=0.00 gain=377.9 shuffles=0
  [trace] fortGrant.front.gate.0 approach wp46/115 (stage) d=10m dLast=11m at=(-436.3,297.5) yaw=-108.65 err=0.00 gain=377.9 shuffles=0
  [trace] fortGrant.front.gate.0 approach wp46/115 (stage) d=10m dLast=10m at=(-436.8,297.6) yaw=-108.65 err=0.00 gain=377.9 shuffles=0
  [trace] fortGrant.front.gate.0 approach wp47/115 (stage) d=29m dLast=29m at=(-439.4,298.3) yaw=-108.44 err=0.00 gain=360.6 shuffles=0
  [trace] fortGrant.front.gate.0 approach wp47/115 (stage) d=29m dLast=29m at=(-441.7,293.2) yaw=-108.63 err=-0.01 gain=387.6 shuffles=1
  [trace] fortGrant.front.gate.0 approach wp47/115 (stage) d=27m dLast=28m at=(-442.8,293.5) yaw=-108.63 err=-0.00 gain=387.6 shuffles=1
  [trace] fortGrant.front.gate.0 approach wp47/115 (stage) d=21m dLast=22m at=(-448.7,295.0) yaw=-108.63 err=-0.00 gain=387.6 shuffles=1
  [trace] fortGrant.front.gate.0 approach wp47/115 (stage) d=15m dLast=16m at=(-454.2,296.4) yaw=-108.63 err=-0.00 gain=387.6 shuffles=1
  [trace] fortGrant.front.gate.0 approach wp48/115 (stage) d=29m dLast=29m at=(-462.2,298.4) yaw=-108.44 err=0.00 gain=361.8 shuffles=0
  [trace] fortGrant.front.gate.0 approach wp48/115 (stage) d=29m dLast=29m at=(-462.2,298.4) yaw=-108.44 err=0.00 gain=361.8 shuffles=0
  [trace] fortGrant.front.gate.0 approach wp48/115 (stage) d=21m dLast=21m at=(-471.7,295.1) yaw=-108.63 err=0.00 gain=389.2 shuffles=1
  [trace] fortGrant.front.gate.0 approach wp48/115 (stage) d=20m dLast=21m at=(-472.2,295.2) yaw=-108.63 err=0.00 gain=389.2 shuffles=1
  [trace] fortGrant.front.gate.0 approach wp48/115 (stage) d=15m dLast=15m at=(-477.7,296.6) yaw=-108.63 err=0.00 gain=389.2 shuffles=1
  [trace] fortGrant.front.gate.0 approach wp48/115 (stage) d=14m dLast=15m at=(-478.3,296.7) yaw=-108.63 err=0.00 gain=389.2 shuffles=1
  [trace] fortGrant.front.gate.0 approach wp48/115 (stage) d=12m dLast=13m at=(-479.9,297.1) yaw=-108.63 err=0.00 gain=389.2 shuffles=1
  [trace] fortGrant.front.gate.0 approach wp49/115 (stage) d=30m dLast=30m at=(-484.8,298.3) yaw=-108.45 err=0.05 gain=367.0 shuffles=0
  [trace] fortGrant.front.gate.0 approach wp49/115 (stage) d=30m dLast=30m at=(-484.8,298.3) yaw=-108.44 err=0.00 gain=367.0 shuffles=0
  [trace] fortGrant.front.gate.0 approach wp49/115 (stage) d=27m dLast=28m at=(-488.1,293.6) yaw=-108.62 err=0.00 gain=391.6 shuffles=1
  [trace] fortGrant.front.gate.0 approach wp49/115 (stage) d=16m dLast=17m at=(-499.2,296.3) yaw=-108.62 err=0.00 gain=391.6 shuffles=1
  [trace] fortGrant.front.gate.0 approach wp50/115 (stage) d=30m dLast=30m at=(-507.5,298.4) yaw=-108.44 err=0.00 gain=364.4 shuffles=0
  [trace] fortGrant.front.gate.0 approach wp50/115 (stage) d=30m dLast=30m at=(-508.8,293.1) yaw=-108.61 err=-0.16 gain=390.8 shuffles=1
  [trace] fortGrant.front.gate.0 approach wp50/115 (stage) d=22m dLast=22m at=(-516.6,295.0) yaw=-108.62 err=-0.00 gain=390.8 shuffles=1
  [trace] fortGrant.front.gate.0 approach wp50/115 (stage) d=21m dLast=21m at=(-517.8,295.3) yaw=-108.62 err=-0.00 gain=390.8 shuffles=1
  [trace] fortGrant.front.gate.0 approach wp50/115 (stage) d=9m dLast=10m at=(-528.5,297.9) yaw=-108.62 err=-0.00 gain=390.8 shuffles=1
  [trace] fortGrant.front.gate.0 approach wp51/115 (gate ranchGate) d=25m dLast=25m at=(-530.7,298.4) yaw=-108.51 err=0.00 gain=335.9 shuffles=0
  [trace] fortGrant.front.gate.0 approach wp51/115 (gate ranchGate) d=25m dLast=25m at=(-530.7,298.4) yaw=-108.51 err=0.00 gain=335.9 shuffles=0
  [trace] fortGrant.front.gate.0 approach wp51/115 (gate ranchGate) d=25m dLast=25m at=(-530.7,298.4) yaw=-108.51 err=0.00 gain=335.9 shuffles=0
  [trace] fortGrant.front.gate.0 approach wp51/115 (gate ranchGate) d=22m dLast=23m at=(-535.4,294.4) yaw=-108.72 err=0.00 gain=376.3 shuffles=1
  [trace] fortGrant.front.gate.0 approach wp52/115 (stage) d=33m dLast=33m at=(-549.4,299.3) yaw=-108.13 err=0.00 gain=360.9 shuffles=0
  [trace] fortGrant.front.gate.0 approach wp52/115 (stage) d=33m dLast=33m at=(-549.4,299.3) yaw=-108.13 err=0.00 gain=360.9 shuffles=0
  [trace] fortGrant.front.gate.0 approach wp52/115 (stage) d=34m dLast=33m at=(-548.3,293.9) yaw=-108.14 err=-1.19 gain=377.5 shuffles=1
  [trace] fortGrant.front.gate.0 approach wp52/115 (stage) d=25m dLast=25m at=(-557.7,293.1) yaw=-108.30 err=0.00 gain=388.8 shuffles=1
  [trace] fortGrant.front.gate.0 approach wp52/115 (stage) d=20m dLast=21m at=(-562.4,292.6) yaw=-108.30 err=0.00 gain=388.8 shuffles=1
  [trace] fortGrant.front.gate.0 approach wp53/115 (stage) d=30m dLast=30m at=(-575.4,291.5) yaw=-108.06 err=0.00 gain=363.0 shuffles=0
  [trace] fortGrant.front.gate.0 approach wp53/115 (stage) d=30m dLast=30m at=(-575.4,291.5) yaw=-108.06 err=0.00 gain=363.0 shuffles=0
  [trace] fortGrant.front.gate.0 approach wp53/115 (stage) d=24m dLast=25m at=(-580.1,285.2) yaw=-108.24 err=-0.00 gain=390.0 shuffles=1
  [trace] fortGrant.front.gate.0 approach wp53/115 (stage) d=23m dLast=24m at=(-581.2,285.1) yaw=-108.24 err=-0.00 gain=390.0 shuffles=1
  [trace] fortGrant.front.gate.0 approach wp53/115 (stage) d=22m dLast=23m at=(-582.3,284.9) yaw=-108.24 err=-0.00 gain=390.0 shuffles=1
  [trace] fortGrant.front.gate.0 approach wp53/115 (stage) d=8m dLast=9m at=(-596.2,282.9) yaw=-108.24 err=0.00 gain=390.0 shuffles=1
  [trace] fortGrant.front.gate.0 approach wp54/115 (stage) d=30m dLast=30m at=(-596.8,282.8) yaw=-108.05 err=0.00 gain=366.9 shuffles=0
  [trace] fortGrant.front.gate.0 approach wp54/115 (stage) d=30m dLast=30m at=(-596.8,282.8) yaw=-108.05 err=0.00 gain=366.9 shuffles=0
  [trace] fortGrant.front.gate.0 approach wp54/115 (stage) d=30m dLast=30m at=(-596.8,282.8) yaw=-108.05 err=0.00 gain=366.9 shuffles=0
  [trace] fortGrant.front.gate.0 approach wp54/115 (stage) d=18m dLast=18m at=(-608.5,275.4) yaw=-108.23 err=0.00 gain=390.2 shuffles=1
  [trace] fortGrant.front.gate.0 approach wp54/115 (stage) d=15m dLast=16m at=(-611.3,275.0) yaw=-108.23 err=0.00 gain=390.2 shuffles=1
  [trace] fortGrant.front.gate.0 approach wp55/115 (stage) d=25m dLast=26m at=(-623.1,267.6) yaw=-108.22 err=-0.00 gain=390.3 shuffles=1
  [trace] fortGrant.front.gate.0 approach wp55/115 (stage) d=24m dLast=24m at=(-624.3,267.4) yaw=-108.22 err=-0.00 gain=390.3 shuffles=1
  [trace] fortGrant.front.gate.0 approach wp55/115 (stage) d=23m dLast=23m at=(-625.4,267.2) yaw=-108.22 err=-0.00 gain=390.3 shuffles=1
  [trace] fortGrant.front.gate.0 approach wp55/115 (stage) d=20m dLast=20m at=(-628.2,266.8) yaw=-108.22 err=-0.00 gain=390.3 shuffles=1
  [trace] fortGrant.front.gate.0 approach wp55/115 (stage) d=19m dLast=19m at=(-629.2,266.6) yaw=-108.22 err=-0.00 gain=390.3 shuffles=1
  [trace] fortGrant.front.gate.0 approach wp56/115 (stage) d=30m dLast=30m at=(-640.6,264.7) yaw=-108.04 err=0.00 gain=363.9 shuffles=0
  [trace] fortGrant.front.gate.0 approach wp56/115 (stage) d=25m dLast=26m at=(-644.7,258.5) yaw=-108.23 err=-0.00 gain=390.1 shuffles=1
  [trace] fortGrant.front.gate.0 approach wp56/115 (stage) d=17m dLast=17m at=(-653.1,257.1) yaw=-108.23 err=-0.00 gain=390.1 shuffles=1
  [trace] fortGrant.front.gate.0 approach wp56/115 (stage) d=10m dLast=11m at=(-659.6,256.1) yaw=-108.23 err=-0.00 gain=390.1 shuffles=1
  [trace] fortGrant.front.gate.0 approach wp56/115 (stage) d=9m dLast=10m at=(-660.8,255.9) yaw=-108.23 err=-0.00 gain=390.1 shuffles=1
  [trace] fortGrant.front.gate.0 approach wp57/115 (stage) d=30m dLast=30m at=(-662.8,255.6) yaw=-108.04 err=0.00 gain=367.6 shuffles=0
  [trace] fortGrant.front.gate.0 approach wp57/115 (stage) d=28m dLast=29m at=(-663.5,249.9) yaw=-108.23 err=0.00 gain=391.7 shuffles=1
  [trace] fortGrant.front.gate.0 approach wp57/115 (stage) d=20m dLast=21m at=(-671.3,248.6) yaw=-108.23 err=0.00 gain=391.7 shuffles=1
  [trace] fortGrant.front.gate.0 approach wp58/115 (stage) d=30m dLast=30m at=(-684.2,246.6) yaw=-108.04 err=0.00 gain=362.6 shuffles=0
  [trace] fortGrant.front.gate.0 approach wp58/115 (stage) d=30m dLast=30m at=(-684.2,246.6) yaw=-108.04 err=0.00 gain=362.6 shuffles=0
  [trace] fortGrant.front.gate.0 approach wp58/115 (stage) d=30m dLast=30m at=(-684.2,246.6) yaw=-108.04 err=0.00 gain=362.6 shuffles=0
  [trace] fortGrant.front.gate.0 approach wp58/115 (stage) d=21m dLast=22m at=(-692.2,239.7) yaw=-108.23 err=0.00 gain=388.7 shuffles=1
  [trace] fortGrant.front.gate.0 approach wp58/115 (stage) d=17m dLast=17m at=(-696.6,239.0) yaw=-108.23 err=0.00 gain=388.7 shuffles=1
  [trace] fortGrant.front.gate.0 approach wp58/115 (stage) d=16m dLast=16m at=(-697.8,238.8) yaw=-108.23 err=0.00 gain=388.7 shuffles=1
  [trace] fortGrant.front.gate.0 approach wp58/115 (stage) d=12m dLast=13m at=(-701.2,238.2) yaw=-108.23 err=0.00 gain=388.7 shuffles=1
  [trace] fortGrant.front.gate.0 approach wp59/115 (stage) d=30m dLast=30m at=(-705.9,237.5) yaw=-108.04 err=0.00 gain=367.6 shuffles=0
  [trace] fortGrant.front.gate.0 approach wp59/115 (stage) d=31m dLast=30m at=(-704.3,232.2) yaw=-108.07 err=-1.21 gain=382.3 shuffles=1
  [trace] fortGrant.front.gate.0 approach wp59/115 (stage) d=28m dLast=29m at=(-707.2,231.7) yaw=-108.23 err=0.00 gain=392.6 shuffles=1
  [trace] fortGrant.front.gate.0 approach wp59/115 (stage) d=27m dLast=27m at=(-708.9,231.4) yaw=-108.23 err=0.00 gain=392.6 shuffles=1
  [trace] fortGrant.front.gate.0 approach wp59/115 (stage) d=23m dLast=24m at=(-712.3,230.9) yaw=-108.23 err=0.00 gain=392.6 shuffles=1
  [trace] fortGrant.front.gate.0 approach wp59/115 (stage) d=21m dLast=22m at=(-714.0,230.6) yaw=-108.23 err=0.00 gain=392.6 shuffles=1
  [trace] fortGrant.front.gate.0 approach wp59/115 (stage) d=21m dLast=21m at=(-714.6,230.5) yaw=-108.23 err=0.00 gain=392.6 shuffles=1
  [trace] fortGrant.front.gate.0 approach wp59/115 (stage) d=14m dLast=15m at=(-721.0,229.5) yaw=-108.23 err=0.00 gain=392.6 shuffles=1
  [trace] fortGrant.front.gate.0 approach wp60/115 (stage) d=30m dLast=30m at=(-727.7,228.4) yaw=-108.05 err=0.00 gain=367.4 shuffles=0
  [trace] fortGrant.front.gate.0 approach wp60/115 (stage) d=30m dLast=30m at=(-727.7,228.4) yaw=-108.05 err=0.00 gain=367.4 shuffles=0
  [trace] fortGrant.front.gate.0 approach wp60/115 (stage) d=30m dLast=30m at=(-727.7,228.4) yaw=-108.05 err=0.00 gain=367.4 shuffles=0
  [trace] fortGrant.front.gate.0 approach wp60/115 (stage) d=31m dLast=31m at=(-726.9,223.1) yaw=-108.21 err=-0.15 gain=391.2 shuffles=1
  [trace] fortGrant.front.gate.0 approach wp60/115 (stage) d=24m dLast=24m at=(-733.4,222.1) yaw=-108.22 err=0.00 gain=391.2 shuffles=1
  [trace] fortGrant.front.gate.0 approach wp60/115 (stage) d=14m dLast=14m at=(-743.2,220.4) yaw=-108.22 err=0.00 gain=391.2 shuffles=1
  [trace] fortGrant.front.gate.0 approach wp61/115 (stage) d=30m dLast=30m at=(-749.8,219.3) yaw=-108.04 err=0.00 gain=361.8 shuffles=0
  [trace] fortGrant.front.gate.0 approach wp61/115 (stage) d=30m dLast=30m at=(-749.8,219.3) yaw=-108.04 err=0.00 gain=361.8 shuffles=0
  [trace] fortGrant.front.gate.0 approach wp61/115 (stage) d=24m dLast=25m at=(-754.9,212.9) yaw=-108.22 err=-0.00 gain=389.5 shuffles=1
  [trace] fortGrant.front.gate.0 approach wp61/115 (stage) d=22m dLast=23m at=(-756.6,212.6) yaw=-108.22 err=-0.00 gain=389.5 shuffles=1
  [trace] fortGrant.front.gate.0 approach wp61/115 (stage) d=14m dLast=15m at=(-764.6,211.3) yaw=-108.22 err=-0.00 gain=389.5 shuffles=1
  [trace] fortGrant.front.gate.0 approach wp61/115 (stage) d=13m dLast=13m at=(-766.4,211.0) yaw=-108.22 err=-0.00 gain=389.5 shuffles=1
  [trace] fortGrant.front.gate.0 approach wp61/115 (stage) d=11m dLast=12m at=(-767.5,210.8) yaw=-108.22 err=-0.00 gain=389.5 shuffles=1
  [trace] fortGrant.front.gate.0 approach wp61/115 (stage) d=8m dLast=8m at=(-771.6,210.1) yaw=-108.23 err=0.00 gain=389.5 shuffles=1
  [trace] fortGrant.front.gate.0 approach wp62/115 (stage) d=30m dLast=30m at=(-771.6,210.1) yaw=-108.04 err=0.00 gain=363.5 shuffles=0
  [trace] fortGrant.front.gate.0 approach wp62/115 (stage) d=30m dLast=30m at=(-771.6,210.1) yaw=-108.04 err=0.00 gain=363.5 shuffles=0
  [trace] fortGrant.front.gate.0 approach wp62/115 (stage) d=17m dLast=17m at=(-784.1,202.6) yaw=-108.23 err=0.00 gain=389.7 shuffles=1
  [trace] fortGrant.front.gate.0 approach wp63/115 (stage) d=30m dLast=Infinitym at=(-793.5,201.1) yaw=-108.00 err=0.31 gain=336.2 shuffles=0
  [trace] fortGrant.front.gate.0 approach wp63/115 (stage) d=30m dLast=30m at=(-793.5,201.1) yaw=-107.91 err=0.00 gain=361.1 shuffles=0
  [trace] fortGrant.front.gate.0 approach wp63/115 (stage) d=30m dLast=30m at=(-793.5,201.1) yaw=-107.91 err=0.00 gain=361.1 shuffles=0
  [trace] fortGrant.front.gate.0 approach wp63/115 (stage) d=30m dLast=30m at=(-793.5,201.1) yaw=-107.91 err=0.00 gain=361.1 shuffles=0
  [trace] fortGrant.front.gate.0 approach wp63/115 (stage) d=30m dLast=30m at=(-793.5,201.1) yaw=-107.91 err=0.00 gain=361.1 shuffles=0
  [trace] fortGrant.front.gate.0 approach wp63/115 (stage) d=27m dLast=27m at=(-795.1,194.9) yaw=-108.10 err=0.00 gain=389.0 shuffles=1
  [trace] fortGrant.front.gate.0 approach wp63/115 (stage) d=24m dLast=25m at=(-797.3,194.3) yaw=-108.10 err=0.00 gain=389.0 shuffles=1
  [trace] fortGrant.front.gate.0 approach wp63/115 (stage) d=24m dLast=24m at=(-797.9,194.1) yaw=-108.10 err=0.00 gain=389.0 shuffles=1
  [trace] fortGrant.front.gate.0 approach wp63/115 (stage) d=19m dLast=19m at=(-802.7,192.7) yaw=-108.10 err=0.00 gain=389.0 shuffles=1
  [trace] fortGrant.front.gate.0 approach wp63/115 (stage) d=12m dLast=13m at=(-808.6,190.9) yaw=-108.10 err=0.00 gain=389.0 shuffles=1
  [trace] fortGrant.front.gate.0 approach wp63/115 (stage) d=8m dLast=9m at=(-812.4,189.8) yaw=-108.10 err=0.00 gain=389.0 shuffles=1
  [trace] fortGrant.front.gate.0 approach wp63/115 (stage) d=7m dLast=8m at=(-813.5,189.5) yaw=-108.10 err=0.00 gain=389.0 shuffles=1
  [trace] fortGrant.front.gate.0 approach wp64/115 (stage) d=30m dLast=30m at=(-813.5,189.4) yaw=-107.90 err=0.06 gain=365.5 shuffles=0
  [trace] fortGrant.front.gate.0 approach wp64/115 (stage) d=30m dLast=30m at=(-813.5,189.4) yaw=-107.89 err=0.00 gain=365.5 shuffles=0
  [trace] fortGrant.front.gate.0 approach wp64/115 (stage) d=30m dLast=30m at=(-813.5,189.4) yaw=-107.89 err=0.00 gain=365.5 shuffles=0
  [trace] fortGrant.front.gate.0 approach wp64/115 (stage) d=22m dLast=23m at=(-819.4,181.8) yaw=-108.07 err=-0.00 gain=391.4 shuffles=1
  [trace] fortGrant.front.gate.0 approach wp64/115 (stage) d=19m dLast=19m at=(-822.7,180.7) yaw=-108.07 err=-0.00 gain=391.4 shuffles=1
  [trace] fortGrant.front.gate.0 approach wp64/115 (stage) d=17m dLast=18m at=(-824.3,180.2) yaw=-108.07 err=-0.00 gain=391.4 shuffles=1
  [trace] fortGrant.front.gate.0 approach wp65/115 (stage) d=30m dLast=30m at=(-833.5,177.1) yaw=-107.88 err=0.00 gain=364.2 shuffles=0
  [trace] fortGrant.front.gate.0 approach wp65/115 (stage) d=30m dLast=30m at=(-833.5,177.1) yaw=-107.88 err=0.00 gain=364.2 shuffles=0
  [trace] fortGrant.front.gate.0 approach wp65/115 (stage) d=30m dLast=30m at=(-831.1,172.2) yaw=-107.91 err=-1.21 gain=379.9 shuffles=1
  [trace] fortGrant.front.gate.0 approach wp65/115 (stage) d=28m dLast=29m at=(-833.9,171.2) yaw=-108.06 err=-0.00 gain=388.9 shuffles=1
  [trace] fortGrant.front.gate.0 approach wp65/115 (stage) d=23m dLast=23m at=(-839.1,169.5) yaw=-108.06 err=-0.00 gain=388.9 shuffles=1
  [trace] fortGrant.front.gate.0 approach wp65/115 (stage) d=18m dLast=18m at=(-843.8,167.9) yaw=-108.06 err=-0.00 gain=388.9 shuffles=1
  [trace] fortGrant.front.gate.0 approach wp65/115 (stage) d=11m dLast=12m at=(-849.8,165.9) yaw=-108.06 err=-0.00 gain=388.9 shuffles=1
  [trace] fortGrant.front.gate.0 approach wp65/115 (stage) d=9m dLast=9m at=(-852.4,165.0) yaw=-108.06 err=-0.00 gain=388.9 shuffles=1
  [trace] fortGrant.front.gate.0 approach wp66/115 (stage) d=30m dLast=30m at=(-853.9,164.5) yaw=-107.88 err=0.00 gain=366.5 shuffles=0
  [trace] fortGrant.front.gate.0 approach wp66/115 (stage) d=26m dLast=27m at=(-855.8,158.1) yaw=-108.06 err=0.00 gain=390.7 shuffles=1
  [trace] fortGrant.front.gate.0 approach wp66/115 (stage) d=17m dLast=18m at=(-864.0,155.4) yaw=-108.06 err=0.00 gain=390.7 shuffles=1
  [trace] fortGrant.front.gate.0 approach wp66/115 (stage) d=11m dLast=11m at=(-870.5,153.2) yaw=-108.06 err=0.00 gain=390.7 shuffles=1
  [trace] fortGrant.front.gate.0 approach wp67/115 (stage) d=30m dLast=30m at=(-873.8,152.1) yaw=-107.88 err=0.00 gain=361.4 shuffles=0
  [trace] fortGrant.front.gate.0 approach wp67/115 (stage) d=30m dLast=30m at=(-873.8,152.1) yaw=-107.88 err=0.00 gain=361.4 shuffles=0
  [trace] fortGrant.front.gate.0 approach wp67/115 (stage) d=15m dLast=16m at=(-886.3,142.1) yaw=-108.06 err=0.00 gain=387.6 shuffles=1
  [trace] fortGrant.front.gate.0 approach wp67/115 (stage) d=11m dLast=12m at=(-889.8,140.9) yaw=-108.06 err=0.00 gain=387.6 shuffles=1
  [trace] fortGrant.front.gate.0 approach wp68/115 (stage) d=30m dLast=30m at=(-893.6,139.7) yaw=-107.88 err=0.00 gain=365.4 shuffles=0
  [trace] fortGrant.front.gate.0 approach wp68/115 (stage) d=23m dLast=24m at=(-898.4,132.3) yaw=-108.06 err=0.00 gain=391.2 shuffles=1
  [trace] fortGrant.front.gate.0 approach wp68/115 (stage) d=8m dLast=9m at=(-912.5,127.5) yaw=-108.06 err=0.00 gain=391.2 shuffles=1
  [trace] fortGrant.front.gate.0 approach wp69/115 (stage) d=26m dLast=27m at=(-915.5,120.7) yaw=-108.06 err=0.00 gain=391.1 shuffles=1
  [trace] fortGrant.front.gate.0 approach wp69/115 (stage) d=17m dLast=18m at=(-924.2,117.8) yaw=-108.06 err=0.00 gain=391.1 shuffles=1
  [trace] fortGrant.front.gate.0 approach wp69/115 (stage) d=11m dLast=11m at=(-930.4,115.7) yaw=-108.06 err=0.00 gain=391.1 shuffles=1
  [trace] fortGrant.front.gate.0 approach wp70/115 (stage) d=30m dLast=30m at=(-933.7,114.6) yaw=-107.88 err=0.00 gain=366.0 shuffles=0
  [trace] fortGrant.front.gate.0 approach wp70/115 (stage) d=8m dLast=9m at=(-952.7,102.4) yaw=-108.06 err=-0.00 gain=390.1 shuffles=1
  [trace] fortGrant.front.gate.0 approach wp71/115 (stage) d=30m dLast=Infinitym at=(-953.8,102.1) yaw=-107.93 err=0.18 gain=337.0 shuffles=0
  [trace] fortGrant.front.gate.0 approach wp71/115 (stage) d=30m dLast=30m at=(-953.8,102.1) yaw=-107.88 err=0.00 gain=367.7 shuffles=0
  [trace] fortGrant.front.gate.0 approach wp71/115 (stage) d=30m dLast=30m at=(-953.8,102.1) yaw=-107.88 err=0.00 gain=367.7 shuffles=0
  [trace] fortGrant.front.gate.0 approach wp71/115 (stage) d=30m dLast=30m at=(-953.8,102.1) yaw=-107.88 err=0.00 gain=367.7 shuffles=0
  [trace] fortGrant.front.gate.0 approach wp71/115 (stage) d=28m dLast=29m at=(-953.6,96.4) yaw=-108.06 err=0.00 gain=391.6 shuffles=1
  [trace] fortGrant.front.gate.0 approach wp71/115 (stage) d=24m dLast=24m at=(-958.1,94.9) yaw=-108.06 err=0.00 gain=391.6 shuffles=1
  [trace] fortGrant.front.gate.0 approach wp71/115 (stage) d=23m dLast=24m at=(-958.6,94.7) yaw=-108.06 err=0.00 gain=391.6 shuffles=1
  [trace] fortGrant.front.gate.0 approach wp71/115 (stage) d=21m dLast=21m at=(-960.8,94.0) yaw=-108.06 err=0.00 gain=391.6 shuffles=1
  [trace] fortGrant.front.gate.0 approach wp71/115 (stage) d=19m dLast=19m at=(-962.9,93.3) yaw=-108.06 err=0.00 gain=391.6 shuffles=1
  [trace] fortGrant.front.gate.0 approach wp71/115 (stage) d=15m dLast=16m at=(-966.0,92.3) yaw=-108.06 err=0.00 gain=391.6 shuffles=1
  [trace] fortGrant.front.gate.0 approach wp71/115 (stage) d=12m dLast=13m at=(-969.3,91.2) yaw=-108.06 err=0.00 gain=391.6 shuffles=1
  [trace] fortGrant.front.gate.0 approach wp71/115 (stage) d=11m dLast=11m at=(-970.3,90.8) yaw=-108.06 err=0.00 gain=391.6 shuffles=1
  [trace] fortGrant.front.gate.0 approach wp71/115 (stage) d=9m dLast=9m at=(-972.4,90.1) yaw=-108.06 err=0.00 gain=391.6 shuffles=1
  [trace] fortGrant.front.gate.0 approach wp71/115 (stage) d=7m dLast=8m at=(-973.5,89.7) yaw=-108.06 err=0.00 gain=391.6 shuffles=1
  [trace] fortGrant.front.gate.0 approach wp72/115 (stage) d=30m dLast=Infinitym at=(-973.5,89.7) yaw=-107.93 err=0.18 gain=336.9 shuffles=0
  [trace] fortGrant.front.gate.0 approach wp72/115 (stage) d=30m dLast=30m at=(-973.5,89.7) yaw=-107.88 err=0.00 gain=365.2 shuffles=0
  [trace] fortGrant.front.gate.0 approach wp72/115 (stage) d=30m dLast=30m at=(-973.5,89.7) yaw=-107.88 err=0.00 gain=365.2 shuffles=0
  [trace] fortGrant.front.gate.0 approach wp72/115 (stage) d=29m dLast=30m at=(-973.3,84.1) yaw=-108.06 err=0.00 gain=389.4 shuffles=1
  [trace] fortGrant.front.gate.0 approach wp72/115 (stage) d=27m dLast=28m at=(-974.9,83.5) yaw=-108.06 err=0.00 gain=389.4 shuffles=1
  [trace] fortGrant.front.gate.0 approach wp72/115 (stage) d=16m dLast=16m at=(-985.7,79.9) yaw=-108.06 err=0.00 gain=389.4 shuffles=1
  [trace] fortGrant.front.gate.0 approach wp72/115 (stage) d=13m dLast=13m at=(-988.5,78.9) yaw=-108.06 err=0.00 gain=389.4 shuffles=1
  [trace] fortGrant.front.gate.0 approach wp72/115 (stage) d=8m dLast=9m at=(-992.8,77.5) yaw=-108.06 err=0.00 gain=389.4 shuffles=1
  [trace] fortGrant.front.gate.0 approach wp73/115 (stage) d=30m dLast=30m at=(-993.8,77.1) yaw=-107.88 err=0.00 gain=363.7 shuffles=0
  [trace] fortGrant.front.gate.0 approach wp73/115 (stage) d=30m dLast=30m at=(-993.8,77.1) yaw=-107.88 err=0.00 gain=363.7 shuffles=0
  [trace] fortGrant.front.gate.0 approach wp73/115 (stage) d=24m dLast=24m at=(-997.9,69.9) yaw=-108.06 err=0.00 gain=388.8 shuffles=1
  [trace] fortGrant.front.gate.0 approach wp73/115 (stage) d=15m dLast=16m at=(-1006.3,67.1) yaw=-108.06 err=0.00 gain=388.8 shuffles=1
  [trace] fortGrant.front.gate.0 approach wp73/115 (stage) d=13m dLast=14m at=(-1008.3,66.5) yaw=-108.06 err=0.00 gain=388.8 shuffles=1
  [trace] fortGrant.front.gate.0 approach wp73/115 (stage) d=11m dLast=11m at=(-1010.3,65.8) yaw=-108.06 err=0.00 gain=388.8 shuffles=1
  [trace] fortGrant.front.gate.0 approach wp73/115 (stage) d=10m dLast=11m at=(-1010.9,65.6) yaw=-108.06 err=0.00 gain=388.8 shuffles=1
  [trace] fortGrant.front.gate.0 approach wp74/115 (stage) d=30m dLast=30m at=(-1013.7,64.6) yaw=-107.88 err=0.00 gain=367.6 shuffles=0
  [trace] fortGrant.front.gate.0 approach wp74/115 (stage) d=30m dLast=30m at=(-1013.7,64.6) yaw=-107.88 err=0.00 gain=367.6 shuffles=0
  [trace] fortGrant.front.gate.0 approach wp74/115 (stage) d=30m dLast=30m at=(-1013.7,64.6) yaw=-107.88 err=0.00 gain=367.6 shuffles=0
  [trace] fortGrant.front.gate.0 approach wp74/115 (stage) d=30m dLast=30m at=(-1013.7,64.6) yaw=-107.88 err=0.00 gain=367.6 shuffles=0
  [trace] fortGrant.front.gate.0 approach wp74/115 (stage) d=14m dLast=14m at=(-1027.4,54.2) yaw=-108.06 err=0.00 gain=391.8 shuffles=1
  [trace] fortGrant.front.gate.0 approach wp75/115 (stage) d=30m dLast=30m at=(-1033.6,52.1) yaw=-107.88 err=0.00 gain=362.5 shuffles=0
  [trace] fortGrant.front.gate.0 approach wp75/115 (stage) d=25m dLast=26m at=(-1036.6,45.3) yaw=-108.06 err=0.00 gain=388.6 shuffles=1
  [trace] fortGrant.front.gate.0 approach wp75/115 (stage) d=22m dLast=22m at=(-1040.0,44.2) yaw=-108.06 err=0.00 gain=388.6 shuffles=1
  [trace] fortGrant.front.gate.0 approach wp75/115 (stage) d=14m dLast=15m at=(-1047.0,41.8) yaw=-108.06 err=0.00 gain=388.6 shuffles=1
  [trace] fortGrant.front.gate.0 approach wp75/115 (stage) d=12m dLast=12m at=(-1049.4,41.0) yaw=-108.06 err=0.00 gain=388.6 shuffles=1
  [trace] fortGrant.front.gate.0 approach wp75/115 (stage) d=9m dLast=10m at=(-1051.6,40.3) yaw=-108.06 err=0.00 gain=388.6 shuffles=1
  [trace] fortGrant.front.gate.0 approach wp76/115 (stage) d=26m dLast=27m at=(-1055.7,33.2) yaw=-108.06 err=-0.00 gain=390.1 shuffles=1
  [trace] fortGrant.front.gate.0 approach wp76/115 (stage) d=22m dLast=22m at=(-1060.1,31.7) yaw=-108.06 err=-0.00 gain=390.1 shuffles=1
  [trace] fortGrant.front.gate.0 approach wp76/115 (stage) d=12m dLast=13m at=(-1068.7,28.8) yaw=-108.06 err=-0.00 gain=390.1 shuffles=1
  [trace] fortGrant.front.gate.0 approach wp77/115 (stage) d=30m dLast=30m at=(-1073.7,27.1) yaw=-107.88 err=0.01 gain=366.1 shuffles=0
  [trace] fortGrant.front.gate.0 approach wp77/115 (stage) d=29m dLast=30m at=(-1073.0,21.6) yaw=-108.06 err=-0.01 gain=390.1 shuffles=1
  [trace] fortGrant.front.gate.0 approach wp77/115 (stage) d=28m dLast=28m at=(-1074.1,21.2) yaw=-108.06 err=-0.00 gain=390.1 shuffles=1
  [trace] fortGrant.front.gate.0 approach wp77/115 (stage) d=24m dLast=25m at=(-1077.4,20.1) yaw=-108.06 err=-0.00 gain=390.1 shuffles=1
  [trace] fortGrant.front.gate.0 approach wp78/115 (stage) d=30m dLast=30m at=(-1093.9,14.5) yaw=-107.88 err=0.00 gain=360.3 shuffles=0
  [trace] fortGrant.front.gate.0 approach wp78/115 (stage) d=30m dLast=30m at=(-1093.9,14.5) yaw=-107.88 err=0.00 gain=360.3 shuffles=0
  [trace] fortGrant.front.gate.0 approach wp78/115 (stage) d=30m dLast=30m at=(-1092.3,9.4) yaw=-108.04 err=-0.16 gain=386.9 shuffles=1
  [trace] fortGrant.front.gate.0 approach wp78/115 (stage) d=7m dLast=8m at=(-1113.6,2.2) yaw=-108.06 err=0.00 gain=386.9 shuffles=1
  [trace] fortGrant.front.gate.0 approach wp79/115 (stage) d=29m dLast=29m at=(-1113.6,2.2) yaw=-108.72 err=0.00 gain=357.7 shuffles=0
  [trace] fortGrant.front.gate.0 approach wp79/115 (stage) d=29m dLast=29m at=(-1113.6,2.2) yaw=-108.72 err=0.00 gain=357.7 shuffles=0
  [trace] fortGrant.front.gate.0 approach wp79/115 (stage) d=29m dLast=29m at=(-1113.6,2.2) yaw=-108.72 err=0.00 gain=357.7 shuffles=0
  [trace] fortGrant.front.gate.0 approach wp79/115 (stage) d=24m dLast=24m at=(-1120.7,0.0) yaw=-108.90 err=-0.00 gain=386.5 shuffles=1
  [trace] fortGrant.front.gate.0 approach wp79/115 (stage) d=20m dLast=20m at=(-1124.1,1.9) yaw=-108.90 err=-0.00 gain=386.5 shuffles=1
  [trace] fortGrant.front.gate.0 approach wp79/115 (stage) d=19m dLast=20m at=(-1124.7,2.3) yaw=-108.90 err=-0.00 gain=386.5 shuffles=1
  [trace] fortGrant.front.gate.0 approach wp79/115 (stage) d=19m dLast=19m at=(-1125.1,2.5) yaw=-108.90 err=-0.00 gain=386.5 shuffles=1
  [trace] fortGrant.front.gate.0 approach wp79/115 (stage) d=13m dLast=14m at=(-1129.7,5.2) yaw=-108.90 err=-0.00 gain=386.5 shuffles=1
  [trace] fortGrant.front.gate.0 approach wp80/115 (stage) d=30m dLast=Infinitym at=(-1135.2,8.3) yaw=-108.90 err=0.01 gain=300.0 shuffles=0
  [trace] fortGrant.front.gate.0 approach wp80/115 (stage) d=23m dLast=24m at=(-1144.0,8.5) yaw=-109.08 err=0.00 gain=373.3 shuffles=1
  [trace] fortGrant.front.gate.0 approach wp80/115 (stage) d=14m dLast=14m at=(-1151.5,14.7) yaw=-109.08 err=0.00 gain=373.3 shuffles=1
  [trace] fortGrant.front.gate.0 approach wp81/115 (stage) d=30m dLast=30m at=(-1156.4,18.8) yaw=-108.93 err=0.00 gain=336.0 shuffles=0
  [trace] fortGrant.front.gate.0 approach wp81/115 (stage) d=27m dLast=28m at=(-1162.5,16.9) yaw=-109.12 err=0.00 gain=375.6 shuffles=1
  [trace] fortGrant.front.gate.0 approach wp81/115 (stage) d=24m dLast=24m at=(-1165.0,19.1) yaw=-109.12 err=0.00 gain=375.6 shuffles=1
  [trace] fortGrant.front.gate.0 approach wp81/115 (stage) d=19m dLast=19m at=(-1168.8,22.5) yaw=-109.12 err=0.00 gain=375.6 shuffles=1
  [trace] fortGrant.front.gate.0 approach wp81/115 (stage) d=17m dLast=18m at=(-1169.7,23.3) yaw=-109.12 err=0.00 gain=375.6 shuffles=1
  [trace] fortGrant.front.gate.0 approach wp81/115 (stage) d=13m dLast=13m at=(-1173.0,26.3) yaw=-109.11 err=0.00 gain=375.6 shuffles=1
  [trace] fortGrant.front.gate.0 approach wp81/115 (stage) d=9m dLast=10m at=(-1175.5,28.5) yaw=-109.11 err=0.00 gain=375.6 shuffles=1
  [trace] fortGrant.front.gate.0 approach wp82/115 (stage) d=30m dLast=30m at=(-1177.4,30.1) yaw=-108.94 err=0.01 gain=366.6 shuffles=0
  [trace] fortGrant.front.gate.0 approach wp82/115 (stage) d=30m dLast=30m at=(-1177.4,30.1) yaw=-108.94 err=0.00 gain=366.6 shuffles=0
  [trace] fortGrant.front.gate.0 approach wp82/115 (stage) d=30m dLast=30m at=(-1177.4,30.1) yaw=-108.94 err=0.00 gain=366.6 shuffles=0
  [trace] fortGrant.front.gate.0 approach wp82/115 (stage) d=25m dLast=25m at=(-1185.1,29.8) yaw=-109.12 err=0.00 gain=392.0 shuffles=1
  [trace] fortGrant.front.gate.0 approach wp82/115 (stage) d=22m dLast=22m at=(-1187.3,31.8) yaw=-109.12 err=0.00 gain=392.0 shuffles=1
  [trace] fortGrant.front.gate.0 approach wp83/115 (stage) d=30m dLast=30m at=(-1198.0,41.5) yaw=-108.94 err=0.01 gain=365.1 shuffles=0
  [trace] fortGrant.front.gate.0 approach wp83/115 (stage) d=27m dLast=28m at=(-1204.0,39.7) yaw=-109.12 err=0.00 gain=390.7 shuffles=1
  [trace] fortGrant.front.gate.0 approach wp83/115 (stage) d=16m dLast=16m at=(-1212.7,47.5) yaw=-109.12 err=0.00 gain=390.7 shuffles=1
  [trace] fortGrant.front.gate.0 approach wp84/115 (stage) d=30m dLast=30m at=(-1218.7,52.9) yaw=-108.94 err=0.00 gain=335.2 shuffles=0
  [trace] fortGrant.front.gate.0 approach wp84/115 (stage) d=31m dLast=30m at=(-1221.7,48.4) yaw=-108.89 err=-1.21 gain=359.4 shuffles=1
  [trace] fortGrant.front.gate.0 approach wp84/115 (stage) d=29m dLast=30m at=(-1223.4,49.9) yaw=-109.12 err=-0.00 gain=375.5 shuffles=1
  [trace] fortGrant.front.gate.0 approach wp85/115 (stage) d=24m dLast=25m at=(-1247.6,64.6) yaw=-109.12 err=-0.00 gain=391.1 shuffles=1
  [trace] fortGrant.front.gate.0 approach wp85/115 (stage) d=20m dLast=21m at=(-1250.6,67.3) yaw=-109.12 err=-0.00 gain=391.1 shuffles=1
  [trace] fortGrant.front.gate.0 approach wp85/115 (stage) d=20m dLast=20m at=(-1251.1,67.7) yaw=-109.12 err=-0.00 gain=391.1 shuffles=1
  [trace] fortGrant.front.gate.0 approach wp85/115 (stage) d=19m dLast=19m at=(-1252.0,68.5) yaw=-109.12 err=-0.00 gain=391.1 shuffles=1
  [trace] fortGrant.front.gate.0 approach wp86/115 (stage) d=14m dLast=14m at=(-1276.3,83.2) yaw=-109.12 err=0.00 gain=375.2 shuffles=1
  [trace] fortGrant.front.gate.0 approach wp86/115 (stage) d=13m dLast=14m at=(-1276.8,83.7) yaw=-109.12 err=0.00 gain=375.2 shuffles=1
  [trace] fortGrant.front.gate.0 approach wp86/115 (stage) d=11m dLast=11m at=(-1278.5,85.2) yaw=-109.12 err=0.00 gain=375.2 shuffles=1
  [trace] fortGrant.front.gate.0 approach wp87/115 (stage) d=29m dLast=29m at=(-1281.1,87.6) yaw=-109.35 err=-0.00 gain=354.2 shuffles=0
  [trace] fortGrant.front.gate.0 approach wp87/115 (stage) d=20m dLast=20m at=(-1290.0,94.1) yaw=-109.54 err=-0.00 gain=385.7 shuffles=1
  [trace] fortGrant.front.gate.0 approach wp87/115 (stage) d=13m dLast=13m at=(-1292.8,100.6) yaw=-109.54 err=-0.00 gain=385.7 shuffles=1
  [trace] fortGrant.front.gate.0 approach wp87/115 (stage) d=11m dLast=11m at=(-1294.0,103.1) yaw=-109.54 err=-0.00 gain=385.7 shuffles=1
  [trace] fortGrant.front.gate.0 approach wp88/115 (stage) d=30m dLast=30m at=(-1295.1,105.6) yaw=-109.45 err=0.00 gain=335.2 shuffles=0
  [trace] fortGrant.front.gate.0 approach wp88/115 (stage) d=25m dLast=26m at=(-1301.8,108.5) yaw=-109.62 err=-0.00 gain=376.0 shuffles=1
  [trace] fortGrant.front.gate.0 approach wp88/115 (stage) d=11m dLast=12m at=(-1306.3,121.8) yaw=-109.63 err=0.00 gain=376.0 shuffles=1
  [trace] fortGrant.front.gate.0 approach wp89/115 (stage) d=30m dLast=30m at=(-1307.5,125.2) yaw=-109.47 err=0.01 gain=336.5 shuffles=0
  [trace] fortGrant.front.gate.0 approach wp89/115 (stage) d=30m dLast=30m at=(-1307.5,125.2) yaw=-109.47 err=0.00 gain=336.5 shuffles=0
  [trace] fortGrant.front.gate.0 approach wp89/115 (stage) d=17m dLast=18m at=(-1316.5,135.8) yaw=-109.65 err=0.00 gain=376.6 shuffles=1
  [trace] fortGrant.front.gate.0 approach wp90/115 (stage) d=29m dLast=29m at=(-1319.6,145.5) yaw=-109.47 err=0.00 gain=365.7 shuffles=0
  [trace] fortGrant.front.gate.0 approach wp90/115 (stage) d=29m dLast=29m at=(-1319.6,145.5) yaw=-109.47 err=0.00 gain=365.7 shuffles=0
  [trace] fortGrant.front.gate.0 approach wp90/115 (stage) d=17m dLast=18m at=(-1328.4,155.6) yaw=-109.65 err=0.00 gain=391.5 shuffles=1
  [trace] fortGrant.front.gate.0 approach wp90/115 (stage) d=10m dLast=10m at=(-1330.7,162.8) yaw=-109.65 err=0.00 gain=391.5 shuffles=1
  [trace] fortGrant.front.gate.0 approach wp90/115 (stage) d=7m dLast=8m at=(-1331.4,165.0) yaw=-109.65 err=0.00 gain=391.5 shuffles=1
  [trace] fortGrant.front.gate.0 approach wp91/115 (stage) d=30m dLast=30m at=(-1331.4,165.0) yaw=-109.48 err=0.05 gain=364.1 shuffles=0
  [trace] fortGrant.front.gate.0 approach wp91/115 (stage) d=29m dLast=30m at=(-1336.9,164.3) yaw=-109.65 err=-0.01 gain=390.4 shuffles=1
  [trace] fortGrant.front.gate.0 approach wp91/115 (stage) d=26m dLast=27m at=(-1337.5,166.4) yaw=-109.65 err=-0.00 gain=390.4 shuffles=1
  [trace] fortGrant.front.gate.0 approach wp91/115 (stage) d=24m dLast=25m at=(-1338.2,168.8) yaw=-109.65 err=-0.00 gain=390.4 shuffles=1
  [trace] fortGrant.front.gate.0 approach wp91/115 (stage) d=15m dLast=16m at=(-1340.9,177.4) yaw=-109.65 err=-0.00 gain=390.4 shuffles=1
  [trace] fortGrant.front.gate.0 approach wp91/115 (stage) d=14m dLast=15m at=(-1341.1,178.1) yaw=-109.65 err=-0.00 gain=390.4 shuffles=1
  [trace] fortGrant.front.gate.0 approach wp92/115 (stage) d=29m dLast=29m at=(-1343.3,185.1) yaw=-109.47 err=0.00 gain=364.9 shuffles=0
  [trace] fortGrant.front.gate.0 approach wp92/115 (stage) d=22m dLast=23m at=(-1350.7,190.5) yaw=-109.65 err=-0.00 gain=389.6 shuffles=1
  [trace] fortGrant.front.gate.0 approach wp92/115 (stage) d=18m dLast=19m at=(-1351.8,194.1) yaw=-109.65 err=-0.00 gain=389.6 shuffles=1
  [trace] fortGrant.front.gate.0 approach wp92/115 (stage) d=9m dLast=10m at=(-1354.7,203.4) yaw=-109.66 err=-0.00 gain=389.6 shuffles=1
  [trace] fortGrant.front.gate.0 approach wp92/115 (stage) d=7m dLast=8m at=(-1355.1,204.6) yaw=-109.66 err=0.00 gain=389.6 shuffles=1
  [trace] fortGrant.front.gate.0 approach wp93/115 (stage) d=18m dLast=18m at=(-1363.8,214.5) yaw=-109.66 err=0.00 gain=392.2 shuffles=1
  [trace] fortGrant.front.gate.0 approach wp93/115 (stage) d=17m dLast=17m at=(-1364.2,215.7) yaw=-109.66 err=0.00 gain=392.2 shuffles=1
  [trace] fortGrant.front.gate.0 approach wp93/115 (stage) d=12m dLast=12m at=(-1365.6,220.3) yaw=-109.66 err=0.00 gain=392.2 shuffles=1
  [trace] fortGrant.front.gate.0 approach wp94/115 (stage) d=30m dLast=30m at=(-1366.9,224.4) yaw=-109.47 err=0.00 gain=365.9 shuffles=0
  [trace] fortGrant.front.gate.0 approach wp94/115 (stage) d=30m dLast=30m at=(-1366.9,224.4) yaw=-109.47 err=0.00 gain=365.9 shuffles=0
  [trace] fortGrant.front.gate.0 approach wp94/115 (stage) d=27m dLast=28m at=(-1372.8,225.3) yaw=-109.65 err=0.00 gain=391.2 shuffles=1
  [trace] fortGrant.front.gate.0 approach wp94/115 (stage) d=25m dLast=25m at=(-1373.5,227.6) yaw=-109.65 err=0.00 gain=391.2 shuffles=1
  [trace] fortGrant.front.gate.0 approach wp94/115 (stage) d=23m dLast=24m at=(-1374.0,229.3) yaw=-109.65 err=0.00 gain=391.2 shuffles=1
  [trace] fortGrant.front.gate.0 approach wp94/115 (stage) d=21m dLast=21m at=(-1374.8,231.6) yaw=-109.65 err=0.00 gain=391.2 shuffles=1
  [trace] fortGrant.front.gate.0 approach wp94/115 (stage) d=11m dLast=12m at=(-1377.7,241.0) yaw=-109.65 err=0.00 gain=391.2 shuffles=1
  [trace] fortGrant.front.gate.0 approach wp95/115 (stage) d=30m dLast=30m at=(-1378.8,244.5) yaw=-109.47 err=0.00 gain=365.1 shuffles=0
  [trace] fortGrant.front.gate.0 approach wp95/115 (stage) d=30m dLast=30m at=(-1378.8,244.5) yaw=-109.47 err=0.00 gain=365.1 shuffles=0
  [trace] fortGrant.front.gate.0 approach wp95/115 (stage) d=20m dLast=21m at=(-1386.7,251.8) yaw=-109.65 err=-0.00 gain=389.8 shuffles=1
  [trace] fortGrant.front.gate.0 approach wp95/115 (stage) d=19m dLast=20m at=(-1387.1,252.9) yaw=-109.65 err=-0.00 gain=389.8 shuffles=1
  [trace] fortGrant.front.gate.0 approach wp95/115 (stage) d=9m dLast=9m at=(-1390.2,262.7) yaw=-109.65 err=-0.00 gain=389.8 shuffles=1
  [trace] fortGrant.front.gate.0 approach wp96/115 (stage) d=26m dLast=27m at=(-1396.9,266.1) yaw=-109.66 err=0.00 gain=391.7 shuffles=1
  [trace] fortGrant.front.gate.0 approach wp96/115 (stage) d=13m dLast=13m at=(-1400.9,279.0) yaw=-109.65 err=0.00 gain=391.7 shuffles=1
  [trace] fortGrant.front.gate.0 approach wp96/115 (stage) d=12m dLast=13m at=(-1401.1,279.5) yaw=-109.65 err=0.00 gain=391.7 shuffles=1
  [trace] fortGrant.front.gate.0 approach wp97/115 (stage) d=30m dLast=30m at=(-1402.5,284.1) yaw=-109.47 err=0.00 gain=361.1 shuffles=0
  [trace] fortGrant.front.gate.0 approach wp97/115 (stage) d=30m dLast=30m at=(-1407.6,282.4) yaw=-109.64 err=-0.16 gain=387.9 shuffles=1
  [trace] fortGrant.front.gate.0 approach wp97/115 (stage) d=28m dLast=29m at=(-1408.1,283.9) yaw=-109.65 err=-0.00 gain=387.9 shuffles=1
  [trace] fortGrant.front.gate.0 approach wp97/115 (stage) d=22m dLast=22m at=(-1410.0,290.1) yaw=-109.65 err=-0.00 gain=387.9 shuffles=1
  [trace] fortGrant.front.gate.0 approach wp97/115 (stage) d=13m dLast=14m at=(-1412.6,298.5) yaw=-109.65 err=-0.00 gain=387.9 shuffles=1
  [trace] fortGrant.front.gate.0 approach wp98/115 (stage) d=26m dLast=26m at=(-1420.6,306.0) yaw=-109.65 err=0.00 gain=390.1 shuffles=1
  [trace] fortGrant.front.gate.0 approach wp98/115 (stage) d=25m dLast=26m at=(-1420.7,306.6) yaw=-109.65 err=0.00 gain=390.1 shuffles=1
  [trace] fortGrant.front.gate.0 approach wp98/115 (stage) d=13m dLast=13m at=(-1424.4,318.4) yaw=-109.65 err=0.00 gain=390.1 shuffles=1
  [trace] fortGrant.front.gate.0 approach wp98/115 (stage) d=12m dLast=12m at=(-1424.8,319.6) yaw=-109.65 err=0.00 gain=390.1 shuffles=1
  [trace] fortGrant.front.gate.0 approach wp99/115 (stage) d=29m dLast=29m at=(-1426.3,324.3) yaw=-109.47 err=0.00 gain=361.1 shuffles=0
  [trace] fortGrant.front.gate.0 approach wp99/115 (stage) d=29m dLast=29m at=(-1431.2,321.9) yaw=-109.49 err=-1.22 gain=377.7 shuffles=1
  [trace] fortGrant.front.gate.0 approach wp99/115 (stage) d=29m dLast=29m at=(-1431.5,322.6) yaw=-109.64 err=-0.16 gain=389.0 shuffles=1
  [trace] fortGrant.front.gate.0 approach wp99/115 (stage) d=29m dLast=29m at=(-1431.8,323.5) yaw=-109.66 err=-0.02 gain=389.0 shuffles=1
  [trace] fortGrant.front.gate.0 approach wp99/115 (stage) d=22m dLast=23m at=(-1433.6,329.2) yaw=-109.66 err=0.00 gain=389.0 shuffles=1
  [trace] fortGrant.front.gate.0 approach wp99/115 (stage) d=22m dLast=22m at=(-1433.7,329.8) yaw=-109.66 err=0.00 gain=389.0 shuffles=1
  [trace] fortGrant.front.gate.0 approach wp99/115 (stage) d=21m dLast=21m at=(-1434.1,330.9) yaw=-109.66 err=0.00 gain=389.0 shuffles=1
  [trace] fortGrant.front.gate.0 approach wp99/115 (stage) d=14m dLast=14m at=(-1436.1,337.3) yaw=-109.66 err=0.00 gain=389.0 shuffles=1
  [trace] fortGrant.front.gate.0 approach wp99/115 (stage) d=10m dLast=11m at=(-1437.2,341.1) yaw=-109.65 err=0.00 gain=389.0 shuffles=1
  [trace] fortGrant.front.gate.0 approach wp100/115 (stage) d=30m dLast=30m at=(-1438.0,343.5) yaw=-109.45 err=0.01 gain=360.7 shuffles=0
  [trace] fortGrant.front.gate.0 approach wp100/115 (stage) d=30m dLast=30m at=(-1438.0,343.5) yaw=-109.45 err=0.00 gain=360.7 shuffles=0
  [trace] fortGrant.front.gate.0 approach wp100/115 (stage) d=20m dLast=20m at=(-1446.3,351.1) yaw=-109.63 err=-0.00 gain=388.2 shuffles=1
  [trace] fortGrant.front.gate.0 approach wp100/115 (stage) d=18m dLast=18m at=(-1446.8,352.9) yaw=-109.63 err=-0.00 gain=388.2 shuffles=1
  [trace] fortGrant.front.gate.0 approach wp100/115 (stage) d=15m dLast=16m at=(-1447.6,355.1) yaw=-109.63 err=-0.00 gain=388.2 shuffles=1
  [trace] fortGrant.front.gate.0 approach wp101/115 (stage) d=29m dLast=29m at=(-1455.1,360.6) yaw=-109.46 err=-1.21 gain=377.4 shuffles=1
  [trace] fortGrant.front.gate.0 approach wp101/115 (stage) d=23m dLast=24m at=(-1457.2,366.8) yaw=-109.63 err=0.00 gain=388.8 shuffles=1
  [trace] fortGrant.front.gate.0 approach wp101/115 (stage) d=21m dLast=22m at=(-1458.0,369.2) yaw=-109.63 err=0.00 gain=388.8 shuffles=1
  [trace] fortGrant.front.gate.0 approach wp101/115 (stage) d=14m dLast=15m at=(-1460.3,375.8) yaw=-109.63 err=0.00 gain=388.8 shuffles=1
  [trace] fortGrant.front.gate.0 approach wp101/115 (stage) d=12m dLast=13m at=(-1460.9,377.6) yaw=-109.63 err=0.00 gain=388.8 shuffles=1
  [trace] fortGrant.front.gate.0 approach wp101/115 (stage) d=11m dLast=11m at=(-1461.4,379.1) yaw=-109.62 err=0.00 gain=388.8 shuffles=1
  [trace] fortGrant.front.gate.0 approach wp102/115 (stage) d=29m dLast=29m at=(-1462.5,382.2) yaw=-109.44 err=0.00 gain=366.1 shuffles=0
  [trace] fortGrant.front.gate.0 approach wp102/115 (stage) d=30m dLast=29m at=(-1467.2,379.7) yaw=-109.47 err=-1.21 gain=381.3 shuffles=1
  [trace] fortGrant.front.gate.0 approach wp102/115 (stage) d=29m dLast=30m at=(-1467.7,381.1) yaw=-109.62 err=-0.01 gain=390.7 shuffles=1
  [trace] fortGrant.front.gate.0 approach wp102/115 (stage) d=26m dLast=27m at=(-1468.5,383.4) yaw=-109.62 err=-0.00 gain=390.7 shuffles=1
  [trace] fortGrant.front.gate.0 approach wp102/115 (stage) d=14m dLast=15m at=(-1472.4,394.6) yaw=-109.62 err=-0.00 gain=390.7 shuffles=1
  [trace] fortGrant.front.gate.0 approach wp102/115 (stage) d=12m dLast=13m at=(-1473.2,396.9) yaw=-109.62 err=-0.00 gain=390.7 shuffles=1
  [trace] fortGrant.front.gate.0 approach wp103/115 (stage) d=29m dLast=29m at=(-1474.9,401.9) yaw=-109.44 err=0.00 gain=366.7 shuffles=0
  [trace] fortGrant.front.gate.0 approach wp103/115 (stage) d=27m dLast=28m at=(-1480.6,401.4) yaw=-109.63 err=-0.00 gain=390.3 shuffles=1
  [trace] fortGrant.front.gate.0 approach wp103/115 (stage) d=17m dLast=18m at=(-1483.9,411.2) yaw=-109.63 err=-0.00 gain=390.3 shuffles=1
  [trace] fortGrant.front.gate.0 approach wp104/115 (stage) d=27m dLast=28m at=(-1492.9,420.8) yaw=-109.63 err=0.00 gain=389.4 shuffles=1
  [trace] fortGrant.front.gate.0 approach wp104/115 (stage) d=20m dLast=21m at=(-1495.1,427.4) yaw=-109.63 err=0.00 gain=389.4 shuffles=1
  [trace] fortGrant.front.gate.0 approach wp104/115 (stage) d=15m dLast=16m at=(-1496.7,432.2) yaw=-109.63 err=0.00 gain=389.4 shuffles=1
  [trace] fortGrant.front.gate.0 approach wp105/115 (stage) d=29m dLast=29m at=(-1499.5,440.1) yaw=-109.44 err=0.00 gain=363.8 shuffles=0
  [trace] fortGrant.front.gate.0 approach wp105/115 (stage) d=29m dLast=29m at=(-1499.5,440.1) yaw=-109.44 err=0.00 gain=363.8 shuffles=0
  [trace] fortGrant.front.gate.0 approach wp105/115 (stage) d=21m dLast=22m at=(-1507.3,446.0) yaw=-109.63 err=0.00 gain=389.6 shuffles=1
  [trace] fortGrant.front.gate.0 approach wp105/115 (stage) d=18m dLast=19m at=(-1508.3,448.9) yaw=-109.63 err=0.00 gain=389.6 shuffles=1
  [trace] fortGrant.front.gate.0 approach wp105/115 (stage) d=9m dLast=9m at=(-1511.2,457.6) yaw=-109.63 err=0.00 gain=389.6 shuffles=1
  [trace] fortGrant.front.gate.0 approach wp106/115 (stage) d=29m dLast=29m at=(-1511.8,459.3) yaw=-109.44 err=0.00 gain=359.8 shuffles=0
  [trace] fortGrant.front.gate.0 approach wp106/115 (stage) d=29m dLast=29m at=(-1511.8,459.3) yaw=-109.44 err=0.00 gain=359.8 shuffles=0
  [trace] fortGrant.front.gate.0 approach wp106/115 (stage) d=29m dLast=29m at=(-1511.8,459.3) yaw=-109.44 err=0.00 gain=359.8 shuffles=0
  [trace] fortGrant.front.gate.0 approach wp106/115 (stage) d=29m dLast=29m at=(-1511.8,459.3) yaw=-109.44 err=0.00 gain=359.8 shuffles=0
  [trace] fortGrant.front.gate.0 approach wp106/115 (stage) d=28m dLast=29m at=(-1517.3,458.9) yaw=-109.62 err=-0.00 gain=387.1 shuffles=1
  [trace] fortGrant.front.gate.0 approach wp106/115 (stage) d=14m dLast=15m at=(-1521.8,471.9) yaw=-109.62 err=-0.00 gain=387.1 shuffles=1
  [trace] fortGrant.front.gate.0 approach wp107/115 (stage) d=29m dLast=29m at=(-1524.1,478.5) yaw=-109.44 err=0.00 gain=367.8 shuffles=0
  [trace] fortGrant.front.gate.0 approach wp107/115 (stage) d=25m dLast=26m at=(-1530.6,480.5) yaw=-109.63 err=0.00 gain=392.3 shuffles=1
  [trace] fortGrant.front.gate.0 approach wp107/115 (stage) d=21m dLast=22m at=(-1531.8,484.0) yaw=-109.63 err=0.00 gain=392.3 shuffles=1
  [trace] fortGrant.front.gate.0 approach wp107/115 (stage) d=10m dLast=11m at=(-1535.4,494.6) yaw=-109.63 err=0.00 gain=392.3 shuffles=1
  [trace] fortGrant.front.gate.0 approach wp108/115 (stage) d=29m dLast=29m at=(-1536.4,497.7) yaw=-109.44 err=0.00 gain=363.8 shuffles=0
  [trace] fortGrant.front.gate.0 approach wp108/115 (stage) d=25m dLast=26m at=(-1542.7,499.6) yaw=-109.62 err=-0.00 gain=390.4 shuffles=1
  [trace] fortGrant.front.gate.0 approach wp108/115 (stage) d=15m dLast=15m at=(-1546.2,509.6) yaw=-109.62 err=-0.00 gain=390.4 shuffles=1
  [trace] fortGrant.front.gate.0 approach wp108/115 (stage) d=14m dLast=15m at=(-1546.4,510.2) yaw=-109.62 err=-0.00 gain=390.4 shuffles=1
  [trace] fortGrant.front.gate.0 approach wp108/115 (stage) d=9m dLast=9m at=(-1548.2,515.6) yaw=-109.62 err=-0.00 gain=390.4 shuffles=1
  [trace] fortGrant.front.gate.0 approach wp108/115 (stage) d=8m dLast=9m at=(-1548.4,516.2) yaw=-109.62 err=-0.00 gain=390.4 shuffles=1
  [trace] fortGrant.front.gate.0 approach wp109/115 (stage) d=29m dLast=Infinitym at=(-1548.7,516.9) yaw=-109.49 err=0.19 gain=336.7 shuffles=0
  [trace] fortGrant.front.gate.0 approach wp109/115 (stage) d=29m dLast=29m at=(-1548.7,516.9) yaw=-109.44 err=0.00 gain=361.4 shuffles=0
  [trace] fortGrant.front.gate.0 approach wp109/115 (stage) d=29m dLast=29m at=(-1548.7,516.9) yaw=-109.44 err=0.00 gain=361.4 shuffles=0
  [trace] fortGrant.front.gate.0 approach wp109/115 (stage) d=28m dLast=29m at=(-1554.2,516.5) yaw=-109.62 err=-0.00 gain=388.7 shuffles=1
  [trace] fortGrant.front.gate.0 approach wp109/115 (stage) d=21m dLast=22m at=(-1556.5,523.0) yaw=-109.62 err=-0.00 gain=388.7 shuffles=1
  [trace] fortGrant.front.gate.0 approach wp109/115 (stage) d=15m dLast=15m at=(-1558.5,529.0) yaw=-109.62 err=-0.00 gain=388.7 shuffles=1
  [trace] fortGrant.front.gate.0 approach wp109/115 (stage) d=8m dLast=8m at=(-1560.8,535.7) yaw=-109.62 err=-0.00 gain=388.7 shuffles=1
  [trace] fortGrant.front.gate.0 approach wp110/115 (stage) d=30m dLast=30m at=(-1560.9,535.8) yaw=-109.44 err=0.00 gain=367.1 shuffles=0
  [trace] fortGrant.front.gate.0 approach wp110/115 (stage) d=9m dLast=9m at=(-1572.8,553.9) yaw=-109.63 err=0.00 gain=391.7 shuffles=1
  [trace] fortGrant.front.gate.0 approach wp111/115 (stage) d=28m dLast=28m at=(-1573.8,557.0) yaw=-109.43 err=0.00 gain=363.4 shuffles=0
  [trace] fortGrant.front.gate.0 approach wp111/115 (stage) d=27m dLast=28m at=(-1579.1,556.1) yaw=-109.62 err=-0.02 gain=390.2 shuffles=1
  [trace] fortGrant.front.gate.0 approach wp111/115 (stage) d=24m dLast=24m at=(-1580.1,559.0) yaw=-109.62 err=-0.00 gain=390.2 shuffles=1
  [trace] fortGrant.front.gate.0 approach wp112/115 (gate fortGrant) d=21m dLast=21m at=(-1585.6,574.7) yaw=-109.19 err=0.00 gain=360.3 shuffles=0
  [trace] fortGrant.front.gate.0 approach wp112/115 (gate fortGrant) d=14m dLast=15m at=(-1593.3,577.5) yaw=-109.45 err=-0.00 gain=388.4 shuffles=1
  [trace] fortGrant.front.gate.0 approach wp112/115 (gate fortGrant) d=11m dLast=11m at=(-1595.1,580.8) yaw=-109.45 err=-0.00 gain=388.4 shuffles=1
  [trace] fortGrant.front.gate.0 approach wp115/115 (approach fortGrant.gate) d=7m dLast=7m at=(-1596.7,583.7) yaw=-109.45 err=0.00 gain=300.0 shuffles=0
  [trace] fortGrant.front.gate.0 approach wp115/115 (approach fortGrant.gate) d=8m dLast=9m at=(-1601.4,582.7) yaw=-110.14 err=-0.14 gain=375.8 shuffles=1
  [trace] fortGrant.front.gate.0 through d=7m dLast=7m at=(-1605.5,586.9) yaw=-111.06 err=-0.18 gain=376.2 shuffles=1
PASS  walk through fortGrant.front.gate.0

[door] elPasoTwoStory.front.door.0 (3366 m away)
  [trace] elPasoTwoStory.front.door.0 exterior d=3366m dLast=Infinitym at=(-1600.2,587.4) yaw=-111.81 err=1.84 gain=335.0 shuffles=0
  [trace] elPasoTwoStory.front.door.0 exterior d=3360m dLast=3361m at=(-1593.6,591.0) yaw=-111.03 err=0.00 gain=377.0 shuffles=0
  [trace] elPasoTwoStory.front.door.0 exterior d=3350m dLast=3351m at=(-1587.1,596.9) yaw=-111.03 err=0.00 gain=377.0 shuffles=0
  [trace] elPasoTwoStory.front.door.0 exterior d=3350m dLast=3350m at=(-1587.1,597.3) yaw=-111.03 err=0.00 gain=377.0 shuffles=0
  [trace] elPasoTwoStory.front.door.0 exterior d=3350m dLast=3350m at=(-1587.1,598.4) yaw=-111.03 err=0.00 gain=377.0 shuffles=0
  [trace] elPasoTwoStory.front.door.0 exterior d=3346m dLast=3346m at=(-1587.1,606.9) yaw=-111.03 err=-0.00 gain=377.0 shuffles=0
  [trace] elPasoTwoStory.front.door.0 exterior d=3343m dLast=3343m at=(-1587.1,610.9) yaw=-111.03 err=-0.00 gain=377.0 shuffles=0
  [trace] elPasoTwoStory.front.door.0 exterior d=3343m dLast=3343m at=(-1587.1,610.9) yaw=-111.03 err=-0.00 gain=377.0 shuffles=0
  [trace] elPasoTwoStory.front.door.0 exterior d=3343m dLast=3343m at=(-1587.1,610.9) yaw=-111.03 err=0.00 gain=395.4 shuffles=1
  [trace] elPasoTwoStory.front.door.0 exterior d=3343m dLast=3343m at=(-1587.1,610.9) yaw=-111.03 err=0.00 gain=395.4 shuffles=1
  [trace] elPasoTwoStory.front.door.0 exterior d=3346m dLast=3346m at=(-1588.3,610.9) yaw=-111.03 err=-0.05 gain=402.1 shuffles=2
  [trace] elPasoTwoStory.front.door.0 exterior d=3347m dLast=3343m at=(-1588.5,605.6) yaw=-111.07 err=1.03 gain=406.6 shuffles=3
  [trace] elPasoTwoStory.front.door.0 exterior d=3345m dLast=3346m at=(-1587.1,607.3) yaw=-111.03 err=0.00 gain=406.6 shuffles=3
  [trace] elPasoTwoStory.front.door.0 exterior d=3345m dLast=3345m at=(-1587.1,608.3) yaw=-111.03 err=0.00 gain=406.6 shuffles=3
  [trace] elPasoTwoStory.front.door.0 exterior d=3343m dLast=3343m at=(-1587.1,610.9) yaw=-111.03 err=0.00 gain=406.6 shuffles=3
  [trace] elPasoTwoStory.front.door.0 exterior d=3343m dLast=3343m at=(-1587.1,610.9) yaw=-111.03 err=0.00 gain=406.6 shuffles=3
  [trace] elPasoTwoStory.front.door.0 exterior d=3343m dLast=3343m at=(-1587.1,610.9) yaw=-111.03 err=0.00 gain=406.6 shuffles=3
  [trace] elPasoTwoStory.front.door.0 exterior d=3343m dLast=3343m at=(-1587.1,610.9) yaw=-111.03 err=0.00 gain=409.5 shuffles=4
  [trace] elPasoTwoStory.front.door.0 exterior d=3348m dLast=3349m at=(-1591.7,610.9) yaw=-111.03 err=0.00 gain=411.6 shuffles=5
  [trace] elPasoTwoStory.front.door.0 exterior d=3343m dLast=3343m at=(-1587.1,610.9) yaw=-111.03 err=0.00 gain=411.6 shuffles=5
  [trace] elPasoTwoStory.front.door.0 exterior d=3343m dLast=3343m at=(-1587.1,610.9) yaw=-111.03 err=0.00 gain=411.6 shuffles=5
  [trace] elPasoTwoStory.front.door.0 exterior d=3350m dLast=3350m at=(-1587.1,597.5) yaw=-111.03 err=0.00 gain=413.3 shuffles=6
  [trace] elPasoTwoStory.front.door.0 exterior d=3347m dLast=3348m at=(-1589.9,610.9) yaw=-111.03 err=0.00 gain=414.3 shuffles=7
  [trace] elPasoTwoStory.front.door.0 exterior d=3345m dLast=3346m at=(-1587.9,610.9) yaw=-111.03 err=0.00 gain=414.3 shuffles=7
  [trace] elPasoTwoStory.front.door.0 exterior d=3343m dLast=3343m at=(-1587.1,610.9) yaw=-111.03 err=0.00 gain=414.3 shuffles=7
  [trace] elPasoTwoStory.front.door.0 exterior d=3343m dLast=3343m at=(-1587.1,610.9) yaw=-111.03 err=0.00 gain=414.3 shuffles=7
  [trace] elPasoTwoStory.front.door.0 exterior d=3345m dLast=3345m at=(-1587.1,608.3) yaw=-111.03 err=-0.00 gain=415.8 shuffles=10
  [trace] elPasoTwoStory.front.door.0 exterior d=3343m dLast=3343m at=(-1587.1,610.9) yaw=-111.03 err=-0.00 gain=415.8 shuffles=10
  [trace] elPasoTwoStory.front.door.0 exterior d=3343m dLast=3343m at=(-1587.1,610.9) yaw=-111.03 err=-0.00 gain=415.8 shuffles=10
  [trace] elPasoTwoStory.front.door.0 exterior d=3343m dLast=3343m at=(-1587.1,610.9) yaw=-111.03 err=-0.00 gain=415.8 shuffles=10
  [trace] elPasoTwoStory.front.door.0 exterior d=3346m dLast=3347m at=(-1588.9,610.9) yaw=-111.03 err=-0.00 gain=416.0 shuffles=11
  [trace] elPasoTwoStory.front.door.0 exterior d=3343m dLast=3343m at=(-1587.1,610.9) yaw=-111.03 err=0.00 gain=416.0 shuffles=11
  [trace] elPasoTwoStory.front.door.0 exterior d=3343m dLast=3343m at=(-1587.1,610.9) yaw=-111.03 err=0.00 gain=416.0 shuffles=11
  [trace] elPasoTwoStory.front.door.0 exterior d=3343m dLast=3343m at=(-1587.1,610.9) yaw=-111.03 err=0.00 gain=416.0 shuffles=11
  [trace] elPasoTwoStory.front.door.0 exterior d=3346m dLast=3346m at=(-1587.1,607.1) yaw=-111.03 err=-0.00 gain=416.2 shuffles=12
  [trace] elPasoTwoStory.front.door.0 exterior d=3345m dLast=3345m at=(-1587.1,609.1) yaw=-111.03 err=-0.00 gain=416.2 shuffles=12
  [trace] elPasoTwoStory.front.door.0 exterior d=3343m dLast=3344m at=(-1587.1,610.9) yaw=-111.03 err=-0.00 gain=416.2 shuffles=12
  [trace] elPasoTwoStory.front.door.0 exterior d=3343m dLast=3343m at=(-1587.1,610.9) yaw=-111.03 err=-0.00 gain=416.2 shuffles=12
  [trace] elPasoTwoStory.front.door.0 exterior d=3348m dLast=3349m at=(-1591.7,610.9) yaw=-111.03 err=0.00 gain=416.1 shuffles=13
  [trace] elPasoTwoStory.front.door.0 exterior d=3343m dLast=3343m at=(-1587.1,610.9) yaw=-111.03 err=0.00 gain=416.1 shuffles=13
  [trace] elPasoTwoStory.front.door.0 exterior d=3343m dLast=3343m at=(-1587.1,610.9) yaw=-111.03 err=0.00 gain=416.1 shuffles=13
  [trace] elPasoTwoStory.front.door.0 exterior d=3343m dLast=3343m at=(-1587.1,610.9) yaw=-111.03 err=0.00 gain=416.1 shuffles=13
  [trace] elPasoTwoStory.front.door.0 exterior d=3347m dLast=3348m at=(-1587.6,606.2) yaw=-111.03 err=-0.00 gain=416.2 shuffles=14
  [trace] elPasoTwoStory.front.door.0 exterior d=3343m dLast=3343m at=(-1587.1,610.9) yaw=-111.03 err=-0.00 gain=416.2 shuffles=14
nav route for elPasoTwoStory.front.door.0 exterior via El Paso Verde: 206 hops, 4783 m (straight-line from here: 3343 m)
  [trace] elPasoTwoStory.front.door.0 approach wp3/205 (stage) d=51m dLast=51m at=(-1587.1,609.7) yaw=-112.71 err=-0.78 gain=359.5 shuffles=0
  [trace] elPasoTwoStory.front.door.0 approach wp3/205 (stage) d=48m dLast=50m at=(-1587.1,606.3) yaw=-112.85 err=-0.01 gain=376.2 shuffles=0
  [trace] elPasoTwoStory.front.door.0 approach wp3/205 (stage) d=31m dLast=32m at=(-1587.1,589.5) yaw=-112.71 err=0.02 gain=376.2 shuffles=0
  [trace] elPasoTwoStory.front.door.0 approach wp3/205 (stage) d=30m dLast=30m at=(-1587.1,589.1) yaw=-112.70 err=0.00 gain=376.2 shuffles=0
  [trace] elPasoTwoStory.front.door.0 approach wp3/205 (stage) d=30m dLast=30m at=(-1587.1,589.1) yaw=-112.70 err=0.00 gain=401.9 shuffles=2
  [trace] elPasoTwoStory.front.door.0 approach wp3/205 (stage) d=30m dLast=30m at=(-1587.1,589.1) yaw=-112.69 err=-0.01 gain=409.6 shuffles=3
  [trace] elPasoTwoStory.front.door.0 approach wp3/205 (stage) d=30m dLast=30m at=(-1587.1,589.1) yaw=-112.70 err=0.00 gain=409.6 shuffles=3
  [trace] elPasoTwoStory.front.door.0 approach wp3/205 (stage) d=30m dLast=30m at=(-1587.1,589.1) yaw=-112.70 err=-0.01 gain=411.5 shuffles=4
  [trace] elPasoTwoStory.front.door.0 approach wp3/205 (stage) d=30m dLast=31m at=(-1587.1,589.1) yaw=-112.70 err=0.01 gain=412.8 shuffles=5
  [trace] elPasoTwoStory.front.door.0 approach wp3/205 (stage) d=31m dLast=32m at=(-1589.9,589.1) yaw=-112.60 err=-0.01 gain=415.1 shuffles=6
  [trace] elPasoTwoStory.front.door.0 approach wp3/205 (stage) d=30m dLast=30m at=(-1587.1,589.1) yaw=-112.70 err=0.00 gain=415.6 shuffles=7
  [trace] elPasoTwoStory.front.door.0 approach wp3/205 (stage) d=30m dLast=30m at=(-1587.1,589.1) yaw=-112.70 err=0.00 gain=415.6 shuffles=7
  [trace] elPasoTwoStory.front.door.0 approach wp3/205 (stage) d=30m dLast=30m at=(-1587.1,589.1) yaw=-112.70 err=0.00 gain=415.8 shuffles=8
  [trace] elPasoTwoStory.front.door.0 approach wp3/205 (stage) d=30m dLast=31m at=(-1587.9,589.1) yaw=-112.66 err=-0.01 gain=416.1 shuffles=9
  [trace] elPasoTwoStory.front.door.0 approach wp3/205 (stage) d=30m dLast=30m at=(-1587.1,589.1) yaw=-112.70 err=0.00 gain=416.2 shuffles=11
    [steerRoute] elPasoTwoStory.front.door.0 approach wp3/205 (stage): hop failed — rider at (-1596, 589) mounted=false target (-1575, 562) d=35 — sidestep and retry
  [trace] elPasoTwoStory.front.door.0 approach wp3/205 (stage) re-thread gate d=7m dLast=7m at=(-1593.2,590.6) yaw=-114.30 err=-0.00 gain=358.8 shuffles=0
  [trace] elPasoTwoStory.front.door.0 approach wp3/205 (stage) re-thread gate d=9m dLast=7m at=(-1591.4,589.1) yaw=-114.32 err=-1.27 gain=376.2 shuffles=1
  [trace] elPasoTwoStory.front.door.0 approach wp3/205 (stage) re-centre d=20m dLast=20m at=(-1588.2,575.8) yaw=-112.37 err=0.00 gain=378.8 shuffles=0
  [trace] elPasoTwoStory.front.door.0 approach wp3/205 (stage) re-centre d=17m dLast=17m at=(-1586.2,573.6) yaw=-112.37 err=0.00 gain=378.8 shuffles=0
  [trace] elPasoTwoStory.front.door.0 approach wp3/205 (stage) re-centre d=8m dLast=9m at=(-1580.3,567.0) yaw=-112.37 err=0.00 gain=378.8 shuffles=0
  [trace] elPasoTwoStory.front.door.0 approach wp4/205 (stage) d=29m dLast=29m at=(-1579.8,566.4) yaw=-112.49 err=0.00 gain=334.3 shuffles=0
  [trace] elPasoTwoStory.front.door.0 approach wp4/205 (stage) d=29m dLast=29m at=(-1579.8,566.4) yaw=-112.49 err=0.00 gain=334.3 shuffles=0
  [trace] elPasoTwoStory.front.door.0 approach wp4/205 (stage) d=28m dLast=29m at=(-1573.9,566.6) yaw=-112.68 err=-0.00 gain=375.1 shuffles=1
  [trace] elPasoTwoStory.front.door.0 approach wp4/205 (stage) d=14m dLast=14m at=(-1568.4,554.3) yaw=-112.68 err=0.00 gain=375.1 shuffles=1
  [trace] elPasoTwoStory.front.door.0 approach wp4/205 (stage) d=11m dLast=11m at=(-1567.2,551.5) yaw=-112.68 err=0.00 gain=375.1 shuffles=1
  [trace] elPasoTwoStory.front.door.0 approach wp5/205 (stage) d=29m dLast=29m at=(-1565.7,548.3) yaw=-112.56 err=0.00 gain=338.5 shuffles=0
  [trace] elPasoTwoStory.front.door.0 approach wp5/205 (stage) d=22m dLast=23m at=(-1558.1,543.6) yaw=-112.75 err=-0.00 gain=376.9 shuffles=1
  [trace] elPasoTwoStory.front.door.0 approach wp5/205 (stage) d=16m dLast=17m at=(-1556.0,537.6) yaw=-112.75 err=0.00 gain=376.9 shuffles=1
  [trace] elPasoTwoStory.front.door.0 approach wp5/205 (stage) d=13m dLast=14m at=(-1554.8,534.3) yaw=-112.75 err=0.00 gain=376.9 shuffles=1
  [trace] elPasoTwoStory.front.door.0 approach wp7/205 (stage) d=52m dLast=52m at=(-1553.0,529.2) yaw=-112.56 err=0.00 gain=362.1 shuffles=0
  [trace] elPasoTwoStory.front.door.0 approach wp7/205 (stage) d=48m dLast=49m at=(-1542.3,528.7) yaw=-112.75 err=-0.00 gain=388.2 shuffles=1
  [trace] elPasoTwoStory.front.door.0 approach wp7/205 (stage) d=24m dLast=25m at=(-1534.3,506.8) yaw=-112.75 err=-0.00 gain=388.2 shuffles=1
  [trace] elPasoTwoStory.front.door.0 approach wp7/205 (stage) d=24m dLast=24m at=(-1534.0,506.3) yaw=-112.75 err=-0.00 gain=388.2 shuffles=1
  [trace] elPasoTwoStory.front.door.0 approach wp9/205 (stage) d=49m dLast=51m at=(-1518.1,491.3) yaw=-112.75 err=0.00 gain=388.6 shuffles=1
  [trace] elPasoTwoStory.front.door.0 approach wp9/205 (stage) d=34m dLast=35m at=(-1513.2,478.0) yaw=-112.75 err=0.00 gain=388.6 shuffles=1
  [trace] elPasoTwoStory.front.door.0 approach wp9/205 (stage) d=29m dLast=30m at=(-1511.3,472.8) yaw=-112.75 err=0.00 gain=388.6 shuffles=1
  [trace] elPasoTwoStory.front.door.0 approach wp9/205 (stage) d=28m dLast=29m at=(-1511.1,472.3) yaw=-112.75 err=0.00 gain=388.6 shuffles=1
  [trace] elPasoTwoStory.front.door.0 approach wp11/205 (stage) d=52m dLast=52m at=(-1503.9,452.5) yaw=-112.57 err=0.05 gain=363.4 shuffles=0
  [trace] elPasoTwoStory.front.door.0 approach wp11/205 (stage) d=53m dLast=53m at=(-1494.6,455.6) yaw=-112.73 err=-0.16 gain=389.1 shuffles=1
  [trace] elPasoTwoStory.front.door.0 approach wp11/205 (stage) d=42m dLast=43m at=(-1491.3,446.7) yaw=-112.74 err=-0.00 gain=389.1 shuffles=1
  [trace] elPasoTwoStory.front.door.0 approach wp11/205 (stage) d=30m dLast=31m at=(-1487.2,435.6) yaw=-112.74 err=-0.00 gain=389.1 shuffles=1
  [trace] elPasoTwoStory.front.door.0 approach wp11/205 (stage) d=26m dLast=26m at=(-1485.6,431.2) yaw=-112.74 err=-0.00 gain=389.1 shuffles=1
  [trace] elPasoTwoStory.front.door.0 approach wp11/205 (stage) d=25m dLast=26m at=(-1485.4,430.6) yaw=-112.74 err=-0.00 gain=389.1 shuffles=1
  [trace] elPasoTwoStory.front.door.0 approach wp11/205 (stage) d=19m dLast=20m at=(-1483.3,425.1) yaw=-112.74 err=-0.00 gain=389.1 shuffles=1
  [trace] elPasoTwoStory.front.door.0 approach wp13/205 (stage) d=51m dLast=53m at=(-1469.1,415.3) yaw=-112.75 err=-0.02 gain=391.5 shuffles=1
  [trace] elPasoTwoStory.front.door.0 approach wp13/205 (stage) d=42m dLast=43m at=(-1466.2,407.3) yaw=-112.75 err=0.00 gain=391.5 shuffles=1
  [trace] elPasoTwoStory.front.door.0 approach wp13/205 (stage) d=27m dLast=28m at=(-1461.3,394.0) yaw=-112.75 err=0.00 gain=391.5 shuffles=1
  [trace] elPasoTwoStory.front.door.0 approach wp13/205 (stage) d=23m dLast=24m at=(-1459.9,390.0) yaw=-112.75 err=0.00 gain=391.5 shuffles=1
  [trace] elPasoTwoStory.front.door.0 approach wp15/205 (stage) d=53m dLast=53m at=(-1454.6,375.6) yaw=-112.57 err=0.00 gain=366.7 shuffles=0
  [trace] elPasoTwoStory.front.door.0 approach wp15/205 (stage) d=43m dLast=44m at=(-1442.1,370.1) yaw=-112.76 err=0.00 gain=390.5 shuffles=1
  [trace] elPasoTwoStory.front.door.0 approach wp15/205 (stage) d=34m dLast=35m at=(-1439.3,361.9) yaw=-112.76 err=0.00 gain=390.5 shuffles=1
  [trace] elPasoTwoStory.front.door.0 approach wp15/205 (stage) d=27m dLast=27m at=(-1436.8,354.7) yaw=-112.76 err=0.00 gain=390.5 shuffles=1
  [trace] elPasoTwoStory.front.door.0 approach wp15/205 (stage) d=18m dLast=19m at=(-1434.0,346.9) yaw=-112.76 err=0.00 gain=390.5 shuffles=1
  [trace] elPasoTwoStory.front.door.0 approach wp17/205 (stage) d=53m dLast=53m at=(-1430.3,336.3) yaw=-112.59 err=0.00 gain=361.1 shuffles=0
  [trace] elPasoTwoStory.front.door.0 approach wp17/205 (stage) d=53m dLast=53m at=(-1421.3,340.9) yaw=-112.61 err=-1.22 gain=377.8 shuffles=1
  [trace] elPasoTwoStory.front.door.0 approach wp17/205 (stage) d=39m dLast=40m at=(-1416.7,327.2) yaw=-112.78 err=0.00 gain=388.1 shuffles=1
  [trace] elPasoTwoStory.front.door.0 approach wp17/205 (stage) d=38m dLast=38m at=(-1416.1,325.6) yaw=-112.78 err=0.00 gain=388.1 shuffles=1
  [trace] elPasoTwoStory.front.door.0 approach wp17/205 (stage) d=31m dLast=31m at=(-1414.0,319.0) yaw=-112.78 err=0.00 gain=388.1 shuffles=1
  [trace] elPasoTwoStory.front.door.0 approach wp17/205 (stage) d=29m dLast=30m at=(-1413.6,317.9) yaw=-112.78 err=0.00 gain=388.1 shuffles=1
  [trace] elPasoTwoStory.front.door.0 approach wp17/205 (stage) d=25m dLast=25m at=(-1412.1,313.5) yaw=-112.78 err=0.00 gain=388.1 shuffles=1
  [trace] elPasoTwoStory.front.door.0 approach wp17/205 (stage) d=18m dLast=18m at=(-1409.9,306.7) yaw=-112.78 err=0.00 gain=388.1 shuffles=1
  [trace] elPasoTwoStory.front.door.0 approach wp17/205 (stage) d=15m dLast=15m at=(-1409.0,304.0) yaw=-112.78 err=0.00 gain=388.1 shuffles=1
  [trace] elPasoTwoStory.front.door.0 approach wp17/205 (stage) d=13m dLast=14m at=(-1408.4,302.3) yaw=-112.78 err=0.00 gain=388.1 shuffles=1
  [trace] elPasoTwoStory.front.door.0 approach wp19/205 (stage) d=53m dLast=53m at=(-1406.6,296.8) yaw=-112.59 err=0.01 gain=365.3 shuffles=0
  [trace] elPasoTwoStory.front.door.0 approach wp19/205 (stage) d=53m dLast=53m at=(-1406.6,296.8) yaw=-112.59 err=0.00 gain=365.3 shuffles=0
  [trace] elPasoTwoStory.front.door.0 approach wp19/205 (stage) d=43m dLast=44m at=(-1393.8,290.4) yaw=-112.78 err=0.00 gain=391.3 shuffles=1
  [trace] elPasoTwoStory.front.door.0 approach wp19/205 (stage) d=24m dLast=25m at=(-1388.1,273.0) yaw=-112.78 err=0.00 gain=391.3 shuffles=1
  [trace] elPasoTwoStory.front.door.0 approach wp19/205 (stage) d=23m dLast=23m at=(-1387.7,271.8) yaw=-112.78 err=0.00 gain=391.3 shuffles=1
  [trace] elPasoTwoStory.front.door.0 approach wp21/205 (stage) d=53m dLast=53m at=(-1382.8,257.0) yaw=-112.59 err=0.00 gain=364.6 shuffles=0
  [trace] elPasoTwoStory.front.door.0 approach wp21/205 (stage) d=53m dLast=53m at=(-1382.8,257.0) yaw=-112.59 err=0.00 gain=364.6 shuffles=0
  [trace] elPasoTwoStory.front.door.0 approach wp21/205 (stage) d=53m dLast=53m at=(-1382.8,257.0) yaw=-112.59 err=0.00 gain=364.6 shuffles=0
  [trace] elPasoTwoStory.front.door.0 approach wp21/205 (stage) d=38m dLast=39m at=(-1369.0,247.0) yaw=-112.78 err=0.00 gain=389.7 shuffles=1
  [trace] elPasoTwoStory.front.door.0 approach wp21/205 (stage) d=32m dLast=32m at=(-1366.8,240.6) yaw=-112.78 err=0.00 gain=389.7 shuffles=1
  [trace] elPasoTwoStory.front.door.0 approach wp21/205 (stage) d=29m dLast=30m at=(-1366.1,238.4) yaw=-112.78 err=0.00 gain=389.7 shuffles=1
  [trace] elPasoTwoStory.front.door.0 approach wp21/205 (stage) d=19m dLast=20m at=(-1363.0,229.0) yaw=-112.78 err=0.00 gain=389.7 shuffles=1
  [trace] elPasoTwoStory.front.door.0 approach wp21/205 (stage) d=9m dLast=9m at=(-1359.7,219.0) yaw=-112.78 err=0.00 gain=389.7 shuffles=1
  [trace] elPasoTwoStory.front.door.0 approach wp23/205 (stage) d=53m dLast=53m at=(-1359.1,217.3) yaw=-112.59 err=0.00 gain=364.8 shuffles=0
  [trace] elPasoTwoStory.front.door.0 approach wp23/205 (stage) d=47m dLast=48m at=(-1347.9,215.3) yaw=-112.78 err=0.00 gain=391.2 shuffles=1
  [trace] elPasoTwoStory.front.door.0 approach wp23/205 (stage) d=29m dLast=30m at=(-1342.5,198.7) yaw=-112.78 err=0.00 gain=391.2 shuffles=1
  [trace] elPasoTwoStory.front.door.0 approach wp23/205 (stage) d=26m dLast=27m at=(-1341.4,195.5) yaw=-112.78 err=0.00 gain=391.2 shuffles=1
  [trace] elPasoTwoStory.front.door.0 approach wp23/205 (stage) d=23m dLast=24m at=(-1340.5,192.7) yaw=-112.78 err=0.00 gain=391.2 shuffles=1
  [trace] elPasoTwoStory.front.door.0 approach wp23/205 (stage) d=21m dLast=22m at=(-1339.9,191.1) yaw=-112.78 err=0.00 gain=391.2 shuffles=1
  [trace] elPasoTwoStory.front.door.0 approach wp23/205 (stage) d=21m dLast=21m at=(-1339.8,190.6) yaw=-112.78 err=0.00 gain=391.2 shuffles=1
  [trace] elPasoTwoStory.front.door.0 approach wp25/205 (stage) d=53m dLast=53m at=(-1335.6,177.9) yaw=-112.59 err=0.00 gain=362.7 shuffles=0
  [trace] elPasoTwoStory.front.door.0 approach wp25/205 (stage) d=53m dLast=53m at=(-1335.6,177.9) yaw=-112.59 err=0.00 gain=362.7 shuffles=0
  [trace] elPasoTwoStory.front.door.0 approach wp25/205 (stage) d=47m dLast=48m at=(-1324.2,175.6) yaw=-112.78 err=0.00 gain=389.9 shuffles=1
  [trace] elPasoTwoStory.front.door.0 approach wp25/205 (stage) d=24m dLast=25m at=(-1317.1,154.0) yaw=-112.78 err=0.00 gain=389.9 shuffles=1
  [trace] elPasoTwoStory.front.door.0 approach wp25/205 (stage) d=21m dLast=21m at=(-1316.1,150.9) yaw=-112.78 err=0.00 gain=389.9 shuffles=1
  [trace] elPasoTwoStory.front.door.0 approach wp27/205 (stage) d=53m dLast=53m at=(-1311.8,138.1) yaw=-112.59 err=0.00 gain=364.1 shuffles=0
  [trace] elPasoTwoStory.front.door.0 approach wp27/205 (stage) d=53m dLast=53m at=(-1311.8,138.1) yaw=-112.59 err=0.00 gain=364.1 shuffles=0
  [trace] elPasoTwoStory.front.door.0 approach wp27/205 (stage) d=53m dLast=53m at=(-1311.8,138.1) yaw=-112.59 err=0.00 gain=364.1 shuffles=0
  [trace] elPasoTwoStory.front.door.0 approach wp27/205 (stage) d=45m dLast=46m at=(-1299.8,133.5) yaw=-112.78 err=0.00 gain=390.5 shuffles=1
  [trace] elPasoTwoStory.front.door.0 approach wp27/205 (stage) d=41m dLast=42m at=(-1298.7,130.4) yaw=-112.78 err=0.00 gain=390.5 shuffles=1
  [trace] elPasoTwoStory.front.door.0 approach wp27/205 (stage) d=38m dLast=39m at=(-1297.8,127.5) yaw=-112.78 err=0.00 gain=390.5 shuffles=1
  [trace] elPasoTwoStory.front.door.0 approach wp27/205 (stage) d=34m dLast=35m at=(-1296.6,124.0) yaw=-112.78 err=0.00 gain=390.5 shuffles=1
  [trace] elPasoTwoStory.front.door.0 approach wp27/205 (stage) d=27m dLast=28m at=(-1294.3,117.0) yaw=-112.78 err=0.00 gain=390.5 shuffles=1
  [trace] elPasoTwoStory.front.door.0 approach wp27/205 (stage) d=23m dLast=23m at=(-1293.1,113.2) yaw=-112.78 err=0.00 gain=390.5 shuffles=1
  [trace] elPasoTwoStory.front.door.0 approach wp27/205 (stage) d=19m dLast=20m at=(-1292.0,110.0) yaw=-112.78 err=0.00 gain=390.5 shuffles=1
  [trace] elPasoTwoStory.front.door.0 approach wp27/205 (stage) d=15m dLast=17m at=(-1290.6,105.9) yaw=-112.78 err=0.00 gain=390.5 shuffles=1
  [trace] elPasoTwoStory.front.door.0 approach wp27/205 (stage) d=12m dLast=12m at=(-1289.6,102.7) yaw=-112.78 err=0.00 gain=390.5 shuffles=1
  [trace] elPasoTwoStory.front.door.0 approach wp27/205 (stage) d=9m dLast=9m at=(-1288.6,99.9) yaw=-112.78 err=0.00 gain=390.5 shuffles=1
  [trace] elPasoTwoStory.front.door.0 approach wp28/205 (stage) d=17m dLast=17m at=(-1278.2,90.2) yaw=-112.17 err=0.00 gain=387.8 shuffles=1
  [trace] elPasoTwoStory.front.door.0 approach wp28/205 (stage) d=13m dLast=14m at=(-1275.4,88.1) yaw=-112.17 err=0.00 gain=387.8 shuffles=1
  [trace] elPasoTwoStory.front.door.0 approach wp28/205 (stage) d=13m dLast=13m at=(-1275.0,87.8) yaw=-112.17 err=0.00 gain=387.8 shuffles=1
  [trace] elPasoTwoStory.front.door.0 approach wp28/205 (stage) d=9m dLast=10m at=(-1271.6,85.3) yaw=-112.17 err=0.00 gain=387.8 shuffles=1
  [trace] elPasoTwoStory.front.door.0 approach wp28/205 (stage) d=8m dLast=9m at=(-1271.2,85.0) yaw=-112.17 err=0.00 gain=387.8 shuffles=1
  [trace] elPasoTwoStory.front.door.0 approach wp29/205 (stage) d=31m dLast=31m at=(-1270.7,84.6) yaw=-112.07 err=0.03 gain=336.2 shuffles=0
  [trace] elPasoTwoStory.front.door.0 approach wp29/205 (stage) d=31m dLast=31m at=(-1270.7,84.6) yaw=-112.07 err=0.00 gain=336.2 shuffles=0
  [trace] elPasoTwoStory.front.door.0 approach wp29/205 (stage) d=26m dLast=27m at=(-1263.9,85.9) yaw=-112.25 err=0.00 gain=375.8 shuffles=1
  [trace] elPasoTwoStory.front.door.0 approach wp29/205 (stage) d=26m dLast=26m at=(-1263.4,85.5) yaw=-112.25 err=0.00 gain=375.8 shuffles=1
  [trace] elPasoTwoStory.front.door.0 approach wp29/205 (stage) d=22m dLast=23m at=(-1260.8,83.2) yaw=-112.25 err=0.00 gain=375.8 shuffles=1
  [trace] elPasoTwoStory.front.door.0 approach wp30/205 (stage) d=30m dLast=30m at=(-1249.6,73.4) yaw=-112.08 err=0.00 gain=335.8 shuffles=0
  [trace] elPasoTwoStory.front.door.0 approach wp30/205 (stage) d=24m dLast=24m at=(-1240.9,72.8) yaw=-112.25 err=-0.00 gain=375.6 shuffles=1
  [trace] elPasoTwoStory.front.door.0 approach wp30/205 (stage) d=18m dLast=19m at=(-1237.1,69.4) yaw=-112.25 err=-0.00 gain=375.6 shuffles=1
  [trace] elPasoTwoStory.front.door.0 approach wp30/205 (stage) d=16m dLast=17m at=(-1235.4,67.9) yaw=-112.25 err=-0.00 gain=375.6 shuffles=1
  [trace] elPasoTwoStory.front.door.0 approach wp30/205 (stage) d=13m dLast=14m at=(-1232.8,65.6) yaw=-112.26 err=0.00 gain=375.6 shuffles=1
  [trace] elPasoTwoStory.front.door.0 approach wp30/205 (stage) d=11m dLast=12m at=(-1231.9,64.8) yaw=-112.26 err=0.00 gain=375.6 shuffles=1
  [trace] elPasoTwoStory.front.door.0 approach wp30/205 (stage) d=8m dLast=9m at=(-1229.4,62.5) yaw=-112.26 err=0.00 gain=375.6 shuffles=1
  [trace] elPasoTwoStory.front.door.0 approach wp30/205 (stage) d=7m dLast=8m at=(-1228.9,62.1) yaw=-112.26 err=0.00 gain=375.6 shuffles=1
  [trace] elPasoTwoStory.front.door.0 approach wp31/205 (stage) d=31m dLast=31m at=(-1228.9,62.1) yaw=-112.08 err=0.00 gain=367.5 shuffles=0
  [trace] elPasoTwoStory.front.door.0 approach wp31/205 (stage) d=18m dLast=19m at=(-1216.0,57.8) yaw=-112.26 err=0.00 gain=391.8 shuffles=1
  [trace] elPasoTwoStory.front.door.0 approach wp31/205 (stage) d=17m dLast=18m at=(-1215.2,57.1) yaw=-112.26 err=0.00 gain=391.8 shuffles=1
  [trace] elPasoTwoStory.front.door.0 approach wp31/205 (stage) d=13m dLast=13m at=(-1212.0,54.2) yaw=-112.26 err=0.00 gain=391.8 shuffles=1
  [trace] elPasoTwoStory.front.door.0 approach wp31/205 (stage) d=12m dLast=13m at=(-1211.6,53.8) yaw=-112.26 err=0.00 gain=391.8 shuffles=1
  [trace] elPasoTwoStory.front.door.0 approach wp32/205 (stage) d=30m dLast=Infinitym at=(-1207.8,50.4) yaw=-112.14 err=0.18 gain=336.9 shuffles=0
  [trace] elPasoTwoStory.front.door.0 approach wp32/205 (stage) d=30m dLast=30m at=(-1207.8,50.4) yaw=-112.08 err=0.00 gain=367.4 shuffles=0
  [trace] elPasoTwoStory.front.door.0 approach wp32/205 (stage) d=30m dLast=30m at=(-1207.8,50.4) yaw=-112.08 err=0.00 gain=367.4 shuffles=0
  [trace] elPasoTwoStory.front.door.0 approach wp32/205 (stage) d=30m dLast=30m at=(-1207.8,50.4) yaw=-112.08 err=0.00 gain=367.4 shuffles=0
  [trace] elPasoTwoStory.front.door.0 approach wp32/205 (stage) d=26m dLast=26m at=(-1200.9,51.6) yaw=-112.27 err=0.00 gain=391.3 shuffles=1
  [trace] elPasoTwoStory.front.door.0 approach wp32/205 (stage) d=23m dLast=24m at=(-1198.8,49.7) yaw=-112.27 err=0.00 gain=391.3 shuffles=1
  [trace] elPasoTwoStory.front.door.0 approach wp32/205 (stage) d=18m dLast=18m at=(-1194.7,45.9) yaw=-112.27 err=0.00 gain=391.3 shuffles=1
  [trace] elPasoTwoStory.front.door.0 approach wp32/205 (stage) d=12m dLast=13m at=(-1190.9,42.4) yaw=-112.27 err=0.00 gain=391.3 shuffles=1
  [trace] elPasoTwoStory.front.door.0 approach wp32/205 (stage) d=10m dLast=11m at=(-1188.8,40.5) yaw=-112.27 err=0.00 gain=391.3 shuffles=1
  [trace] elPasoTwoStory.front.door.0 approach wp33/205 (stage) d=30m dLast=30m at=(-1187.2,39.0) yaw=-112.08 err=0.00 gain=361.2 shuffles=0
  [trace] elPasoTwoStory.front.door.0 approach wp33/205 (stage) d=30m dLast=30m at=(-1187.2,39.0) yaw=-112.08 err=0.00 gain=361.2 shuffles=0
  [trace] elPasoTwoStory.front.door.0 approach wp33/205 (stage) d=26m dLast=26m at=(-1180.0,39.9) yaw=-112.26 err=-0.00 gain=387.8 shuffles=1
  [trace] elPasoTwoStory.front.door.0 approach wp33/205 (stage) d=23m dLast=23m at=(-1177.8,37.9) yaw=-112.26 err=-0.00 gain=387.8 shuffles=1
  [trace] elPasoTwoStory.front.door.0 approach wp33/205 (stage) d=20m dLast=20m at=(-1175.8,36.0) yaw=-112.26 err=-0.00 gain=387.8 shuffles=1
  [trace] elPasoTwoStory.front.door.0 approach wp33/205 (stage) d=13m dLast=14m at=(-1170.9,31.6) yaw=-112.26 err=-0.00 gain=387.8 shuffles=1
  [trace] elPasoTwoStory.front.door.0 approach wp34/205 (stage) d=30m dLast=30m at=(-1166.3,27.4) yaw=-112.08 err=0.00 gain=364.4 shuffles=0
  [trace] elPasoTwoStory.front.door.0 approach wp34/205 (stage) d=30m dLast=30m at=(-1166.3,27.4) yaw=-112.08 err=0.00 gain=364.4 shuffles=0
  [trace] elPasoTwoStory.front.door.0 approach wp34/205 (stage) d=28m dLast=28m at=(-1160.8,29.8) yaw=-112.26 err=0.00 gain=390.2 shuffles=1
  [trace] elPasoTwoStory.front.door.0 approach wp34/205 (stage) d=27m dLast=28m at=(-1160.4,29.4) yaw=-112.26 err=0.00 gain=390.2 shuffles=1
  [trace] elPasoTwoStory.front.door.0 approach wp34/205 (stage) d=24m dLast=25m at=(-1158.3,27.4) yaw=-112.26 err=0.00 gain=390.2 shuffles=1
  [trace] elPasoTwoStory.front.door.0 approach wp34/205 (stage) d=22m dLast=22m at=(-1156.2,25.5) yaw=-112.26 err=0.00 gain=390.2 shuffles=1
  [trace] elPasoTwoStory.front.door.0 approach wp34/205 (stage) d=14m dLast=15m at=(-1150.8,20.7) yaw=-112.26 err=0.00 gain=390.2 shuffles=1
  [trace] elPasoTwoStory.front.door.0 approach wp35/205 (stage) d=29m dLast=30m at=(-1140.9,19.0) yaw=-112.26 err=-0.01 gain=390.7 shuffles=1
  [trace] elPasoTwoStory.front.door.0 approach wp35/205 (stage) d=27m dLast=27m at=(-1139.2,17.4) yaw=-112.26 err=0.00 gain=390.7 shuffles=1
  [trace] elPasoTwoStory.front.door.0 approach wp35/205 (stage) d=21m dLast=22m at=(-1135.4,14.0) yaw=-112.26 err=0.00 gain=390.7 shuffles=1
  [trace] elPasoTwoStory.front.door.0 approach wp35/205 (stage) d=21m dLast=21m at=(-1135.1,13.7) yaw=-112.26 err=0.00 gain=390.7 shuffles=1
  [trace] elPasoTwoStory.front.door.0 approach wp36/205 (stage) d=26m dLast=26m at=(-1124.0,4.7) yaw=-111.28 err=0.29 gain=360.8 shuffles=0
  [trace] elPasoTwoStory.front.door.0 approach wp36/205 (stage) d=17m dLast=17m at=(-1115.5,7.4) yaw=-111.21 err=0.00 gain=378.3 shuffles=0
  [trace] elPasoTwoStory.front.door.0 approach wp37/205 (stage) d=30m dLast=30m at=(-1106.2,10.5) yaw=-111.02 err=0.00 gain=361.8 shuffles=0
  [trace] elPasoTwoStory.front.door.0 approach wp37/205 (stage) d=30m dLast=30m at=(-1108.7,15.3) yaw=-111.04 err=-1.21 gain=378.0 shuffles=1
  [trace] elPasoTwoStory.front.door.0 approach wp37/205 (stage) d=22m dLast=23m at=(-1100.6,18.1) yaw=-111.20 err=-0.00 gain=388.6 shuffles=1
  [trace] elPasoTwoStory.front.door.0 approach wp37/205 (stage) d=20m dLast=21m at=(-1098.4,18.8) yaw=-111.20 err=-0.00 gain=388.6 shuffles=1
  [trace] elPasoTwoStory.front.door.0 approach wp37/205 (stage) d=18m dLast=18m at=(-1096.1,19.6) yaw=-111.20 err=-0.00 gain=388.6 shuffles=1
  [trace] elPasoTwoStory.front.door.0 approach wp37/205 (stage) d=10m dLast=10m at=(-1088.9,22.0) yaw=-111.20 err=-0.00 gain=388.6 shuffles=1
  [trace] elPasoTwoStory.front.door.0 approach wp37/205 (stage) d=8m dLast=9m at=(-1087.3,22.6) yaw=-111.20 err=-0.00 gain=388.6 shuffles=1
  [trace] elPasoTwoStory.front.door.0 approach wp38/205 (stage) d=30m dLast=30m at=(-1086.1,23.0) yaw=-111.02 err=0.00 gain=361.6 shuffles=0
  [trace] elPasoTwoStory.front.door.0 approach wp38/205 (stage) d=12m dLast=12m at=(-1070.6,33.9) yaw=-111.20 err=0.00 gain=389.4 shuffles=1
  [trace] elPasoTwoStory.front.door.0 approach wp38/205 (stage) d=11m dLast=12m at=(-1070.0,34.1) yaw=-111.20 err=0.00 gain=389.4 shuffles=1
  [trace] elPasoTwoStory.front.door.0 approach wp39/205 (stage) d=30m dLast=30m at=(-1066.2,35.4) yaw=-111.02 err=0.00 gain=362.3 shuffles=0
  [trace] elPasoTwoStory.front.door.0 approach wp39/205 (stage) d=27m dLast=27m at=(-1064.8,41.6) yaw=-111.20 err=-0.00 gain=389.0 shuffles=1
  [trace] elPasoTwoStory.front.door.0 approach wp39/205 (stage) d=26m dLast=27m at=(-1064.3,41.8) yaw=-111.20 err=-0.00 gain=389.0 shuffles=1
  [trace] elPasoTwoStory.front.door.0 approach wp39/205 (stage) d=10m dLast=11m at=(-1049.0,47.0) yaw=-111.20 err=-0.00 gain=389.0 shuffles=1
  [trace] elPasoTwoStory.front.door.0 approach wp40/205 (stage) d=11m dLast=11m at=(-1029.6,59.3) yaw=-111.20 err=-0.00 gain=388.7 shuffles=1
  [trace] elPasoTwoStory.front.door.0 approach wp41/205 (stage) d=30m dLast=30m at=(-1026.2,60.4) yaw=-111.02 err=0.01 gain=366.8 shuffles=0
  [trace] elPasoTwoStory.front.door.0 approach wp41/205 (stage) d=30m dLast=30m at=(-1026.2,60.4) yaw=-111.02 err=0.00 gain=366.8 shuffles=0
  [trace] elPasoTwoStory.front.door.0 approach wp41/205 (stage) d=27m dLast=29m at=(-1025.2,66.6) yaw=-111.20 err=-0.00 gain=391.8 shuffles=1
  [trace] elPasoTwoStory.front.door.0 approach wp41/205 (stage) d=22m dLast=23m at=(-1020.8,68.1) yaw=-111.20 err=-0.00 gain=391.8 shuffles=1
  [trace] elPasoTwoStory.front.door.0 approach wp41/205 (stage) d=20m dLast=20m at=(-1018.0,69.0) yaw=-111.20 err=-0.00 gain=391.8 shuffles=1
  [trace] elPasoTwoStory.front.door.0 approach wp41/205 (stage) d=18m dLast=18m at=(-1016.3,69.6) yaw=-111.20 err=-0.00 gain=391.8 shuffles=1
  [trace] elPasoTwoStory.front.door.0 approach wp41/205 (stage) d=16m dLast=16m at=(-1014.5,70.2) yaw=-111.20 err=-0.00 gain=391.8 shuffles=1
  [trace] elPasoTwoStory.front.door.0 approach wp41/205 (stage) d=12m dLast=12m at=(-1010.6,71.5) yaw=-111.20 err=-0.00 gain=391.8 shuffles=1
  [trace] elPasoTwoStory.front.door.0 approach wp42/205 (stage) d=30m dLast=Infinitym at=(-1006.2,72.9) yaw=-111.07 err=0.18 gain=336.0 shuffles=0
  [trace] elPasoTwoStory.front.door.0 approach wp42/205 (stage) d=24m dLast=25m at=(-1002.5,79.9) yaw=-111.20 err=0.00 gain=390.2 shuffles=1
  [trace] elPasoTwoStory.front.door.0 approach wp42/205 (stage) d=7m dLast=8m at=(-986.4,85.3) yaw=-111.20 err=0.00 gain=390.2 shuffles=1
  [trace] elPasoTwoStory.front.door.0 approach wp43/205 (stage) d=30m dLast=30m at=(-986.3,85.4) yaw=-111.02 err=0.01 gain=366.5 shuffles=0
  [trace] elPasoTwoStory.front.door.0 approach wp43/205 (stage) d=30m dLast=30m at=(-986.3,85.4) yaw=-111.02 err=0.00 gain=366.5 shuffles=0
  [trace] elPasoTwoStory.front.door.0 approach wp43/205 (stage) d=30m dLast=30m at=(-986.3,85.4) yaw=-111.02 err=0.00 gain=366.5 shuffles=0
  [trace] elPasoTwoStory.front.door.0 approach wp43/205 (stage) d=30m dLast=30m at=(-986.3,85.4) yaw=-111.02 err=0.00 gain=366.5 shuffles=0
  [trace] elPasoTwoStory.front.door.0 approach wp43/205 (stage) d=30m dLast=30m at=(-986.3,85.4) yaw=-111.02 err=0.00 gain=366.5 shuffles=0
  [trace] elPasoTwoStory.front.door.0 approach wp43/205 (stage) d=30m dLast=30m at=(-986.3,85.4) yaw=-111.02 err=0.00 gain=366.5 shuffles=0
  [trace] elPasoTwoStory.front.door.0 approach wp43/205 (stage) d=19m dLast=20m at=(-977.4,94.1) yaw=-111.20 err=0.00 gain=391.5 shuffles=1
  [trace] elPasoTwoStory.front.door.0 approach wp43/205 (stage) d=9m dLast=9m at=(-967.6,97.4) yaw=-111.20 err=0.00 gain=391.5 shuffles=1
  [trace] elPasoTwoStory.front.door.0 approach wp44/205 (stage) d=30m dLast=30m at=(-966.5,97.8) yaw=-111.02 err=0.00 gain=365.3 shuffles=0
  [trace] elPasoTwoStory.front.door.0 approach wp44/205 (stage) d=30m dLast=30m at=(-966.5,97.8) yaw=-111.02 err=0.00 gain=365.3 shuffles=0
  [trace] elPasoTwoStory.front.door.0 approach wp44/205 (stage) d=30m dLast=31m at=(-967.2,103.2) yaw=-111.20 err=-0.01 gain=389.8 shuffles=1
  [trace] elPasoTwoStory.front.door.0 approach wp44/205 (stage) d=22m dLast=22m at=(-960.2,105.6) yaw=-111.20 err=-0.00 gain=389.8 shuffles=1
  [trace] elPasoTwoStory.front.door.0 approach wp44/205 (stage) d=21m dLast=21m at=(-959.0,106.0) yaw=-111.20 err=-0.00 gain=389.8 shuffles=1
  [trace] elPasoTwoStory.front.door.0 approach wp44/205 (stage) d=17m dLast=18m at=(-955.8,107.1) yaw=-111.20 err=-0.00 gain=389.8 shuffles=1
  [trace] elPasoTwoStory.front.door.0 approach wp44/205 (stage) d=13m dLast=14m at=(-951.9,108.4) yaw=-111.20 err=-0.00 gain=389.8 shuffles=1
  [trace] elPasoTwoStory.front.door.0 approach wp44/205 (stage) d=10m dLast=11m at=(-949.3,109.3) yaw=-111.20 err=-0.00 gain=389.8 shuffles=1
  [trace] elPasoTwoStory.front.door.0 approach wp44/205 (stage) d=8m dLast=9m at=(-947.0,110.1) yaw=-111.20 err=-0.00 gain=389.8 shuffles=1
  [trace] elPasoTwoStory.front.door.0 approach wp45/205 (stage) d=25m dLast=25m at=(-942.7,117.3) yaw=-111.20 err=0.00 gain=389.9 shuffles=1
  [trace] elPasoTwoStory.front.door.0 approach wp45/205 (stage) d=24m dLast=25m at=(-942.2,117.4) yaw=-111.20 err=0.00 gain=389.9 shuffles=1
  [trace] elPasoTwoStory.front.door.0 approach wp45/205 (stage) d=17m dLast=18m at=(-935.7,119.7) yaw=-111.20 err=0.00 gain=389.9 shuffles=1
  [trace] elPasoTwoStory.front.door.0 approach wp46/205 (stage) d=30m dLast=Infinitym at=(-926.3,122.8) yaw=-111.07 err=0.18 gain=335.5 shuffles=0
  [trace] elPasoTwoStory.front.door.0 approach wp46/205 (stage) d=30m dLast=30m at=(-926.3,122.8) yaw=-111.02 err=0.00 gain=361.1 shuffles=0
  [trace] elPasoTwoStory.front.door.0 approach wp46/205 (stage) d=30m dLast=30m at=(-926.3,122.8) yaw=-111.02 err=0.00 gain=361.1 shuffles=0
  [trace] elPasoTwoStory.front.door.0 approach wp46/205 (stage) d=30m dLast=30m at=(-926.3,122.8) yaw=-111.02 err=0.00 gain=361.1 shuffles=0
  [trace] elPasoTwoStory.front.door.0 approach wp46/205 (stage) d=30m dLast=30m at=(-926.3,122.8) yaw=-111.02 err=0.00 gain=361.1 shuffles=0
  [trace] elPasoTwoStory.front.door.0 approach wp46/205 (stage) d=30m dLast=30m at=(-928.1,127.9) yaw=-111.18 err=-0.16 gain=389.3 shuffles=1
  [trace] elPasoTwoStory.front.door.0 approach wp46/205 (stage) d=20m dLast=21m at=(-918.7,131.1) yaw=-111.20 err=0.00 gain=389.3 shuffles=1
  [trace] elPasoTwoStory.front.door.0 approach wp46/205 (stage) d=11m dLast=12m at=(-909.9,134.1) yaw=-111.20 err=0.00 gain=389.3 shuffles=1
  [trace] elPasoTwoStory.front.door.0 approach wp47/205 (stage) d=30m dLast=30m at=(-906.1,135.4) yaw=-111.02 err=0.00 gain=366.7 shuffles=0
  [trace] elPasoTwoStory.front.door.0 approach wp47/205 (stage) d=28m dLast=29m at=(-906.2,141.1) yaw=-111.20 err=0.00 gain=391.5 shuffles=1
  [trace] elPasoTwoStory.front.door.0 approach wp47/205 (stage) d=27m dLast=27m at=(-904.6,141.7) yaw=-111.20 err=0.00 gain=391.5 shuffles=1
  [trace] elPasoTwoStory.front.door.0 approach wp47/205 (stage) d=12m dLast=13m at=(-891.1,146.3) yaw=-111.20 err=0.00 gain=391.5 shuffles=1
  [trace] elPasoTwoStory.front.door.0 approach wp48/205 (stage) d=30m dLast=30m at=(-885.9,148.0) yaw=-111.02 err=0.00 gain=361.6 shuffles=0
  [trace] elPasoTwoStory.front.door.0 approach wp48/205 (stage) d=27m dLast=28m at=(-885.1,154.0) yaw=-111.20 err=0.00 gain=389.5 shuffles=1
  [trace] elPasoTwoStory.front.door.0 approach wp48/205 (stage) d=14m dLast=14m at=(-872.4,158.3) yaw=-111.20 err=0.00 gain=389.5 shuffles=1
  [trace] elPasoTwoStory.front.door.0 approach wp49/205 (stage) d=30m dLast=30m at=(-866.5,160.3) yaw=-111.02 err=0.00 gain=364.5 shuffles=0
  [trace] elPasoTwoStory.front.door.0 approach wp49/205 (stage) d=30m dLast=30m at=(-866.5,160.3) yaw=-111.02 err=0.00 gain=364.5 shuffles=0
  [trace] elPasoTwoStory.front.door.0 approach wp49/205 (stage) d=8m dLast=8m at=(-846.6,172.8) yaw=-111.20 err=0.00 gain=390.4 shuffles=1
  [trace] elPasoTwoStory.front.door.0 approach wp50/205 (stage) d=30m dLast=30m at=(-846.6,172.8) yaw=-111.02 err=0.00 gain=361.7 shuffles=0
  [trace] elPasoTwoStory.front.door.0 approach wp50/205 (stage) d=30m dLast=30m at=(-846.6,172.8) yaw=-111.02 err=0.00 gain=361.7 shuffles=0
  [trace] elPasoTwoStory.front.door.0 approach wp50/205 (stage) d=21m dLast=22m at=(-839.3,181.0) yaw=-111.20 err=0.00 gain=387.8 shuffles=1
  [trace] elPasoTwoStory.front.door.0 approach wp50/205 (stage) d=18m dLast=19m at=(-836.6,181.9) yaw=-111.20 err=0.00 gain=387.8 shuffles=1
  [trace] elPasoTwoStory.front.door.0 approach wp50/205 (stage) d=16m dLast=17m at=(-835.0,182.5) yaw=-111.20 err=0.00 gain=387.8 shuffles=1
  [trace] elPasoTwoStory.front.door.0 approach wp50/205 (stage) d=12m dLast=13m at=(-831.0,183.8) yaw=-111.20 err=0.00 gain=387.8 shuffles=1
  [trace] elPasoTwoStory.front.door.0 approach wp51/205 (stage) d=30m dLast=30m at=(-826.6,185.3) yaw=-111.02 err=0.00 gain=368.2 shuffles=0
  [trace] elPasoTwoStory.front.door.0 approach wp51/205 (stage) d=30m dLast=30m at=(-826.6,185.3) yaw=-111.02 err=0.00 gain=368.2 shuffles=0
  [trace] elPasoTwoStory.front.door.0 approach wp51/205 (stage) d=15m dLast=16m at=(-813.7,195.3) yaw=-111.20 err=0.00 gain=392.7 shuffles=1
  [trace] elPasoTwoStory.front.door.0 approach wp51/205 (stage) d=14m dLast=15m at=(-813.1,195.5) yaw=-111.20 err=0.00 gain=392.7 shuffles=1
  [trace] elPasoTwoStory.front.door.0 approach wp52/205 (stage) d=19m dLast=20m at=(-796.5,205.4) yaw=-111.33 err=0.00 gain=377.0 shuffles=1
  [trace] elPasoTwoStory.front.door.0 approach wp52/205 (stage) d=9m dLast=9m at=(-786.2,207.5) yaw=-111.33 err=0.00 gain=377.0 shuffles=1
  [trace] elPasoTwoStory.front.door.0 approach wp53/205 (stage) d=30m dLast=30m at=(-784.6,207.8) yaw=-111.18 err=0.01 gain=337.5 shuffles=0
  [trace] elPasoTwoStory.front.door.0 approach wp53/205 (stage) d=30m dLast=30m at=(-784.6,207.8) yaw=-111.18 err=0.00 gain=337.5 shuffles=0
  [trace] elPasoTwoStory.front.door.0 approach wp53/205 (stage) d=28m dLast=29m at=(-783.7,213.6) yaw=-111.36 err=-0.00 gain=377.1 shuffles=1
  [trace] elPasoTwoStory.front.door.0 approach wp53/205 (stage) d=24m dLast=25m at=(-779.8,214.2) yaw=-111.36 err=-0.00 gain=377.1 shuffles=1
  [trace] elPasoTwoStory.front.door.0 approach wp54/205 (stage) d=30m dLast=30m at=(-763.1,217.0) yaw=-111.18 err=0.00 gain=366.3 shuffles=0
  [trace] elPasoTwoStory.front.door.0 approach wp54/205 (stage) d=30m dLast=30m at=(-763.1,217.0) yaw=-111.18 err=0.00 gain=366.3 shuffles=0
  [trace] elPasoTwoStory.front.door.0 approach wp54/205 (stage) d=30m dLast=30m at=(-763.1,217.0) yaw=-111.18 err=0.00 gain=366.3 shuffles=0
  [trace] elPasoTwoStory.front.door.0 approach wp54/205 (stage) d=18m dLast=18m at=(-751.3,224.5) yaw=-111.37 err=0.00 gain=390.7 shuffles=1
  [trace] elPasoTwoStory.front.door.0 approach wp54/205 (stage) d=16m dLast=16m at=(-749.1,224.9) yaw=-111.36 err=0.00 gain=390.7 shuffles=1
  [trace] elPasoTwoStory.front.door.0 approach wp54/205 (stage) d=12m dLast=12m at=(-745.7,225.4) yaw=-111.36 err=0.00 gain=390.7 shuffles=1
  [trace] elPasoTwoStory.front.door.0 approach wp54/205 (stage) d=9m dLast=9m at=(-742.5,226.0) yaw=-111.36 err=0.00 gain=390.7 shuffles=1
  [trace] elPasoTwoStory.front.door.0 approach wp55/205 (stage) d=30m dLast=30m at=(-741.4,226.2) yaw=-111.18 err=0.00 gain=360.3 shuffles=0
  [trace] elPasoTwoStory.front.door.0 approach wp55/205 (stage) d=30m dLast=30m at=(-741.4,226.2) yaw=-111.18 err=0.00 gain=360.3 shuffles=0
  [trace] elPasoTwoStory.front.door.0 approach wp55/205 (stage) d=13m dLast=13m at=(-724.5,234.4) yaw=-111.36 err=0.00 gain=388.6 shuffles=1
  [trace] elPasoTwoStory.front.door.0 approach wp55/205 (stage) d=11m dLast=11m at=(-722.9,234.7) yaw=-111.36 err=0.00 gain=388.6 shuffles=1
  [trace] elPasoTwoStory.front.door.0 approach wp56/205 (stage) d=30m dLast=Infinitym at=(-719.0,235.3) yaw=-111.23 err=0.18 gain=335.7 shuffles=0
  [trace] elPasoTwoStory.front.door.0 approach wp56/205 (stage) d=30m dLast=30m at=(-719.0,235.3) yaw=-111.18 err=0.00 gain=364.3 shuffles=0
  [trace] elPasoTwoStory.front.door.0 approach wp56/205 (stage) d=13m dLast=14m at=(-703.1,243.5) yaw=-111.36 err=-0.00 gain=391.0 shuffles=1
  [trace] elPasoTwoStory.front.door.0 approach wp57/205 (stage) d=30m dLast=30m at=(-697.8,244.3) yaw=-111.19 err=0.00 gain=366.8 shuffles=0
  [trace] elPasoTwoStory.front.door.0 approach wp57/205 (stage) d=30m dLast=30m at=(-697.8,244.3) yaw=-111.19 err=0.00 gain=366.8 shuffles=0
  [trace] elPasoTwoStory.front.door.0 approach wp58/205 (stage) d=30m dLast=30m at=(-675.5,253.5) yaw=-111.18 err=0.01 gain=365.3 shuffles=0
  [trace] elPasoTwoStory.front.door.0 approach wp58/205 (stage) d=30m dLast=30m at=(-675.5,253.5) yaw=-111.18 err=0.00 gain=365.3 shuffles=0
  [trace] elPasoTwoStory.front.door.0 approach wp58/205 (stage) d=28m dLast=28m at=(-674.3,259.2) yaw=-111.36 err=0.00 gain=390.5 shuffles=1
  [trace] elPasoTwoStory.front.door.0 approach wp58/205 (stage) d=20m dLast=20m at=(-666.1,260.5) yaw=-111.36 err=0.00 gain=390.5 shuffles=1
  [trace] elPasoTwoStory.front.door.0 approach wp58/205 (stage) d=16m dLast=16m at=(-662.3,261.1) yaw=-111.36 err=0.00 gain=390.5 shuffles=1
  [trace] elPasoTwoStory.front.door.0 approach wp58/205 (stage) d=9m dLast=10m at=(-656.0,262.2) yaw=-111.36 err=0.00 gain=390.5 shuffles=1
  [trace] elPasoTwoStory.front.door.0 approach wp59/205 (stage) d=30m dLast=30m at=(-654.1,262.5) yaw=-111.18 err=0.00 gain=363.6 shuffles=0
  [trace] elPasoTwoStory.front.door.0 approach wp59/205 (stage) d=30m dLast=30m at=(-654.1,262.5) yaw=-111.18 err=0.00 gain=363.6 shuffles=0
  [trace] elPasoTwoStory.front.door.0 approach wp59/205 (stage) d=30m dLast=30m at=(-654.1,262.5) yaw=-111.18 err=0.00 gain=363.6 shuffles=0
  [trace] elPasoTwoStory.front.door.0 approach wp59/205 (stage) d=30m dLast=30m at=(-654.1,262.5) yaw=-111.18 err=0.00 gain=363.6 shuffles=0
  [trace] elPasoTwoStory.front.door.0 approach wp59/205 (stage) d=26m dLast=27m at=(-650.5,268.6) yaw=-111.36 err=-0.00 gain=389.8 shuffles=1
  [trace] elPasoTwoStory.front.door.0 approach wp59/205 (stage) d=20m dLast=21m at=(-645.0,269.5) yaw=-111.36 err=-0.00 gain=389.8 shuffles=1
  [trace] elPasoTwoStory.front.door.0 approach wp59/205 (stage) d=16m dLast=16m at=(-640.6,270.3) yaw=-111.36 err=-0.00 gain=389.8 shuffles=1
  [trace] elPasoTwoStory.front.door.0 approach wp60/205 (stage) d=30m dLast=30m at=(-631.9,271.7) yaw=-111.18 err=0.00 gain=367.9 shuffles=0
  [trace] elPasoTwoStory.front.door.0 approach wp60/205 (stage) d=30m dLast=30m at=(-631.9,271.7) yaw=-111.18 err=0.00 gain=367.9 shuffles=0
  [trace] elPasoTwoStory.front.door.0 approach wp60/205 (stage) d=30m dLast=30m at=(-631.9,271.7) yaw=-111.18 err=0.00 gain=367.9 shuffles=0
  [trace] elPasoTwoStory.front.door.0 approach wp60/205 (stage) d=30m dLast=30m at=(-632.8,277.0) yaw=-111.35 err=-0.15 gain=392.3 shuffles=1
  [trace] elPasoTwoStory.front.door.0 approach wp60/205 (stage) d=26m dLast=26m at=(-628.5,277.7) yaw=-111.36 err=0.00 gain=392.3 shuffles=1
  [trace] elPasoTwoStory.front.door.0 approach wp61/205 (stage) d=30m dLast=30m at=(-610.1,280.7) yaw=-111.18 err=0.01 gain=363.0 shuffles=0
  [trace] elPasoTwoStory.front.door.0 approach wp61/205 (stage) d=9m dLast=10m at=(-590.6,289.4) yaw=-111.36 err=0.00 gain=388.7 shuffles=1
  [trace] elPasoTwoStory.front.door.0 approach wp62/205 (gate ranchGate) d=34m dLast=34m at=(-588.3,289.8) yaw=-111.18 err=0.00 gain=361.4 shuffles=0
  [trace] elPasoTwoStory.front.door.0 approach wp62/205 (gate ranchGate) d=32m dLast=33m at=(-587.0,295.7) yaw=-111.34 err=0.00 gain=389.1 shuffles=1
  [trace] elPasoTwoStory.front.door.0 approach wp62/205 (gate ranchGate) d=17m dLast=18m at=(-572.2,298.5) yaw=-111.34 err=0.00 gain=389.1 shuffles=1
  [trace] elPasoTwoStory.front.door.0 approach wp63/205 (stage) d=25m dLast=25m at=(-562.5,300.3) yaw=-111.54 err=-0.00 gain=358.3 shuffles=0
  [trace] elPasoTwoStory.front.door.0 approach wp63/205 (stage) d=26m dLast=26m at=(-561.4,305.8) yaw=-111.74 err=-0.20 gain=387.4 shuffles=1
  [trace] elPasoTwoStory.front.door.0 approach wp63/205 (stage) d=14m dLast=14m at=(-549.8,303.1) yaw=-111.76 err=-0.00 gain=387.4 shuffles=1
  [trace] elPasoTwoStory.front.door.0 approach wp63/205 (stage) d=12m dLast=12m at=(-548.2,302.7) yaw=-111.76 err=-0.00 gain=387.4 shuffles=1
  [trace] elPasoTwoStory.front.door.0 approach wp63/205 (stage) d=11m dLast=11m at=(-547.1,302.4) yaw=-111.76 err=-0.00 gain=387.4 shuffles=1
  [trace] elPasoTwoStory.front.door.0 approach wp64/205 (stage) d=29m dLast=29m at=(-543.4,301.5) yaw=-111.58 err=0.00 gain=365.7 shuffles=0
  [trace] elPasoTwoStory.front.door.0 approach wp64/205 (stage) d=27m dLast=28m at=(-540.0,306.3) yaw=-111.77 err=-0.00 gain=391.6 shuffles=1
  [trace] elPasoTwoStory.front.door.0 approach wp64/205 (stage) d=25m dLast=26m at=(-538.4,305.9) yaw=-111.77 err=-0.00 gain=391.6 shuffles=1
  [trace] elPasoTwoStory.front.door.0 approach wp64/205 (stage) d=22m dLast=22m at=(-534.7,305.0) yaw=-111.77 err=-0.00 gain=391.6 shuffles=1
  [trace] elPasoTwoStory.front.door.0 approach wp64/205 (stage) d=17m dLast=17m at=(-529.8,303.8) yaw=-111.77 err=-0.00 gain=391.6 shuffles=1
  [trace] elPasoTwoStory.front.door.0 approach wp64/205 (stage) d=12m dLast=13m at=(-525.8,302.8) yaw=-111.77 err=-0.00 gain=391.6 shuffles=1
  [trace] elPasoTwoStory.front.door.0 approach wp65/205 (stage) d=30m dLast=30m at=(-521.0,301.7) yaw=-111.58 err=0.00 gain=366.8 shuffles=0
  [trace] elPasoTwoStory.front.door.0 approach wp65/205 (stage) d=30m dLast=30m at=(-521.0,301.7) yaw=-111.58 err=0.00 gain=366.8 shuffles=0
  [trace] elPasoTwoStory.front.door.0 approach wp65/205 (stage) d=26m dLast=27m at=(-516.1,306.0) yaw=-111.76 err=-0.00 gain=390.6 shuffles=1
  [trace] elPasoTwoStory.front.door.0 approach wp65/205 (stage) d=14m dLast=15m at=(-504.7,303.2) yaw=-111.76 err=-0.00 gain=390.6 shuffles=1
  [trace] elPasoTwoStory.front.door.0 approach wp65/205 (stage) d=14m dLast=14m at=(-504.2,303.1) yaw=-111.76 err=-0.00 gain=390.6 shuffles=1
  [trace] elPasoTwoStory.front.door.0 approach wp65/205 (stage) d=13m dLast=14m at=(-503.6,302.9) yaw=-111.76 err=-0.00 gain=390.6 shuffles=1
  [trace] elPasoTwoStory.front.door.0 approach wp65/205 (stage) d=8m dLast=8m at=(-498.3,301.7) yaw=-111.76 err=-0.00 gain=390.6 shuffles=1
  [trace] elPasoTwoStory.front.door.0 approach wp66/205 (stage) d=29m dLast=29m at=(-497.8,301.5) yaw=-111.58 err=0.00 gain=363.3 shuffles=0
  [trace] elPasoTwoStory.front.door.0 approach wp66/205 (stage) d=29m dLast=29m at=(-497.8,301.5) yaw=-111.58 err=0.00 gain=363.3 shuffles=0
  [trace] elPasoTwoStory.front.door.0 approach wp66/205 (stage) d=29m dLast=29m at=(-497.8,301.5) yaw=-111.58 err=0.00 gain=363.3 shuffles=0
  [trace] elPasoTwoStory.front.door.0 approach wp66/205 (stage) d=29m dLast=29m at=(-497.8,301.5) yaw=-111.58 err=0.00 gain=363.3 shuffles=0
  [trace] elPasoTwoStory.front.door.0 approach wp66/205 (stage) d=30m dLast=30m at=(-496.5,306.7) yaw=-111.75 err=-0.16 gain=389.4 shuffles=1
  [trace] elPasoTwoStory.front.door.0 approach wp66/205 (stage) d=17m dLast=17m at=(-484.3,303.8) yaw=-111.76 err=0.00 gain=389.4 shuffles=1
  [trace] elPasoTwoStory.front.door.0 approach wp66/205 (stage) d=11m dLast=12m at=(-478.9,302.5) yaw=-111.76 err=0.00 gain=389.4 shuffles=1
  [trace] elPasoTwoStory.front.door.0 approach wp67/205 (stage) d=26m dLast=27m at=(-470.8,306.0) yaw=-111.76 err=0.00 gain=391.4 shuffles=1
  [trace] elPasoTwoStory.front.door.0 approach wp67/205 (stage) d=19m dLast=19m at=(-463.4,304.2) yaw=-111.76 err=0.00 gain=391.4 shuffles=1
  [trace] elPasoTwoStory.front.door.0 approach wp67/205 (stage) d=13m dLast=14m at=(-458.1,302.9) yaw=-111.76 err=0.00 gain=391.4 shuffles=1
  [trace] elPasoTwoStory.front.door.0 approach wp68/205 (stage) d=29m dLast=29m at=(-452.3,301.6) yaw=-111.58 err=0.00 gain=361.7 shuffles=0
  [trace] elPasoTwoStory.front.door.0 approach wp68/205 (stage) d=30m dLast=29m at=(-451.8,307.1) yaw=-111.60 err=-1.22 gain=378.2 shuffles=1
  [trace] elPasoTwoStory.front.door.0 approach wp68/205 (stage) d=15m dLast=16m at=(-436.8,303.4) yaw=-111.77 err=0.00 gain=387.9 shuffles=1
  [trace] elPasoTwoStory.front.door.0 approach wp69/205 (stage) d=30m dLast=30m at=(-429.6,301.7) yaw=-111.58 err=0.00 gain=361.4 shuffles=0
  [trace] elPasoTwoStory.front.door.0 approach wp69/205 (stage) d=19m dLast=19m at=(-417.6,304.2) yaw=-111.76 err=0.00 gain=387.8 shuffles=1
  [trace] elPasoTwoStory.front.door.0 approach wp70/205 (road) d=15m dLast=15m at=(-403.8,310.2) yaw=-110.22 err=0.00 gain=378.0 shuffles=0
  [trace] elPasoTwoStory.front.door.0 approach wp71/205 (road) d=31m dLast=Infinitym at=(-401.8,317.3) yaw=-110.07 err=0.21 gain=335.5 shuffles=0
  [trace] elPasoTwoStory.front.door.0 approach wp71/205 (road) d=31m dLast=31m at=(-401.8,317.3) yaw=-110.02 err=0.00 gain=364.2 shuffles=0
  [trace] elPasoTwoStory.front.door.0 approach wp71/205 (road) d=29m dLast=30m at=(-406.7,320.2) yaw=-110.19 err=-0.00 gain=389.0 shuffles=1
  [trace] elPasoTwoStory.front.door.0 approach wp71/205 (road) d=29m dLast=29m at=(-406.5,320.7) yaw=-110.19 err=-0.00 gain=389.0 shuffles=1
  [trace] elPasoTwoStory.front.door.0 approach wp71/205 (road) d=27m dLast=27m at=(-406.2,322.4) yaw=-110.19 err=-0.00 gain=389.0 shuffles=1
  [trace] elPasoTwoStory.front.door.0 approach wp71/205 (road) d=26m dLast=27m at=(-406.0,322.9) yaw=-110.19 err=-0.00 gain=389.0 shuffles=1
  [trace] elPasoTwoStory.front.door.0 approach wp71/205 (road) d=20m dLast=20m at=(-404.4,329.6) yaw=-110.19 err=-0.00 gain=389.0 shuffles=1
  [trace] elPasoTwoStory.front.door.0 approach wp72/205 (road) d=30m dLast=30m at=(-401.6,341.6) yaw=-110.01 err=0.01 gain=364.6 shuffles=0
  [trace] elPasoTwoStory.front.door.0 approach wp72/205 (road) d=30m dLast=30m at=(-401.6,341.6) yaw=-110.01 err=0.00 gain=364.6 shuffles=0
  [trace] elPasoTwoStory.front.door.0 approach wp72/205 (road) d=30m dLast=30m at=(-401.6,341.6) yaw=-110.01 err=0.00 gain=364.6 shuffles=0
  [trace] elPasoTwoStory.front.door.0 approach wp72/205 (road) d=29m dLast=29m at=(-406.3,344.7) yaw=-110.18 err=-0.00 gain=389.5 shuffles=1
  [trace] elPasoTwoStory.front.door.0 approach wp72/205 (road) d=26m dLast=27m at=(-405.8,346.9) yaw=-110.18 err=-0.00 gain=389.5 shuffles=1
  [trace] elPasoTwoStory.front.door.0 approach wp72/205 (road) d=25m dLast=25m at=(-405.5,348.4) yaw=-110.18 err=-0.00 gain=389.5 shuffles=1
  [trace] elPasoTwoStory.front.door.0 approach wp72/205 (road) d=22m dLast=23m at=(-404.8,351.5) yaw=-110.18 err=-0.00 gain=389.5 shuffles=1
  [trace] elPasoTwoStory.front.door.0 approach wp72/205 (road) d=20m dLast=21m at=(-404.5,352.8) yaw=-110.18 err=-0.00 gain=389.5 shuffles=1
  [trace] elPasoTwoStory.front.door.0 approach wp72/205 (road) d=15m dLast=15m at=(-403.2,358.4) yaw=-110.18 err=-0.00 gain=389.5 shuffles=1
  [trace] elPasoTwoStory.front.door.0 approach wp72/205 (road) d=10m dLast=11m at=(-402.2,362.7) yaw=-110.18 err=-0.00 gain=389.5 shuffles=1
  [trace] elPasoTwoStory.front.door.0 approach wp73/205 (road) d=31m dLast=Infinitym at=(-401.5,365.4) yaw=-110.06 err=0.18 gain=335.8 shuffles=0
  [trace] elPasoTwoStory.front.door.0 approach wp73/205 (road) d=31m dLast=31m at=(-401.5,365.4) yaw=-110.01 err=0.00 gain=360.1 shuffles=0
  [trace] elPasoTwoStory.front.door.0 approach wp73/205 (road) d=31m dLast=31m at=(-401.5,365.4) yaw=-110.01 err=0.00 gain=360.1 shuffles=0
  [trace] elPasoTwoStory.front.door.0 approach wp73/205 (road) d=27m dLast=28m at=(-406.1,369.8) yaw=-110.19 err=0.00 gain=388.2 shuffles=1
  [trace] elPasoTwoStory.front.door.0 approach wp73/205 (road) d=19m dLast=20m at=(-404.2,377.9) yaw=-110.19 err=0.00 gain=388.2 shuffles=1
  [trace] elPasoTwoStory.front.door.0 approach wp73/205 (road) d=19m dLast=19m at=(-404.1,378.4) yaw=-110.19 err=0.00 gain=388.2 shuffles=1
  [trace] elPasoTwoStory.front.door.0 approach wp74/205 (road) d=24m dLast=25m at=(-405.3,397.1) yaw=-110.18 err=-0.00 gain=389.4 shuffles=1
  [trace] elPasoTwoStory.front.door.0 approach wp74/205 (road) d=17m dLast=18m at=(-403.8,403.6) yaw=-110.18 err=-0.00 gain=389.4 shuffles=1
  [trace] elPasoTwoStory.front.door.0 approach wp75/205 (road) d=31m dLast=31m at=(-401.6,413.2) yaw=-110.01 err=0.00 gain=363.0 shuffles=0
  [trace] elPasoTwoStory.front.door.0 approach wp75/205 (road) d=30m dLast=31m at=(-406.6,415.4) yaw=-110.18 err=-0.01 gain=389.2 shuffles=1
  [trace] elPasoTwoStory.front.door.0 approach wp75/205 (road) d=28m dLast=29m at=(-406.3,416.9) yaw=-110.18 err=0.00 gain=389.2 shuffles=1
  [trace] elPasoTwoStory.front.door.0 approach wp75/205 (road) d=8m dLast=8m at=(-401.6,437.0) yaw=-110.18 err=0.00 gain=389.2 shuffles=1
  [trace] elPasoTwoStory.front.door.0 approach wp76/205 (road) d=30m dLast=30m at=(-401.4,437.9) yaw=-110.00 err=0.00 gain=366.1 shuffles=0
  [trace] elPasoTwoStory.front.door.0 approach wp76/205 (road) d=30m dLast=30m at=(-401.4,437.9) yaw=-110.00 err=0.00 gain=366.1 shuffles=0
  [trace] elPasoTwoStory.front.door.0 approach wp77/205 (road) d=31m dLast=31m at=(-401.5,461.5) yaw=-110.01 err=0.01 gain=364.7 shuffles=0
  [trace] elPasoTwoStory.front.door.0 approach wp77/205 (road) d=31m dLast=31m at=(-401.5,461.5) yaw=-110.01 err=0.00 gain=364.7 shuffles=0
  [trace] elPasoTwoStory.front.door.0 approach wp77/205 (road) d=22m dLast=23m at=(-404.9,470.9) yaw=-110.18 err=-0.00 gain=389.7 shuffles=1
  [trace] elPasoTwoStory.front.door.0 approach wp77/205 (road) d=18m dLast=18m at=(-403.9,475.3) yaw=-110.18 err=-0.00 gain=389.7 shuffles=1
  [trace] elPasoTwoStory.front.door.0 approach wp78/205 (road) d=31m dLast=31m at=(-401.6,485.4) yaw=-110.01 err=0.00 gain=366.7 shuffles=0
  [trace] elPasoTwoStory.front.door.0 approach wp78/205 (road) d=31m dLast=31m at=(-401.6,485.4) yaw=-110.01 err=0.00 gain=366.7 shuffles=0
  [trace] elPasoTwoStory.front.door.0 approach wp78/205 (road) d=29m dLast=30m at=(-406.5,488.1) yaw=-110.19 err=0.00 gain=392.0 shuffles=1
  [trace] elPasoTwoStory.front.door.0 approach wp78/205 (road) d=16m dLast=16m at=(-403.4,501.4) yaw=-110.19 err=0.00 gain=392.0 shuffles=1
  [trace] elPasoTwoStory.front.door.0 approach wp78/205 (road) d=14m dLast=14m at=(-403.0,503.1) yaw=-110.19 err=0.00 gain=392.0 shuffles=1
  [trace] elPasoTwoStory.front.door.0 approach wp78/205 (road) d=9m dLast=10m at=(-402.0,507.4) yaw=-110.19 err=0.00 gain=392.0 shuffles=1
  [trace] elPasoTwoStory.front.door.0 approach wp79/205 (road) d=30m dLast=30m at=(-401.5,509.7) yaw=-110.01 err=0.00 gain=366.8 shuffles=0
  [trace] elPasoTwoStory.front.door.0 approach wp79/205 (road) d=28m dLast=28m at=(-406.2,513.4) yaw=-110.18 err=-0.00 gain=390.8 shuffles=1
  [trace] elPasoTwoStory.front.door.0 approach wp79/205 (road) d=22m dLast=23m at=(-404.9,519.0) yaw=-110.18 err=-0.00 gain=390.8 shuffles=1
  [trace] elPasoTwoStory.front.door.0 approach wp79/205 (road) d=17m dLast=17m at=(-403.6,524.3) yaw=-110.18 err=-0.00 gain=390.8 shuffles=1
  [trace] elPasoTwoStory.front.door.0 approach wp79/205 (road) d=15m dLast=16m at=(-403.3,525.9) yaw=-110.18 err=-0.00 gain=390.8 shuffles=1
  [trace] elPasoTwoStory.front.door.0 approach wp80/205 (road) d=30m dLast=Infinitym at=(-401.5,533.7) yaw=-110.06 err=0.18 gain=337.1 shuffles=0
  [trace] elPasoTwoStory.front.door.0 approach wp80/205 (road) d=25m dLast=26m at=(-405.5,540.0) yaw=-110.18 err=0.00 gain=391.5 shuffles=1
  [trace] elPasoTwoStory.front.door.0 approach wp80/205 (road) d=17m dLast=18m at=(-403.8,547.7) yaw=-110.18 err=0.00 gain=391.5 shuffles=1
  [trace] elPasoTwoStory.front.door.0 approach wp81/205 (road) d=30m dLast=30m at=(-401.5,557.6) yaw=-110.01 err=0.00 gain=367.7 shuffles=0
  [trace] elPasoTwoStory.front.door.0 approach wp81/205 (road) d=11m dLast=12m at=(-402.3,577.7) yaw=-110.18 err=0.00 gain=392.5 shuffles=1
  [trace] elPasoTwoStory.front.door.0 approach wp81/205 (road) d=8m dLast=8m at=(-401.6,580.9) yaw=-110.18 err=0.00 gain=392.5 shuffles=1
  [trace] elPasoTwoStory.front.door.0 approach wp82/205 (road) d=31m dLast=31m at=(-401.5,581.4) yaw=-110.02 err=0.05 gain=335.7 shuffles=0
  [trace] elPasoTwoStory.front.door.0 approach wp82/205 (road) d=31m dLast=31m at=(-401.5,581.4) yaw=-110.01 err=0.00 gain=335.7 shuffles=0
  [trace] elPasoTwoStory.front.door.0 approach wp82/205 (road) d=31m dLast=31m at=(-401.5,581.4) yaw=-110.01 err=0.00 gain=335.7 shuffles=0
  [trace] elPasoTwoStory.front.door.0 approach wp82/205 (road) d=31m dLast=31m at=(-401.5,581.4) yaw=-110.01 err=0.00 gain=335.7 shuffles=0
  [trace] elPasoTwoStory.front.door.0 approach wp82/205 (road) d=31m dLast=31m at=(-406.7,582.5) yaw=-110.15 err=-0.23 gain=376.4 shuffles=1
  [trace] elPasoTwoStory.front.door.0 approach wp82/205 (road) d=23m dLast=23m at=(-405.0,590.2) yaw=-110.18 err=-0.00 gain=376.4 shuffles=1
  [trace] elPasoTwoStory.front.door.0 approach wp82/205 (road) d=13m dLast=14m at=(-402.8,600.0) yaw=-110.18 err=0.00 gain=376.4 shuffles=1
  [trace] elPasoTwoStory.front.door.0 approach wp83/205 (road) d=30m dLast=Infinitym at=(-401.4,605.7) yaw=-110.05 err=0.18 gain=336.1 shuffles=0
  [trace] elPasoTwoStory.front.door.0 approach wp83/205 (road) d=30m dLast=30m at=(-401.4,605.7) yaw=-110.00 err=0.00 gain=361.6 shuffles=0
  [trace] elPasoTwoStory.front.door.0 approach wp83/205 (road) d=30m dLast=30m at=(-401.4,605.7) yaw=-110.00 err=0.00 gain=361.6 shuffles=0
  [trace] elPasoTwoStory.front.door.0 approach wp83/205 (road) d=26m dLast=26m at=(-405.7,611.4) yaw=-110.18 err=-0.00 gain=388.7 shuffles=1
  [trace] elPasoTwoStory.front.door.0 approach wp83/205 (road) d=21m dLast=22m at=(-404.7,615.6) yaw=-110.18 err=-0.00 gain=388.7 shuffles=1
  [trace] elPasoTwoStory.front.door.0 approach wp83/205 (road) d=18m dLast=19m at=(-404.0,618.8) yaw=-110.18 err=-0.00 gain=388.7 shuffles=1
  [trace] elPasoTwoStory.front.door.0 approach wp83/205 (road) d=11m dLast=12m at=(-402.4,625.7) yaw=-110.18 err=-0.00 gain=388.7 shuffles=1
  [trace] elPasoTwoStory.front.door.0 approach wp83/205 (road) d=10m dLast=10m at=(-402.0,627.2) yaw=-110.18 err=-0.00 gain=388.7 shuffles=1
  [trace] elPasoTwoStory.front.door.0 approach wp84/205 (road) d=31m dLast=Infinitym at=(-401.5,629.4) yaw=-110.06 err=0.18 gain=336.6 shuffles=0
  [trace] elPasoTwoStory.front.door.0 approach wp84/205 (road) d=16m dLast=16m at=(-401.4,644.7) yaw=-110.04 err=0.00 gain=387.3 shuffles=1
  [trace] elPasoTwoStory.front.door.0 approach wp85/205 (road) d=31m dLast=31m at=(-400.6,653.4) yaw=-109.98 err=0.00 gain=335.2 shuffles=0
  [trace] elPasoTwoStory.front.door.0 approach wp85/205 (road) d=31m dLast=31m at=(-400.6,653.4) yaw=-109.98 err=0.00 gain=335.2 shuffles=0
  [trace] elPasoTwoStory.front.door.0 approach wp85/205 (road) d=31m dLast=31m at=(-400.6,653.4) yaw=-109.98 err=0.00 gain=335.2 shuffles=0
  [trace] elPasoTwoStory.front.door.0 approach wp85/205 (road) d=23m dLast=24m at=(-402.0,661.6) yaw=-110.05 err=-0.00 gain=375.4 shuffles=1
  [trace] elPasoTwoStory.front.door.0 approach wp85/205 (road) d=13m dLast=14m at=(-401.1,671.6) yaw=-110.04 err=0.00 gain=375.4 shuffles=1
  [trace] elPasoTwoStory.front.door.0 approach wp86/205 (road) d=31m dLast=31m at=(-400.6,677.0) yaw=-109.98 err=0.00 gain=339.7 shuffles=0
  [trace] elPasoTwoStory.front.door.0 approach wp86/205 (road) d=13m dLast=14m at=(-402.5,695.4) yaw=-110.15 err=-0.00 gain=378.4 shuffles=1
  [trace] elPasoTwoStory.front.door.0 approach wp86/205 (road) d=11m dLast=11m at=(-402.0,698.1) yaw=-110.15 err=-0.00 gain=378.4 shuffles=1
  [trace] elPasoTwoStory.front.door.0 approach wp87/205 (road) d=18m dLast=18m at=(-403.7,715.3) yaw=-110.17 err=0.00 gain=376.2 shuffles=1
  [trace] elPasoTwoStory.front.door.0 approach wp87/205 (road) d=14m dLast=15m at=(-403.0,718.5) yaw=-110.17 err=0.00 gain=376.2 shuffles=1
  [trace] elPasoTwoStory.front.door.0 approach wp88/205 (road) d=31m dLast=Infinitym at=(-401.5,725.4) yaw=-110.05 err=0.17 gain=335.9 shuffles=0
  [trace] elPasoTwoStory.front.door.0 approach wp88/205 (road) d=31m dLast=31m at=(-401.5,725.4) yaw=-110.00 err=0.00 gain=335.9 shuffles=0
  [trace] elPasoTwoStory.front.door.0 approach wp88/205 (road) d=31m dLast=31m at=(-401.5,725.4) yaw=-110.00 err=0.00 gain=335.9 shuffles=0
  [trace] elPasoTwoStory.front.door.0 approach wp88/205 (road) d=31m dLast=31m at=(-401.5,725.4) yaw=-110.00 err=0.00 gain=335.9 shuffles=0
  [trace] elPasoTwoStory.front.door.0 approach wp88/205 (road) d=31m dLast=31m at=(-401.5,725.4) yaw=-110.00 err=0.00 gain=335.9 shuffles=0
  [trace] elPasoTwoStory.front.door.0 approach wp88/205 (road) d=19m dLast=19m at=(-403.6,738.5) yaw=-110.16 err=0.00 gain=376.6 shuffles=1
  [trace] elPasoTwoStory.front.door.0 approach wp88/205 (road) d=15m dLast=16m at=(-403.0,741.6) yaw=-110.16 err=0.00 gain=376.6 shuffles=1
  [trace] elPasoTwoStory.front.door.0 approach wp88/205 (road) d=10m dLast=10m at=(-401.9,746.8) yaw=-110.16 err=0.00 gain=376.6 shuffles=1
  [trace] elPasoTwoStory.front.door.0 approach wp88/205 (road) d=7m dLast=8m at=(-401.4,749.1) yaw=-110.16 err=0.00 gain=376.6 shuffles=1
  [trace] elPasoTwoStory.front.door.0 approach wp89/205 (road) d=30m dLast=30m at=(-401.3,749.6) yaw=-110.01 err=0.05 gain=335.8 shuffles=0
  [trace] elPasoTwoStory.front.door.0 approach wp89/205 (road) d=30m dLast=30m at=(-401.3,749.6) yaw=-110.00 err=0.00 gain=335.8 shuffles=0
  [trace] elPasoTwoStory.front.door.0 approach wp89/205 (road) d=28m dLast=28m at=(-405.8,753.3) yaw=-110.17 err=-0.00 gain=376.8 shuffles=1
  [trace] elPasoTwoStory.front.door.0 approach wp89/205 (road) d=24m dLast=24m at=(-404.9,757.3) yaw=-110.17 err=-0.00 gain=376.8 shuffles=1
  [trace] elPasoTwoStory.front.door.0 approach wp89/205 (road) d=19m dLast=19m at=(-403.7,762.8) yaw=-110.17 err=-0.00 gain=376.8 shuffles=1
  [trace] elPasoTwoStory.front.door.0 approach wp89/205 (road) d=16m dLast=16m at=(-403.3,765.0) yaw=-110.17 err=0.00 gain=376.8 shuffles=1
  [trace] elPasoTwoStory.front.door.0 approach wp89/205 (road) d=10m dLast=10m at=(-401.9,771.1) yaw=-110.17 err=0.00 gain=376.8 shuffles=1
  [trace] elPasoTwoStory.front.door.0 approach wp89/205 (road) d=7m dLast=8m at=(-401.4,773.5) yaw=-110.17 err=0.00 gain=376.8 shuffles=1
  [trace] elPasoTwoStory.front.door.0 approach wp90/205 (road) d=12m dLast=12m at=(-402.5,792.9) yaw=-110.17 err=-0.00 gain=376.4 shuffles=1
  [trace] elPasoTwoStory.front.door.0 approach wp91/205 (road) d=31m dLast=30m at=(-406.3,798.0) yaw=-109.94 err=-1.19 gain=361.1 shuffles=1
  [trace] elPasoTwoStory.front.door.0 approach wp91/205 (road) d=27m dLast=28m at=(-405.6,801.6) yaw=-110.16 err=-0.00 gain=376.8 shuffles=1
  [trace] elPasoTwoStory.front.door.0 approach wp91/205 (road) d=24m dLast=24m at=(-404.9,805.1) yaw=-110.16 err=-0.00 gain=376.8 shuffles=1
  [trace] elPasoTwoStory.front.door.0 approach wp91/205 (road) d=13m dLast=13m at=(-402.6,816.0) yaw=-110.17 err=0.00 gain=376.8 shuffles=1
  [trace] elPasoTwoStory.front.door.0 approach wp92/205 (road) d=31m dLast=31m at=(-401.4,821.5) yaw=-110.00 err=0.01 gain=336.9 shuffles=0
  [trace] elPasoTwoStory.front.door.0 approach wp92/205 (road) d=31m dLast=31m at=(-401.4,821.5) yaw=-110.00 err=0.00 gain=336.9 shuffles=0
  [trace] elPasoTwoStory.front.door.0 approach wp92/205 (road) d=31m dLast=31m at=(-401.4,821.5) yaw=-110.00 err=0.00 gain=336.9 shuffles=0
  [trace] elPasoTwoStory.front.door.0 approach wp92/205 (road) d=31m dLast=31m at=(-406.2,821.7) yaw=-109.93 err=-1.18 gain=360.6 shuffles=1
  [trace] elPasoTwoStory.front.door.0 approach wp92/205 (road) d=19m dLast=20m at=(-403.8,833.8) yaw=-110.16 err=0.00 gain=377.4 shuffles=1
  [trace] elPasoTwoStory.front.door.0 approach wp92/205 (road) d=9m dLast=9m at=(-401.7,843.9) yaw=-110.16 err=0.00 gain=377.4 shuffles=1
  [trace] elPasoTwoStory.front.door.0 approach wp92/205 (road) d=8m dLast=9m at=(-401.6,844.4) yaw=-110.16 err=0.00 gain=377.4 shuffles=1
  [trace] elPasoTwoStory.front.door.0 approach wp93/205 (road) d=30m dLast=30m at=(-401.3,845.5) yaw=-110.00 err=0.00 gain=335.4 shuffles=0
  [trace] elPasoTwoStory.front.door.0 approach wp93/205 (road) d=30m dLast=30m at=(-401.3,845.5) yaw=-110.00 err=0.00 gain=335.4 shuffles=0
  [trace] elPasoTwoStory.front.door.0 approach wp93/205 (road) d=29m dLast=31m at=(-406.0,848.6) yaw=-110.17 err=-0.04 gain=376.6 shuffles=1
  [trace] elPasoTwoStory.front.door.0 approach wp93/205 (road) d=11m dLast=11m at=(-402.2,865.8) yaw=-110.17 err=0.00 gain=376.6 shuffles=1
  [trace] elPasoTwoStory.front.door.0 approach wp93/205 (road) d=8m dLast=8m at=(-401.5,868.8) yaw=-110.17 err=0.00 gain=376.6 shuffles=1
  [trace] elPasoTwoStory.front.door.0 approach wp94/205 (road) d=31m dLast=31m at=(-401.4,869.4) yaw=-110.00 err=0.00 gain=335.4 shuffles=0
  [trace] elPasoTwoStory.front.door.0 approach wp94/205 (road) d=31m dLast=31m at=(-406.5,870.9) yaw=-110.14 err=-0.23 gain=375.8 shuffles=1
  [trace] elPasoTwoStory.front.door.0 approach wp94/205 (road) d=16m dLast=17m at=(-403.5,884.3) yaw=-110.17 err=0.00 gain=375.8 shuffles=1
  [trace] elPasoTwoStory.front.door.0 approach wp94/205 (road) d=10m dLast=10m at=(-402.1,890.7) yaw=-110.17 err=0.00 gain=375.8 shuffles=1
  [trace] elPasoTwoStory.front.door.0 approach wp95/205 (road) d=31m dLast=31m at=(-401.5,893.2) yaw=-110.24 err=-0.00 gain=329.7 shuffles=0
  [trace] elPasoTwoStory.front.door.0 approach wp95/205 (road) d=31m dLast=31m at=(-401.5,893.2) yaw=-110.24 err=-0.00 gain=329.7 shuffles=0
  [trace] elPasoTwoStory.front.door.0 approach wp95/205 (road) d=31m dLast=31m at=(-401.5,893.2) yaw=-110.24 err=-0.00 gain=329.7 shuffles=0
  [trace] elPasoTwoStory.front.door.0 approach wp95/205 (road) d=28m dLast=29m at=(-404.9,897.8) yaw=-110.41 err=-0.00 gain=373.8 shuffles=1
  [trace] elPasoTwoStory.front.door.0 approach wp95/205 (road) d=25m dLast=26m at=(-403.6,900.4) yaw=-110.41 err=0.00 gain=373.8 shuffles=1
  [trace] elPasoTwoStory.front.door.0 approach wp95/205 (road) d=8m dLast=9m at=(-396.1,915.7) yaw=-110.41 err=0.00 gain=373.8 shuffles=1
  [trace] elPasoTwoStory.front.door.0 approach wp96/205 (road) d=31m dLast=31m at=(-395.7,916.6) yaw=-110.30 err=0.00 gain=337.8 shuffles=0
  [trace] elPasoTwoStory.front.door.0 approach wp96/205 (road) d=31m dLast=31m at=(-395.7,916.6) yaw=-110.30 err=0.00 gain=337.8 shuffles=0
  [trace] elPasoTwoStory.front.door.0 approach wp96/205 (road) d=31m dLast=31m at=(-400.3,918.2) yaw=-110.23 err=-1.19 gain=361.4 shuffles=1
  [trace] elPasoTwoStory.front.door.0 approach wp96/205 (road) d=23m dLast=24m at=(-396.4,925.6) yaw=-110.46 err=0.00 gain=376.7 shuffles=1
  [trace] elPasoTwoStory.front.door.0 approach wp96/205 (road) d=9m dLast=9m at=(-389.5,938.1) yaw=-110.46 err=0.00 gain=376.7 shuffles=1
  [trace] elPasoTwoStory.front.door.0 approach wp96/205 (road) d=8m dLast=9m at=(-389.2,938.7) yaw=-110.46 err=0.00 gain=376.7 shuffles=1
  [trace] elPasoTwoStory.front.door.0 approach wp96/205 (road) d=7m dLast=8m at=(-388.7,939.5) yaw=-110.46 err=0.00 gain=376.7 shuffles=1
  [trace] elPasoTwoStory.front.door.0 approach wp97/205 (road) d=31m dLast=31m at=(-388.7,939.5) yaw=-110.31 err=0.01 gain=337.8 shuffles=0
  [trace] elPasoTwoStory.front.door.0 approach wp97/205 (road) d=25m dLast=26m at=(-390.4,946.7) yaw=-110.47 err=-0.00 gain=377.3 shuffles=1
  [trace] elPasoTwoStory.front.door.0 approach wp97/205 (road) d=18m dLast=19m at=(-387.0,952.6) yaw=-110.47 err=0.00 gain=377.3 shuffles=1
  [trace] elPasoTwoStory.front.door.0 approach wp98/205 (road) d=31m dLast=31m at=(-381.5,962.3) yaw=-110.31 err=0.00 gain=335.8 shuffles=0
  [trace] elPasoTwoStory.front.door.0 approach wp98/205 (road) d=31m dLast=31m at=(-381.5,962.3) yaw=-110.31 err=0.00 gain=335.8 shuffles=0
  [trace] elPasoTwoStory.front.door.0 approach wp98/205 (road) d=26m dLast=26m at=(-384.0,969.3) yaw=-110.50 err=-0.00 gain=376.3 shuffles=1
  [trace] elPasoTwoStory.front.door.0 approach wp98/205 (road) d=19m dLast=19m at=(-380.5,975.0) yaw=-110.50 err=0.00 gain=376.3 shuffles=1
  [trace] elPasoTwoStory.front.door.0 approach wp98/205 (road) d=14m dLast=14m at=(-377.6,979.8) yaw=-110.50 err=0.00 gain=376.3 shuffles=1
  [trace] elPasoTwoStory.front.door.0 approach wp99/205 (road) d=30m dLast=30m at=(-374.3,985.3) yaw=-110.32 err=0.00 gain=365.4 shuffles=0
  [trace] elPasoTwoStory.front.door.0 approach wp99/205 (road) d=30m dLast=30m at=(-374.3,985.3) yaw=-110.32 err=0.00 gain=365.4 shuffles=0
  [trace] elPasoTwoStory.front.door.0 approach wp99/205 (road) d=30m dLast=30m at=(-374.3,985.3) yaw=-110.32 err=0.00 gain=365.4 shuffles=0
  [trace] elPasoTwoStory.front.door.0 approach wp99/205 (road) d=27m dLast=27m at=(-376.8,990.9) yaw=-110.48 err=-0.00 gain=390.6 shuffles=1
  [trace] elPasoTwoStory.front.door.0 approach wp99/205 (road) d=24m dLast=25m at=(-375.4,993.2) yaw=-110.48 err=-0.00 gain=390.6 shuffles=1
  [trace] elPasoTwoStory.front.door.0 approach wp99/205 (road) d=23m dLast=24m at=(-375.0,994.0) yaw=-110.48 err=-0.00 gain=390.6 shuffles=1
  [trace] elPasoTwoStory.front.door.0 approach wp99/205 (road) d=22m dLast=23m at=(-374.5,994.8) yaw=-110.48 err=-0.00 gain=390.6 shuffles=1
  [trace] elPasoTwoStory.front.door.0 approach wp99/205 (road) d=18m dLast=19m at=(-372.4,998.5) yaw=-110.48 err=-0.00 gain=390.6 shuffles=1
  [trace] elPasoTwoStory.front.door.0 approach wp100/205 (road) d=31m dLast=31m at=(-371.1,1010.7) yaw=-110.44 err=-0.23 gain=376.2 shuffles=1
  [trace] elPasoTwoStory.front.door.0 approach wp100/205 (road) d=16m dLast=17m at=(-364.1,1022.9) yaw=-110.48 err=0.00 gain=376.2 shuffles=1
  [trace] elPasoTwoStory.front.door.0 approach wp100/205 (road) d=11m dLast=12m at=(-361.7,1027.0) yaw=-110.48 err=0.00 gain=376.2 shuffles=1
  [trace] elPasoTwoStory.front.door.0 approach wp100/205 (road) d=11m dLast=11m at=(-361.6,1027.3) yaw=-110.48 err=0.00 gain=376.2 shuffles=1
  [trace] elPasoTwoStory.front.door.0 approach wp100/205 (road) d=10m dLast=10m at=(-360.9,1028.4) yaw=-110.48 err=0.00 gain=376.2 shuffles=1
  [trace] elPasoTwoStory.front.door.0 approach wp101/205 (road) d=28m dLast=30m at=(-362.7,1035.6) yaw=-110.48 err=-0.00 gain=376.9 shuffles=1
  [trace] elPasoTwoStory.front.door.0 approach wp101/205 (road) d=26m dLast=27m at=(-362.1,1036.6) yaw=-110.48 err=0.00 gain=376.9 shuffles=1
  [trace] elPasoTwoStory.front.door.0 approach wp101/205 (road) d=24m dLast=24m at=(-360.6,1039.3) yaw=-110.48 err=0.00 gain=376.9 shuffles=1
  [trace] elPasoTwoStory.front.door.0 approach wp101/205 (road) d=23m dLast=24m at=(-360.3,1039.6) yaw=-110.48 err=0.00 gain=376.9 shuffles=1
  [trace] elPasoTwoStory.front.door.0 approach wp101/205 (road) d=15m dLast=16m at=(-356.4,1046.5) yaw=-110.48 err=0.00 gain=376.9 shuffles=1
  [trace] elPasoTwoStory.front.door.0 approach wp101/205 (road) d=14m dLast=14m at=(-355.6,1047.8) yaw=-110.48 err=0.00 gain=376.9 shuffles=1
  [trace] elPasoTwoStory.front.door.0 approach wp102/205 (road) d=31m dLast=31m at=(-352.6,1053.1) yaw=-110.32 err=0.01 gain=336.9 shuffles=0
  [trace] elPasoTwoStory.front.door.0 approach wp102/205 (road) d=21m dLast=22m at=(-352.1,1064.0) yaw=-110.48 err=-0.00 gain=376.2 shuffles=1
  [trace] elPasoTwoStory.front.door.0 approach wp102/205 (road) d=18m dLast=19m at=(-350.6,1066.7) yaw=-110.48 err=0.00 gain=376.2 shuffles=1
  [trace] elPasoTwoStory.front.door.0 approach wp102/205 (road) d=15m dLast=15m at=(-349.0,1069.4) yaw=-110.48 err=0.00 gain=376.2 shuffles=1
  [trace] elPasoTwoStory.front.door.0 approach wp102/205 (road) d=10m dLast=10m at=(-346.4,1073.9) yaw=-110.48 err=0.00 gain=376.2 shuffles=1
  [trace] elPasoTwoStory.front.door.0 approach wp102/205 (road) d=9m dLast=10m at=(-346.2,1074.2) yaw=-110.48 err=0.00 gain=376.2 shuffles=1
  [trace] elPasoTwoStory.front.door.0 approach wp103/205 (road) d=26m dLast=27m at=(-347.2,1082.5) yaw=-110.47 err=-0.00 gain=376.5 shuffles=1
  [trace] elPasoTwoStory.front.door.0 approach wp103/205 (road) d=23m dLast=23m at=(-345.8,1084.9) yaw=-110.47 err=-0.00 gain=376.5 shuffles=1
  [trace] elPasoTwoStory.front.door.0 approach wp104/205 (road) d=23m dLast=23m at=(-338.6,1107.9) yaw=-110.49 err=0.00 gain=376.6 shuffles=1
  [trace] elPasoTwoStory.front.door.0 approach wp105/205 (road) d=30m dLast=30m at=(-330.7,1121.4) yaw=-110.32 err=0.00 gain=335.6 shuffles=0
  [trace] elPasoTwoStory.front.door.0 approach wp105/205 (road) d=30m dLast=30m at=(-330.7,1121.4) yaw=-110.32 err=0.00 gain=335.6 shuffles=0
  [trace] elPasoTwoStory.front.door.0 approach wp105/205 (road) d=29m dLast=30m at=(-334.4,1125.8) yaw=-110.49 err=-0.00 gain=375.5 shuffles=1
  [trace] elPasoTwoStory.front.door.0 approach wp105/205 (road) d=25m dLast=25m at=(-332.2,1129.4) yaw=-110.49 err=-0.00 gain=375.5 shuffles=1
  [trace] elPasoTwoStory.front.door.0 approach wp105/205 (road) d=23m dLast=24m at=(-331.7,1130.4) yaw=-110.49 err=-0.00 gain=375.5 shuffles=1
  [trace] elPasoTwoStory.front.door.0 approach wp106/205 (road) d=30m dLast=Infinitym at=(-323.4,1144.2) yaw=-110.37 err=0.18 gain=337.4 shuffles=0
  [trace] elPasoTwoStory.front.door.0 approach wp106/205 (road) d=28m dLast=28m at=(-326.1,1149.3) yaw=-110.47 err=-0.00 gain=390.3 shuffles=1
  [trace] elPasoTwoStory.front.door.0 approach wp106/205 (road) d=25m dLast=25m at=(-324.9,1151.5) yaw=-110.47 err=-0.00 gain=390.3 shuffles=1
  [trace] elPasoTwoStory.front.door.0 approach wp106/205 (road) d=15m dLast=15m at=(-319.8,1160.4) yaw=-110.47 err=-0.00 gain=390.3 shuffles=1
  [trace] elPasoTwoStory.front.door.0 approach wp106/205 (road) d=13m dLast=13m at=(-318.7,1162.2) yaw=-110.47 err=-0.00 gain=390.3 shuffles=1
  [trace] elPasoTwoStory.front.door.0 approach wp106/205 (road) d=10m dLast=11m at=(-317.7,1164.1) yaw=-110.47 err=-0.00 gain=390.3 shuffles=1
  [trace] elPasoTwoStory.front.door.0 approach wp107/205 (road) d=26m dLast=27m at=(-318.7,1173.1) yaw=-110.49 err=0.00 gain=375.8 shuffles=1
  [trace] elPasoTwoStory.front.door.0 approach wp107/205 (road) d=24m dLast=24m at=(-317.3,1175.5) yaw=-110.49 err=0.00 gain=375.8 shuffles=1
  [trace] elPasoTwoStory.front.door.0 approach wp108/205 (cut) d=19m dLast=19m at=(-299.1,1190.9) yaw=-111.49 err=0.00 gain=373.8 shuffles=0
  [trace] elPasoTwoStory.front.door.0 approach wp108/205 (cut) d=17m dLast=17m at=(-296.7,1191.0) yaw=-111.49 err=0.00 gain=373.8 shuffles=0
  [trace] elPasoTwoStory.front.door.0 approach wp108/205 (cut) d=15m dLast=16m at=(-295.5,1191.0) yaw=-111.49 err=0.00 gain=373.8 shuffles=0
  [trace] elPasoTwoStory.front.door.0 approach wp108/205 (cut) d=13m dLast=14m at=(-293.6,1191.1) yaw=-111.49 err=0.00 gain=373.8 shuffles=0
  [trace] elPasoTwoStory.front.door.0 approach wp108/205 (cut) d=13m dLast=13m at=(-292.6,1191.1) yaw=-111.49 err=0.00 gain=373.8 shuffles=0
  [trace] elPasoTwoStory.front.door.0 approach wp109/205 (cut) d=25m dLast=25m at=(-280.5,1194.7) yaw=-111.81 err=0.00 gain=375.9 shuffles=1
  [trace] elPasoTwoStory.front.door.0 approach wp109/205 (cut) d=24m dLast=24m at=(-279.8,1194.5) yaw=-111.81 err=0.00 gain=375.9 shuffles=1
  [trace] elPasoTwoStory.front.door.0 approach wp109/205 (cut) d=18m dLast=18m at=(-274.2,1192.9) yaw=-111.81 err=0.00 gain=375.9 shuffles=1
  [trace] elPasoTwoStory.front.door.0 approach wp109/205 (cut) d=13m dLast=14m at=(-269.2,1191.5) yaw=-111.80 err=0.00 gain=375.9 shuffles=1
  [trace] elPasoTwoStory.front.door.0 approach wp109/205 (cut) d=11m dLast=11m at=(-267.5,1191.0) yaw=-111.80 err=0.00 gain=375.9 shuffles=1
  [trace] elPasoTwoStory.front.door.0 approach wp110/205 (cut) d=30m dLast=30m at=(-263.7,1189.9) yaw=-111.71 err=0.03 gain=337.5 shuffles=0
  [trace] elPasoTwoStory.front.door.0 approach wp110/205 (cut) d=30m dLast=30m at=(-263.7,1189.9) yaw=-111.70 err=0.00 gain=337.5 shuffles=0
  [trace] elPasoTwoStory.front.door.0 approach wp110/205 (cut) d=30m dLast=30m at=(-261.3,1194.3) yaw=-111.83 err=-0.23 gain=376.9 shuffles=1
  [trace] elPasoTwoStory.front.door.0 approach wp110/205 (cut) d=23m dLast=24m at=(-255.2,1192.2) yaw=-111.86 err=-0.00 gain=376.9 shuffles=1
  [trace] elPasoTwoStory.front.door.0 approach wp110/205 (cut) d=9m dLast=10m at=(-242.4,1187.6) yaw=-111.87 err=0.00 gain=376.9 shuffles=1
  [trace] elPasoTwoStory.front.door.0 approach wp111/205 (cut) d=26m dLast=26m at=(-234.3,1190.2) yaw=-111.89 err=-0.00 gain=376.5 shuffles=1
  [trace] elPasoTwoStory.front.door.0 approach wp111/205 (cut) d=24m dLast=25m at=(-232.6,1189.5) yaw=-111.89 err=-0.00 gain=376.5 shuffles=1
  [trace] elPasoTwoStory.front.door.0 approach wp111/205 (cut) d=12m dLast=13m at=(-221.5,1185.3) yaw=-111.89 err=0.00 gain=376.5 shuffles=1
  [trace] elPasoTwoStory.front.door.0 approach wp111/205 (cut) d=12m dLast=12m at=(-221.1,1185.2) yaw=-111.89 err=0.00 gain=376.5 shuffles=1
  [trace] elPasoTwoStory.front.door.0 approach wp111/205 (cut) d=10m dLast=10m at=(-219.0,1184.4) yaw=-111.89 err=0.00 gain=376.5 shuffles=1
  [trace] elPasoTwoStory.front.door.0 approach wp111/205 (cut) d=8m dLast=8m at=(-217.4,1183.8) yaw=-111.89 err=0.00 gain=376.5 shuffles=1
  [trace] elPasoTwoStory.front.door.0 approach wp112/205 (cut) d=30m dLast=30m at=(-217.0,1183.6) yaw=-111.72 err=0.00 gain=337.1 shuffles=0
  [trace] elPasoTwoStory.front.door.0 approach wp112/205 (cut) d=30m dLast=30m at=(-217.0,1183.6) yaw=-111.72 err=0.00 gain=337.1 shuffles=0
  [trace] elPasoTwoStory.front.door.0 approach wp112/205 (cut) d=30m dLast=30m at=(-217.0,1183.6) yaw=-111.72 err=0.00 gain=337.1 shuffles=0
  [trace] elPasoTwoStory.front.door.0 approach wp112/205 (cut) d=21m dLast=22m at=(-206.3,1185.2) yaw=-111.90 err=0.00 gain=376.6 shuffles=1
  [trace] elPasoTwoStory.front.door.0 approach wp112/205 (cut) d=19m dLast=19m at=(-204.3,1184.4) yaw=-111.90 err=0.00 gain=376.6 shuffles=1
  [trace] elPasoTwoStory.front.door.0 approach wp113/205 (cut) d=30m dLast=30m at=(-193.5,1180.2) yaw=-111.72 err=0.00 gain=335.4 shuffles=0
  [trace] elPasoTwoStory.front.door.0 approach wp113/205 (cut) d=21m dLast=21m at=(-182.9,1181.7) yaw=-111.90 err=0.00 gain=376.5 shuffles=1
  [trace] elPasoTwoStory.front.door.0 approach wp113/205 (cut) d=14m dLast=14m at=(-176.4,1179.2) yaw=-111.90 err=0.00 gain=376.5 shuffles=1
  [trace] elPasoTwoStory.front.door.0 approach wp114/205 (cut) d=28m dLast=29m at=(-166.2,1180.4) yaw=-111.88 err=0.00 gain=391.2 shuffles=1
  [trace] elPasoTwoStory.front.door.0 approach wp115/205 (cut) d=30m dLast=30m at=(-144.2,1177.5) yaw=-111.85 err=-0.23 gain=376.2 shuffles=1
  [trace] elPasoTwoStory.front.door.0 approach wp115/205 (cut) d=20m dLast=20m at=(-135.1,1174.1) yaw=-111.89 err=0.00 gain=376.2 shuffles=1
  [trace] elPasoTwoStory.front.door.0 approach wp115/205 (cut) d=18m dLast=19m at=(-132.6,1173.1) yaw=-111.88 err=0.00 gain=376.2 shuffles=1
  [trace] elPasoTwoStory.front.door.0 approach wp115/205 (cut) d=16m dLast=17m at=(-131.7,1172.8) yaw=-111.88 err=0.00 gain=376.2 shuffles=1
  [trace] elPasoTwoStory.front.door.0 approach wp115/205 (cut) d=11m dLast=11m at=(-126.9,1171.0) yaw=-111.88 err=0.00 gain=376.2 shuffles=1
  [trace] elPasoTwoStory.front.door.0 approach wp116/205 (cut) d=30m dLast=30m at=(-123.3,1169.7) yaw=-111.72 err=0.00 gain=337.3 shuffles=0
  [trace] elPasoTwoStory.front.door.0 approach wp117/205 (cut) d=30m dLast=30m at=(-100.0,1166.3) yaw=-111.72 err=0.00 gain=336.1 shuffles=0
  [trace] elPasoTwoStory.front.door.0 approach wp117/205 (cut) d=22m dLast=22m at=(-90.2,1168.1) yaw=-111.90 err=0.00 gain=376.2 shuffles=1
  [trace] elPasoTwoStory.front.door.0 approach wp117/205 (cut) d=13m dLast=14m at=(-81.2,1164.6) yaw=-111.89 err=0.00 gain=376.2 shuffles=1
  [trace] elPasoTwoStory.front.door.0 approach wp118/205 (cut) d=27m dLast=28m at=(-71.4,1166.3) yaw=-111.89 err=0.00 gain=377.2 shuffles=1
  [trace] elPasoTwoStory.front.door.0 approach wp118/205 (cut) d=21m dLast=21m at=(-65.8,1164.2) yaw=-111.89 err=0.00 gain=377.2 shuffles=1
  [trace] elPasoTwoStory.front.door.0 approach wp118/205 (cut) d=12m dLast=12m at=(-57.4,1161.0) yaw=-111.89 err=0.00 gain=377.2 shuffles=1
  [trace] elPasoTwoStory.front.door.0 approach wp118/205 (cut) d=10m dLast=11m at=(-55.8,1160.4) yaw=-111.89 err=0.00 gain=377.2 shuffles=1
  [trace] elPasoTwoStory.front.door.0 approach wp119/205 (cut) d=30m dLast=30m at=(-52.9,1159.2) yaw=-111.72 err=0.00 gain=335.2 shuffles=0
  [trace] elPasoTwoStory.front.door.0 approach wp119/205 (cut) d=30m dLast=30m at=(-52.9,1159.2) yaw=-111.72 err=0.00 gain=335.2 shuffles=0
  [trace] elPasoTwoStory.front.door.0 approach wp119/205 (cut) d=30m dLast=30m at=(-52.9,1159.2) yaw=-111.72 err=0.00 gain=335.2 shuffles=0
  [trace] elPasoTwoStory.front.door.0 approach wp119/205 (cut) d=23m dLast=23m at=(-43.9,1161.6) yaw=-111.90 err=0.00 gain=375.7 shuffles=1
  [trace] elPasoTwoStory.front.door.0 approach wp119/205 (cut) d=18m dLast=19m at=(-40.2,1160.1) yaw=-111.90 err=0.00 gain=375.7 shuffles=1
  [trace] elPasoTwoStory.front.door.0 approach wp119/205 (cut) d=16m dLast=17m at=(-38.3,1159.3) yaw=-111.90 err=0.00 gain=375.7 shuffles=1
  [trace] elPasoTwoStory.front.door.0 approach wp120/205 (cut) d=30m dLast=30m at=(-29.5,1155.8) yaw=-111.72 err=0.00 gain=367.6 shuffles=0
  [trace] elPasoTwoStory.front.door.0 approach wp120/205 (cut) d=26m dLast=27m at=(-24.3,1158.9) yaw=-111.88 err=-0.00 gain=391.2 shuffles=1
  [trace] elPasoTwoStory.front.door.0 approach wp120/205 (cut) d=25m dLast=25m at=(-22.8,1158.4) yaw=-111.88 err=-0.00 gain=391.2 shuffles=1
  [trace] elPasoTwoStory.front.door.0 approach wp120/205 (cut) d=24m dLast=25m at=(-22.4,1158.2) yaw=-111.88 err=-0.00 gain=391.2 shuffles=1
  [trace] elPasoTwoStory.front.door.0 approach wp120/205 (cut) d=24m dLast=24m at=(-21.9,1158.1) yaw=-111.88 err=-0.00 gain=391.2 shuffles=1
  [trace] elPasoTwoStory.front.door.0 approach wp121/205 (cut) d=30m dLast=30m at=(-6.3,1152.3) yaw=-111.94 err=-0.02 gain=331.0 shuffles=0
  [trace] elPasoTwoStory.front.door.0 approach wp121/205 (cut) d=30m dLast=30m at=(-6.3,1152.3) yaw=-111.94 err=-0.00 gain=331.0 shuffles=0
  [trace] elPasoTwoStory.front.door.0 approach wp121/205 (cut) d=30m dLast=30m at=(-6.3,1152.3) yaw=-111.94 err=-0.00 gain=331.0 shuffles=0
  [trace] elPasoTwoStory.front.door.0 approach wp121/205 (cut) d=29m dLast=30m at=(-1.8,1155.5) yaw=-112.11 err=-0.04 gain=373.8 shuffles=1
  [trace] elPasoTwoStory.front.door.0 approach wp122/205 (cut) d=30m dLast=30m at=(15.6,1143.8) yaw=-112.00 err=0.00 gain=335.7 shuffles=0
  [trace] elPasoTwoStory.front.door.0 approach wp122/205 (cut) d=30m dLast=30m at=(15.6,1143.8) yaw=-112.00 err=0.00 gain=335.7 shuffles=0
  [trace] elPasoTwoStory.front.door.0 approach wp122/205 (cut) d=30m dLast=30m at=(19.1,1147.2) yaw=-112.12 err=-0.23 gain=375.4 shuffles=1
  [trace] elPasoTwoStory.front.door.0 approach wp122/205 (cut) d=29m dLast=30m at=(20.1,1146.5) yaw=-112.15 err=-0.03 gain=375.4 shuffles=1
  [trace] elPasoTwoStory.front.door.0 approach wp122/205 (cut) d=26m dLast=26m at=(22.0,1145.1) yaw=-112.15 err=-0.00 gain=375.4 shuffles=1
  [trace] elPasoTwoStory.front.door.0 approach wp122/205 (cut) d=24m dLast=25m at=(23.4,1144.0) yaw=-112.15 err=-0.00 gain=375.4 shuffles=1
  [trace] elPasoTwoStory.front.door.0 approach wp123/205 (cut) d=30m dLast=30m at=(37.1,1134.1) yaw=-112.01 err=0.00 gain=336.6 shuffles=0
  [trace] elPasoTwoStory.front.door.0 approach wp123/205 (cut) d=30m dLast=30m at=(37.1,1134.1) yaw=-112.01 err=0.00 gain=336.6 shuffles=0
  [trace] elPasoTwoStory.front.door.0 approach wp123/205 (cut) d=10m dLast=11m at=(56.1,1125.9) yaw=-112.17 err=0.00 gain=376.6 shuffles=1
  [trace] elPasoTwoStory.front.door.0 approach wp123/205 (cut) d=9m dLast=9m at=(57.5,1124.8) yaw=-112.17 err=0.00 gain=376.6 shuffles=1
  [trace] elPasoTwoStory.front.door.0 approach wp124/205 (cut) d=30m dLast=30m at=(58.6,1124.1) yaw=-112.01 err=0.00 gain=336.6 shuffles=0
  [trace] elPasoTwoStory.front.door.0 approach wp124/205 (cut) d=30m dLast=30m at=(58.6,1124.1) yaw=-112.01 err=0.00 gain=336.6 shuffles=0
  [trace] elPasoTwoStory.front.door.0 approach wp124/205 (cut) d=30m dLast=30m at=(58.6,1124.1) yaw=-112.01 err=0.00 gain=336.6 shuffles=0
  [trace] elPasoTwoStory.front.door.0 approach wp124/205 (cut) d=30m dLast=30m at=(58.6,1124.1) yaw=-112.01 err=0.00 gain=336.6 shuffles=0
  [trace] elPasoTwoStory.front.door.0 approach wp124/205 (cut) d=29m dLast=30m at=(62.9,1126.8) yaw=-112.17 err=-0.03 gain=376.0 shuffles=1
  [trace] elPasoTwoStory.front.door.0 approach wp124/205 (cut) d=12m dLast=12m at=(76.2,1116.8) yaw=-112.17 err=0.00 gain=376.0 shuffles=1
  [trace] elPasoTwoStory.front.door.0 approach wp126/205 (cut) d=30m dLast=30m at=(101.0,1104.1) yaw=-112.02 err=0.04 gain=336.4 shuffles=0
  [trace] elPasoTwoStory.front.door.0 approach wp126/205 (cut) d=30m dLast=30m at=(101.0,1104.1) yaw=-112.01 err=0.00 gain=336.4 shuffles=0
  [trace] elPasoTwoStory.front.door.0 approach wp126/205 (cut) d=25m dLast=25m at=(108.4,1104.7) yaw=-112.17 err=-0.00 gain=376.0 shuffles=1
  [trace] elPasoTwoStory.front.door.0 approach wp126/205 (cut) d=21m dLast=21m at=(112.0,1102.0) yaw=-112.17 err=0.00 gain=376.0 shuffles=1
  [trace] elPasoTwoStory.front.door.0 approach wp126/205 (cut) d=19m dLast=19m at=(113.4,1100.9) yaw=-112.17 err=0.00 gain=376.0 shuffles=1
  [trace] elPasoTwoStory.front.door.0 approach wp126/205 (cut) d=13m dLast=13m at=(118.4,1097.2) yaw=-112.17 err=0.00 gain=376.0 shuffles=1
  [trace] elPasoTwoStory.front.door.0 approach wp127/205 (cut) d=30m dLast=30m at=(126.1,1097.4) yaw=-112.14 err=-0.23 gain=376.9 shuffles=1
  [trace] elPasoTwoStory.front.door.0 approach wp127/205 (cut) d=27m dLast=28m at=(127.9,1096.1) yaw=-112.17 err=-0.00 gain=376.9 shuffles=1
  [trace] elPasoTwoStory.front.door.0 approach wp127/205 (cut) d=16m dLast=16m at=(136.9,1089.3) yaw=-112.17 err=0.00 gain=376.9 shuffles=1
  [trace] elPasoTwoStory.front.door.0 approach wp127/205 (cut) d=12m dLast=12m at=(140.3,1086.8) yaw=-112.17 err=0.00 gain=376.9 shuffles=1
  [trace] elPasoTwoStory.front.door.0 approach wp128/205 (cut) d=30m dLast=30m at=(144.0,1084.0) yaw=-112.01 err=0.01 gain=336.1 shuffles=0
  [trace] elPasoTwoStory.front.door.0 approach wp128/205 (cut) d=29m dLast=30m at=(148.7,1086.9) yaw=-112.18 err=-0.03 gain=376.2 shuffles=1
  [trace] elPasoTwoStory.front.door.0 approach wp128/205 (cut) d=21m dLast=21m at=(154.4,1082.5) yaw=-112.18 err=0.00 gain=376.2 shuffles=1
  [trace] elPasoTwoStory.front.door.0 approach wp128/205 (cut) d=12m dLast=13m at=(161.3,1077.2) yaw=-112.18 err=0.00 gain=376.2 shuffles=1
  [trace] elPasoTwoStory.front.door.0 approach wp128/205 (cut) d=10m dLast=10m at=(163.4,1075.5) yaw=-112.18 err=0.00 gain=376.2 shuffles=1
  [trace] elPasoTwoStory.front.door.0 approach wp128/205 (cut) d=8m dLast=8m at=(164.9,1074.4) yaw=-112.18 err=0.00 gain=376.2 shuffles=1
  [trace] elPasoTwoStory.front.door.0 approach wp129/205 (cut) d=30m dLast=30m at=(165.5,1074.0) yaw=-112.01 err=0.00 gain=337.1 shuffles=0
  [trace] elPasoTwoStory.front.door.0 approach wp129/205 (cut) d=30m dLast=30m at=(165.5,1074.0) yaw=-112.01 err=0.00 gain=337.1 shuffles=0
  [trace] elPasoTwoStory.front.door.0 approach wp129/205 (cut) d=22m dLast=23m at=(174.7,1073.6) yaw=-112.20 err=0.00 gain=376.9 shuffles=1
  [trace] elPasoTwoStory.front.door.0 approach wp129/205 (cut) d=22m dLast=22m at=(175.2,1073.2) yaw=-112.20 err=0.00 gain=376.9 shuffles=1
  [trace] elPasoTwoStory.front.door.0 approach wp129/205 (cut) d=20m dLast=21m at=(176.8,1072.0) yaw=-112.19 err=0.00 gain=376.9 shuffles=1
  [trace] elPasoTwoStory.front.door.0 approach wp129/205 (cut) d=16m dLast=16m at=(179.9,1069.5) yaw=-112.19 err=0.00 gain=376.9 shuffles=1
  [trace] elPasoTwoStory.front.door.0 approach wp129/205 (cut) d=9m dLast=9m at=(185.6,1065.0) yaw=-112.19 err=0.00 gain=376.9 shuffles=1
  [trace] elPasoTwoStory.front.door.0 approach wp130/205 (cut) d=30m dLast=31m at=(190.7,1067.9) yaw=-112.20 err=-0.01 gain=389.1 shuffles=1
  [trace] elPasoTwoStory.front.door.0 approach wp130/205 (cut) d=19m dLast=20m at=(198.7,1061.6) yaw=-112.20 err=-0.00 gain=389.1 shuffles=1
  [trace] elPasoTwoStory.front.door.0 approach wp130/205 (cut) d=17m dLast=17m at=(200.8,1059.9) yaw=-112.20 err=-0.00 gain=389.1 shuffles=1
  [trace] elPasoTwoStory.front.door.0 approach wp131/205 (cut) d=30m dLast=30m at=(208.1,1054.1) yaw=-112.02 err=0.00 gain=365.5 shuffles=0
  [trace] elPasoTwoStory.front.door.0 approach wp131/205 (cut) d=30m dLast=30m at=(208.1,1054.1) yaw=-112.02 err=0.00 gain=365.5 shuffles=0
  [trace] elPasoTwoStory.front.door.0 approach wp131/205 (cut) d=30m dLast=30m at=(208.1,1054.1) yaw=-112.02 err=0.00 gain=365.5 shuffles=0
  [trace] elPasoTwoStory.front.door.0 approach wp131/205 (cut) d=28m dLast=29m at=(213.2,1057.1) yaw=-112.20 err=-0.00 gain=389.9 shuffles=1
  [trace] elPasoTwoStory.front.door.0 approach wp131/205 (cut) d=9m dLast=9m at=(228.3,1045.1) yaw=-112.20 err=-0.00 gain=389.9 shuffles=1
  [trace] elPasoTwoStory.front.door.0 approach wp132/205 (cut) d=30m dLast=Infinitym at=(229.3,1044.3) yaw=-112.07 err=0.18 gain=335.1 shuffles=0
  [trace] elPasoTwoStory.front.door.0 approach wp132/205 (cut) d=30m dLast=30m at=(229.3,1044.3) yaw=-112.02 err=0.00 gain=367.1 shuffles=0
  [trace] elPasoTwoStory.front.door.0 approach wp132/205 (cut) d=30m dLast=30m at=(229.3,1044.3) yaw=-112.02 err=0.00 gain=367.1 shuffles=0
  [trace] elPasoTwoStory.front.door.0 approach wp132/205 (cut) d=30m dLast=30m at=(229.3,1044.3) yaw=-112.02 err=0.00 gain=367.1 shuffles=0
  [trace] elPasoTwoStory.front.door.0 approach wp132/205 (cut) d=30m dLast=30m at=(229.3,1044.3) yaw=-112.02 err=0.00 gain=367.1 shuffles=0
  [trace] elPasoTwoStory.front.door.0 approach wp132/205 (cut) d=30m dLast=30m at=(229.3,1044.3) yaw=-112.02 err=0.00 gain=367.1 shuffles=0
  [trace] elPasoTwoStory.front.door.0 approach wp132/205 (cut) d=24m dLast=24m at=(237.9,1044.4) yaw=-112.20 err=-0.00 gain=391.3 shuffles=1
  [trace] elPasoTwoStory.front.door.0 approach wp132/205 (cut) d=23m dLast=23m at=(238.8,1043.7) yaw=-112.20 err=-0.00 gain=391.3 shuffles=1
  [trace] elPasoTwoStory.front.door.0 approach wp132/205 (cut) d=15m dLast=16m at=(244.8,1038.9) yaw=-112.20 err=-0.00 gain=391.3 shuffles=1
  [trace] elPasoTwoStory.front.door.0 approach wp132/205 (cut) d=13m dLast=14m at=(246.3,1037.7) yaw=-112.20 err=-0.00 gain=391.3 shuffles=1
  [trace] elPasoTwoStory.front.door.0 approach wp133/205 (cut) d=30m dLast=30m at=(250.9,1034.1) yaw=-112.02 err=0.00 gain=364.5 shuffles=0
  [trace] elPasoTwoStory.front.door.0 approach wp133/205 (cut) d=30m dLast=30m at=(250.9,1034.1) yaw=-112.02 err=0.00 gain=364.5 shuffles=0
  [trace] elPasoTwoStory.front.door.0 approach wp133/205 (cut) d=30m dLast=30m at=(250.9,1034.1) yaw=-112.02 err=0.00 gain=364.5 shuffles=0
  [trace] elPasoTwoStory.front.door.0 approach wp133/205 (cut) d=22m dLast=22m at=(260.8,1033.0) yaw=-112.20 err=0.00 gain=390.6 shuffles=1
  [trace] elPasoTwoStory.front.door.0 approach wp133/205 (cut) d=16m dLast=17m at=(265.2,1029.6) yaw=-112.20 err=0.00 gain=390.6 shuffles=1
  [trace] elPasoTwoStory.front.door.0 approach wp133/205 (cut) d=14m dLast=14m at=(267.0,1028.1) yaw=-112.20 err=0.00 gain=390.6 shuffles=1
  [trace] elPasoTwoStory.front.door.0 approach wp134/205 (cut) d=30m dLast=Infinitym at=(272.3,1024.0) yaw=-112.07 err=0.18 gain=336.1 shuffles=0
  [trace] elPasoTwoStory.front.door.0 approach wp134/205 (cut) d=27m dLast=27m at=(277.9,1026.2) yaw=-112.19 err=-0.00 gain=389.2 shuffles=1
  [trace] elPasoTwoStory.front.door.0 approach wp134/205 (cut) d=25m dLast=25m at=(279.7,1024.8) yaw=-112.19 err=-0.00 gain=389.2 shuffles=1
  [trace] elPasoTwoStory.front.door.0 approach wp135/205 (trail) d=29m dLast=29m at=(298.0,1017.3) yaw=-112.19 err=0.00 gain=392.0 shuffles=1
  [trace] elPasoTwoStory.front.door.0 approach wp135/205 (trail) d=20m dLast=20m at=(304.9,1011.9) yaw=-112.19 err=0.00 gain=392.0 shuffles=1
  [trace] elPasoTwoStory.front.door.0 approach wp135/205 (trail) d=18m dLast=19m at=(306.3,1010.7) yaw=-112.19 err=0.00 gain=392.0 shuffles=1
  [trace] elPasoTwoStory.front.door.0 approach wp135/205 (trail) d=13m dLast=13m at=(310.6,1007.3) yaw=-112.19 err=0.00 gain=392.0 shuffles=1
  [trace] elPasoTwoStory.front.door.0 approach wp135/205 (trail) d=8m dLast=9m at=(314.0,1004.7) yaw=-112.19 err=0.00 gain=392.0 shuffles=1
  [trace] elPasoTwoStory.front.door.0 approach wp135/205 (trail) d=8m dLast=8m at=(314.5,1004.3) yaw=-112.19 err=0.00 gain=392.0 shuffles=1
  [trace] elPasoTwoStory.front.door.0 approach wp136/205 (trail) d=20m dLast=21m at=(317.9,1007.0) yaw=-110.79 err=0.00 gain=380.4 shuffles=0
  [trace] elPasoTwoStory.front.door.0 approach wp136/205 (trail) d=18m dLast=18m at=(319.2,1008.2) yaw=-110.79 err=0.00 gain=380.4 shuffles=0
  [trace] elPasoTwoStory.front.door.0 approach wp136/205 (trail) d=14m dLast=15m at=(322.0,1010.7) yaw=-110.79 err=0.00 gain=380.4 shuffles=0
  [trace] elPasoTwoStory.front.door.0 approach wp137/205 (trail) d=29m dLast=29m at=(327.1,1015.4) yaw=-110.56 err=0.01 gain=366.4 shuffles=0
  [trace] elPasoTwoStory.front.door.0 approach wp137/205 (trail) d=29m dLast=29m at=(327.1,1015.4) yaw=-110.56 err=0.00 gain=366.4 shuffles=0
  [trace] elPasoTwoStory.front.door.0 approach wp138/205 (trail) d=30m dLast=30m at=(338.9,1034.7) yaw=-110.56 err=0.00 gain=361.4 shuffles=0
  [trace] elPasoTwoStory.front.door.0 approach wp138/205 (trail) d=30m dLast=30m at=(338.9,1034.7) yaw=-110.56 err=0.00 gain=361.4 shuffles=0
  [trace] elPasoTwoStory.front.door.0 approach wp138/205 (trail) d=22m dLast=23m at=(340.4,1043.9) yaw=-110.74 err=0.00 gain=388.0 shuffles=1
  [trace] elPasoTwoStory.front.door.0 approach wp138/205 (trail) d=8m dLast=9m at=(350.5,1054.1) yaw=-110.74 err=0.00 gain=388.0 shuffles=1
  [trace] elPasoTwoStory.front.door.0 approach wp139/205 (trail) d=30m dLast=30m at=(351.0,1054.7) yaw=-110.55 err=0.00 gain=362.3 shuffles=0
  [trace] elPasoTwoStory.front.door.0 approach wp139/205 (trail) d=30m dLast=30m at=(351.0,1054.7) yaw=-110.55 err=0.00 gain=362.3 shuffles=0
  [trace] elPasoTwoStory.front.door.0 approach wp139/205 (trail) d=27m dLast=28m at=(349.1,1060.4) yaw=-110.73 err=0.00 gain=388.9 shuffles=1
  [trace] elPasoTwoStory.front.door.0 approach wp139/205 (trail) d=22m dLast=23m at=(352.6,1063.9) yaw=-110.73 err=0.00 gain=388.9 shuffles=1
  [trace] elPasoTwoStory.front.door.0 approach wp139/205 (trail) d=17m dLast=18m at=(356.0,1067.4) yaw=-110.73 err=0.00 gain=388.9 shuffles=1
  [trace] elPasoTwoStory.front.door.0 approach wp139/205 (trail) d=15m dLast=16m at=(357.3,1068.7) yaw=-110.73 err=0.00 gain=388.9 shuffles=1
  [trace] elPasoTwoStory.front.door.0 approach wp139/205 (trail) d=13m dLast=13m at=(359.1,1070.5) yaw=-110.73 err=0.00 gain=388.9 shuffles=1
  [trace] elPasoTwoStory.front.door.0 approach wp140/205 (trail) d=30m dLast=30m at=(362.8,1074.3) yaw=-110.55 err=0.01 gain=361.5 shuffles=0
  [trace] elPasoTwoStory.front.door.0 approach wp140/205 (trail) d=12m dLast=13m at=(371.1,1090.5) yaw=-110.73 err=0.00 gain=387.7 shuffles=1
  [trace] elPasoTwoStory.front.door.0 approach wp140/205 (trail) d=9m dLast=10m at=(373.6,1093.0) yaw=-110.73 err=0.00 gain=387.7 shuffles=1
  [trace] elPasoTwoStory.front.door.0 approach wp141/205 (trail) d=29m dLast=29m at=(375.0,1094.4) yaw=-110.56 err=0.05 gain=363.1 shuffles=0
  [trace] elPasoTwoStory.front.door.0 approach wp141/205 (trail) d=29m dLast=29m at=(375.0,1094.4) yaw=-110.55 err=0.00 gain=363.1 shuffles=0
  [trace] elPasoTwoStory.front.door.0 approach wp141/205 (trail) d=29m dLast=29m at=(375.0,1094.4) yaw=-110.55 err=0.00 gain=363.1 shuffles=0
  [trace] elPasoTwoStory.front.door.0 approach wp141/205 (trail) d=25m dLast=26m at=(374.0,1101.1) yaw=-110.73 err=0.00 gain=389.1 shuffles=1
  [trace] elPasoTwoStory.front.door.0 approach wp141/205 (trail) d=23m dLast=23m at=(375.8,1102.9) yaw=-110.73 err=0.00 gain=389.1 shuffles=1
  [trace] elPasoTwoStory.front.door.0 approach wp141/205 (trail) d=20m dLast=21m at=(377.5,1104.7) yaw=-110.73 err=0.00 gain=389.1 shuffles=1
  [trace] elPasoTwoStory.front.door.0 approach wp142/205 (trail) d=30m dLast=30m at=(386.8,1114.0) yaw=-110.55 err=0.00 gain=367.2 shuffles=0
  [trace] elPasoTwoStory.front.door.0 approach wp142/205 (trail) d=30m dLast=30m at=(386.8,1114.0) yaw=-110.55 err=0.00 gain=367.2 shuffles=0
  [trace] elPasoTwoStory.front.door.0 approach wp142/205 (trail) d=30m dLast=30m at=(386.8,1114.0) yaw=-110.55 err=0.00 gain=367.2 shuffles=0
  [trace] elPasoTwoStory.front.door.0 approach wp142/205 (trail) d=30m dLast=30m at=(382.8,1117.7) yaw=-110.72 err=-0.16 gain=391.6 shuffles=1
  [trace] elPasoTwoStory.front.door.0 approach wp142/205 (trail) d=26m dLast=27m at=(385.2,1120.2) yaw=-110.73 err=-0.00 gain=391.6 shuffles=1
  [trace] elPasoTwoStory.front.door.0 approach wp143/205 (trail) d=29m dLast=29m at=(398.9,1134.1) yaw=-110.55 err=0.01 gain=363.9 shuffles=0
  [trace] elPasoTwoStory.front.door.0 approach wp143/205 (trail) d=28m dLast=29m at=(396.1,1138.9) yaw=-110.73 err=0.00 gain=389.6 shuffles=1
  [trace] elPasoTwoStory.front.door.0 approach wp143/205 (trail) d=23m dLast=24m at=(399.1,1142.0) yaw=-110.73 err=0.00 gain=389.6 shuffles=1
  [trace] elPasoTwoStory.front.door.0 approach wp143/205 (trail) d=22m dLast=22m at=(400.5,1143.4) yaw=-110.73 err=0.00 gain=389.6 shuffles=1
  [trace] elPasoTwoStory.front.door.0 approach wp143/205 (trail) d=14m dLast=15m at=(405.8,1148.8) yaw=-110.73 err=0.00 gain=389.6 shuffles=1
  [trace] elPasoTwoStory.front.door.0 approach wp143/205 (trail) d=13m dLast=13m at=(406.7,1149.7) yaw=-110.73 err=0.00 gain=389.6 shuffles=1
  [trace] elPasoTwoStory.front.door.0 approach wp143/205 (trail) d=12m dLast=13m at=(407.2,1150.2) yaw=-110.73 err=0.00 gain=389.6 shuffles=1
  [trace] elPasoTwoStory.front.door.0 approach wp143/205 (trail) d=9m dLast=10m at=(409.3,1152.3) yaw=-110.73 err=0.00 gain=389.6 shuffles=1
  [trace] elPasoTwoStory.front.door.0 approach wp144/205 (trail) d=29m dLast=29m at=(410.8,1153.8) yaw=-110.55 err=0.00 gain=364.8 shuffles=0
  [trace] elPasoTwoStory.front.door.0 approach wp144/205 (trail) d=17m dLast=18m at=(415.5,1166.4) yaw=-110.73 err=-0.00 gain=389.4 shuffles=1
  [trace] elPasoTwoStory.front.door.0 approach wp144/205 (trail) d=15m dLast=16m at=(416.8,1167.7) yaw=-110.73 err=-0.00 gain=389.4 shuffles=1
  [trace] elPasoTwoStory.front.door.0 approach wp144/205 (trail) d=8m dLast=9m at=(421.8,1172.8) yaw=-110.73 err=-0.00 gain=389.4 shuffles=1
  [trace] elPasoTwoStory.front.door.0 approach wp145/205 (trail) d=24m dLast=24m at=(422.6,1181.4) yaw=-110.74 err=-0.00 gain=391.3 shuffles=1
  [trace] elPasoTwoStory.front.door.0 approach wp145/205 (trail) d=21m dLast=21m at=(424.8,1183.6) yaw=-110.74 err=-0.00 gain=391.3 shuffles=1
  [trace] elPasoTwoStory.front.door.0 approach wp146/205 (trail) d=21m dLast=22m at=(436.4,1203.2) yaw=-110.74 err=-0.00 gain=388.4 shuffles=1
  [trace] elPasoTwoStory.front.door.0 approach wp146/205 (trail) d=7m dLast=8m at=(446.1,1213.0) yaw=-110.74 err=0.00 gain=388.4 shuffles=1
  [trace] elPasoTwoStory.front.door.0 approach wp147/205 (trail) d=30m dLast=30m at=(441.8,1216.2) yaw=-110.58 err=-1.21 gain=379.9 shuffles=1
  [trace] elPasoTwoStory.front.door.0 approach wp147/205 (trail) d=23m dLast=23m at=(447.3,1221.8) yaw=-110.74 err=0.00 gain=390.1 shuffles=1
  [trace] elPasoTwoStory.front.door.0 approach wp147/205 (trail) d=14m dLast=15m at=(453.2,1227.8) yaw=-110.74 err=0.00 gain=390.1 shuffles=1
  [trace] elPasoTwoStory.front.door.0 approach wp148/205 (trail) d=25m dLast=25m at=(457.8,1240.1) yaw=-110.73 err=-0.00 gain=388.1 shuffles=1
  [trace] elPasoTwoStory.front.door.0 approach wp148/205 (trail) d=22m dLast=23m at=(459.7,1242.1) yaw=-110.73 err=-0.00 gain=388.1 shuffles=1
  [trace] elPasoTwoStory.front.door.0 approach wp148/205 (trail) d=18m dLast=18m at=(462.8,1245.2) yaw=-110.73 err=-0.00 gain=388.1 shuffles=1
  [trace] elPasoTwoStory.front.door.0 approach wp149/205 (trail) d=29m dLast=Infinitym at=(470.2,1252.7) yaw=-110.60 err=0.19 gain=336.5 shuffles=0
  [trace] elPasoTwoStory.front.door.0 approach wp149/205 (trail) d=26m dLast=27m at=(468.6,1258.7) yaw=-110.73 err=0.00 gain=387.3 shuffles=1
  [trace] elPasoTwoStory.front.door.0 approach wp149/205 (trail) d=19m dLast=20m at=(473.4,1263.6) yaw=-110.73 err=0.00 gain=387.3 shuffles=1
  [trace] elPasoTwoStory.front.door.0 approach wp149/205 (trail) d=13m dLast=14m at=(477.6,1267.9) yaw=-110.73 err=0.00 gain=387.3 shuffles=1
  [trace] elPasoTwoStory.front.door.0 approach wp150/205 (trail) d=30m dLast=30m at=(481.7,1272.1) yaw=-110.56 err=0.05 gain=363.8 shuffles=0
  [trace] elPasoTwoStory.front.door.0 approach wp150/205 (trail) d=30m dLast=30m at=(481.7,1272.1) yaw=-110.55 err=0.00 gain=363.8 shuffles=0
  [trace] elPasoTwoStory.front.door.0 approach wp150/205 (trail) d=30m dLast=30m at=(481.7,1272.1) yaw=-110.55 err=0.00 gain=363.8 shuffles=0
  [trace] elPasoTwoStory.front.door.0 approach wp150/205 (trail) d=12m dLast=12m at=(490.5,1288.8) yaw=-110.73 err=0.00 gain=390.5 shuffles=1
  [trace] elPasoTwoStory.front.door.0 approach wp151/205 (trail) d=30m dLast=30m at=(493.7,1292.0) yaw=-110.55 err=0.00 gain=366.4 shuffles=0
  [trace] elPasoTwoStory.front.door.0 approach wp151/205 (trail) d=30m dLast=30m at=(493.7,1292.0) yaw=-110.55 err=0.00 gain=366.4 shuffles=0
  [trace] elPasoTwoStory.front.door.0 approach wp151/205 (trail) d=30m dLast=30m at=(489.8,1295.6) yaw=-110.72 err=-0.15 gain=391.5 shuffles=1
  [trace] elPasoTwoStory.front.door.0 approach wp151/205 (trail) d=24m dLast=25m at=(493.6,1299.5) yaw=-110.73 err=0.00 gain=391.5 shuffles=1
  [trace] elPasoTwoStory.front.door.0 approach wp151/205 (trail) d=12m dLast=13m at=(502.1,1308.2) yaw=-110.73 err=0.00 gain=391.5 shuffles=1
  [trace] elPasoTwoStory.front.door.0 approach wp152/205 (trail) d=29m dLast=29m at=(505.8,1311.9) yaw=-110.55 err=0.00 gain=361.8 shuffles=0
  [trace] elPasoTwoStory.front.door.0 approach wp152/205 (trail) d=27m dLast=28m at=(503.7,1317.7) yaw=-110.73 err=-0.00 gain=388.9 shuffles=1
  [trace] elPasoTwoStory.front.door.0 approach wp152/205 (trail) d=13m dLast=14m at=(513.2,1327.2) yaw=-110.73 err=-0.00 gain=388.9 shuffles=1
  [trace] elPasoTwoStory.front.door.0 approach wp152/205 (trail) d=13m dLast=13m at=(513.6,1327.7) yaw=-110.73 err=-0.00 gain=388.9 shuffles=1
  [trace] elPasoTwoStory.front.door.0 approach wp153/205 (trail) d=29m dLast=29m at=(517.7,1331.8) yaw=-110.55 err=0.00 gain=366.4 shuffles=0
  [trace] elPasoTwoStory.front.door.0 approach wp153/205 (trail) d=25m dLast=25m at=(517.1,1338.9) yaw=-110.73 err=0.00 gain=391.9 shuffles=1
  [trace] elPasoTwoStory.front.door.0 approach wp153/205 (trail) d=21m dLast=22m at=(519.9,1341.8) yaw=-110.73 err=0.00 gain=391.9 shuffles=1
  [trace] elPasoTwoStory.front.door.0 approach wp153/205 (trail) d=14m dLast=15m at=(524.5,1346.5) yaw=-110.73 err=0.00 gain=391.9 shuffles=1
  [trace] elPasoTwoStory.front.door.0 approach wp153/205 (trail) d=8m dLast=9m at=(528.8,1350.8) yaw=-110.73 err=0.00 gain=391.9 shuffles=1
  [trace] elPasoTwoStory.front.door.0 approach wp154/205 (trail) d=30m dLast=30m at=(529.3,1351.3) yaw=-110.56 err=0.05 gain=367.5 shuffles=0
  [trace] elPasoTwoStory.front.door.0 approach wp154/205 (trail) d=30m dLast=30m at=(529.3,1351.3) yaw=-110.55 err=0.00 gain=367.5 shuffles=0
  [trace] elPasoTwoStory.front.door.0 approach wp154/205 (trail) d=30m dLast=30m at=(529.3,1351.3) yaw=-110.55 err=0.00 gain=367.5 shuffles=0
  [trace] elPasoTwoStory.front.door.0 approach wp154/205 (trail) d=21m dLast=22m at=(531.4,1361.2) yaw=-110.73 err=-0.00 gain=391.7 shuffles=1
  [trace] elPasoTwoStory.front.door.0 approach wp154/205 (trail) d=12m dLast=13m at=(537.9,1367.8) yaw=-110.73 err=-0.00 gain=391.7 shuffles=1
  [trace] elPasoTwoStory.front.door.0 approach wp154/205 (trail) d=8m dLast=9m at=(540.6,1370.5) yaw=-110.74 err=0.00 gain=391.7 shuffles=1
  [trace] elPasoTwoStory.front.door.0 approach wp155/205 (trail) d=30m dLast=30m at=(541.8,1371.7) yaw=-110.57 err=0.00 gain=335.3 shuffles=0
  [trace] elPasoTwoStory.front.door.0 approach wp155/205 (trail) d=29m dLast=30m at=(538.5,1376.1) yaw=-110.75 err=-0.03 gain=375.5 shuffles=1
  [trace] elPasoTwoStory.front.door.0 approach wp155/205 (trail) d=17m dLast=17m at=(547.3,1384.8) yaw=-110.75 err=0.00 gain=375.5 shuffles=1
  [trace] elPasoTwoStory.front.door.0 approach wp156/205 (trail) d=30m dLast=30m at=(554.3,1391.6) yaw=-110.57 err=0.00 gain=366.5 shuffles=0
  [trace] elPasoTwoStory.front.door.0 approach wp156/205 (trail) d=17m dLast=17m at=(560.2,1405.0) yaw=-110.75 err=0.00 gain=392.0 shuffles=1
  [trace] elPasoTwoStory.front.door.0 approach wp156/205 (trail) d=10m dLast=10m at=(565.2,1409.9) yaw=-110.75 err=0.00 gain=392.0 shuffles=1
  [trace] elPasoTwoStory.front.door.0 approach wp157/205 (trail) d=30m dLast=30m at=(567.0,1411.7) yaw=-110.58 err=0.05 gain=362.1 shuffles=0
  [trace] elPasoTwoStory.front.door.0 approach wp157/205 (trail) d=30m dLast=30m at=(567.0,1411.7) yaw=-110.57 err=0.00 gain=362.1 shuffles=0
  [trace] elPasoTwoStory.front.door.0 approach wp157/205 (trail) d=30m dLast=30m at=(567.0,1411.7) yaw=-110.57 err=0.00 gain=362.1 shuffles=0
  [trace] elPasoTwoStory.front.door.0 approach wp157/205 (trail) d=27m dLast=28m at=(565.6,1418.0) yaw=-110.75 err=-0.00 gain=389.4 shuffles=1
  [trace] elPasoTwoStory.front.door.0 approach wp157/205 (trail) d=24m dLast=25m at=(567.4,1419.7) yaw=-110.75 err=-0.00 gain=389.4 shuffles=1
  [trace] elPasoTwoStory.front.door.0 approach wp157/205 (trail) d=10m dLast=11m at=(577.5,1429.7) yaw=-110.75 err=-0.00 gain=389.4 shuffles=1
  [trace] elPasoTwoStory.front.door.0 approach wp157/205 (trail) d=8m dLast=9m at=(579.0,1431.1) yaw=-110.75 err=-0.00 gain=389.4 shuffles=1
  [trace] elPasoTwoStory.front.door.0 approach wp158/205 (trail) d=31m dLast=31m at=(579.7,1431.7) yaw=-110.58 err=0.00 gain=361.7 shuffles=0
  [trace] elPasoTwoStory.front.door.0 approach wp158/205 (trail) d=31m dLast=31m at=(579.7,1431.7) yaw=-110.58 err=0.00 gain=361.7 shuffles=0
  [trace] elPasoTwoStory.front.door.0 approach wp158/205 (trail) d=21m dLast=21m at=(582.8,1442.9) yaw=-110.77 err=-0.00 gain=388.4 shuffles=1
  [trace] elPasoTwoStory.front.door.0 approach wp158/205 (trail) d=20m dLast=21m at=(583.2,1443.3) yaw=-110.77 err=-0.00 gain=388.4 shuffles=1
  [trace] elPasoTwoStory.front.door.0 approach wp158/205 (trail) d=15m dLast=15m at=(587.0,1446.9) yaw=-110.77 err=-0.00 gain=388.4 shuffles=1
  [trace] elPasoTwoStory.front.door.0 approach wp158/205 (trail) d=14m dLast=15m at=(587.5,1447.3) yaw=-110.77 err=-0.00 gain=388.4 shuffles=1
  [trace] elPasoTwoStory.front.door.0 approach wp159/205 (trail) d=30m dLast=30m at=(592.5,1452.0) yaw=-110.58 err=0.01 gain=364.2 shuffles=0
  [trace] elPasoTwoStory.front.door.0 approach wp159/205 (trail) d=28m dLast=28m at=(590.7,1457.9) yaw=-110.76 err=-0.00 gain=388.8 shuffles=1
  [trace] elPasoTwoStory.front.door.0 approach wp159/205 (trail) d=24m dLast=24m at=(593.5,1460.6) yaw=-110.76 err=-0.00 gain=388.8 shuffles=1
  [trace] elPasoTwoStory.front.door.0 approach wp159/205 (trail) d=22m dLast=23m at=(594.9,1461.9) yaw=-110.76 err=-0.00 gain=388.8 shuffles=1
  [trace] elPasoTwoStory.front.door.0 approach wp159/205 (trail) d=20m dLast=21m at=(596.2,1463.2) yaw=-110.76 err=-0.00 gain=388.8 shuffles=1
  [trace] elPasoTwoStory.front.door.0 approach wp160/205 (trail) d=30m dLast=30m at=(605.5,1472.2) yaw=-110.58 err=0.00 gain=362.2 shuffles=0
  [trace] elPasoTwoStory.front.door.0 approach wp160/205 (trail) d=24m dLast=25m at=(606.2,1480.4) yaw=-110.75 err=0.00 gain=388.6 shuffles=1
  [trace] elPasoTwoStory.front.door.0 approach wp160/205 (trail) d=22m dLast=22m at=(608.0,1482.1) yaw=-110.75 err=0.00 gain=388.6 shuffles=1
  [trace] elPasoTwoStory.front.door.0 approach wp161/205 (trail) d=30m dLast=30m at=(618.5,1492.4) yaw=-110.57 err=0.00 gain=363.9 shuffles=0
  [trace] elPasoTwoStory.front.door.0 approach wp161/205 (trail) d=21m dLast=22m at=(621.3,1502.6) yaw=-110.75 err=0.00 gain=390.1 shuffles=1
  [trace] elPasoTwoStory.front.door.0 approach wp162/205 (trail) d=28m dLast=28m at=(629.3,1518.3) yaw=-110.75 err=-0.00 gain=376.3 shuffles=1
  [trace] elPasoTwoStory.front.door.0 approach wp162/205 (trail) d=20m dLast=20m at=(635.4,1524.2) yaw=-110.75 err=0.00 gain=376.3 shuffles=1
  [trace] elPasoTwoStory.front.door.0 approach wp162/205 (trail) d=7m dLast=8m at=(644.1,1532.7) yaw=-110.75 err=0.00 gain=376.3 shuffles=1
  [trace] elPasoTwoStory.front.door.0 approach wp163/205 (trail) d=30m dLast=30m at=(644.2,1532.8) yaw=-110.57 err=0.00 gain=364.1 shuffles=0
  [trace] elPasoTwoStory.front.door.0 approach wp163/205 (trail) d=26m dLast=26m at=(643.7,1539.9) yaw=-110.75 err=-0.00 gain=390.9 shuffles=1
  [trace] elPasoTwoStory.front.door.0 approach wp163/205 (trail) d=25m dLast=26m at=(644.1,1540.3) yaw=-110.75 err=-0.00 gain=390.9 shuffles=1
  [trace] elPasoTwoStory.front.door.0 approach wp164/205 (trail) d=30m dLast=30m at=(657.0,1552.9) yaw=-110.57 err=0.00 gain=362.3 shuffles=0
  [trace] elPasoTwoStory.front.door.0 approach wp164/205 (trail) d=26m dLast=27m at=(656.1,1559.5) yaw=-110.75 err=-0.00 gain=389.4 shuffles=1
  [trace] elPasoTwoStory.front.door.0 approach wp164/205 (trail) d=19m dLast=19m at=(661.4,1564.7) yaw=-110.75 err=-0.00 gain=389.4 shuffles=1
  [trace] elPasoTwoStory.front.door.0 approach wp165/205 (trail) d=31m dLast=Infinitym at=(669.5,1572.7) yaw=-110.63 err=0.18 gain=337.2 shuffles=0
  [trace] elPasoTwoStory.front.door.0 approach wp165/205 (trail) d=18m dLast=19m at=(674.9,1585.5) yaw=-110.75 err=-0.00 gain=389.5 shuffles=1
  [trace] elPasoTwoStory.front.door.0 approach wp165/205 (trail) d=8m dLast=9m at=(681.9,1592.4) yaw=-110.76 err=-0.00 gain=389.5 shuffles=1
  [trace] elPasoTwoStory.front.door.0 approach wp166/205 (trail) d=19m dLast=20m at=(686.9,1604.8) yaw=-110.75 err=0.00 gain=389.2 shuffles=1
  [trace] elPasoTwoStory.front.door.0 approach wp166/205 (trail) d=18m dLast=19m at=(687.8,1605.7) yaw=-110.75 err=0.00 gain=389.2 shuffles=1
  [trace] elPasoTwoStory.front.door.0 approach wp166/205 (trail) d=12m dLast=13m at=(692.1,1609.9) yaw=-110.75 err=0.00 gain=389.2 shuffles=1
  [trace] elPasoTwoStory.front.door.0 approach wp166/205 (trail) d=11m dLast=12m at=(692.5,1610.3) yaw=-110.75 err=0.00 gain=389.2 shuffles=1
  [trace] elPasoTwoStory.front.door.0 approach wp166/205 (trail) d=10m dLast=11m at=(693.4,1611.2) yaw=-110.75 err=0.00 gain=389.2 shuffles=1
  [trace] elPasoTwoStory.front.door.0 approach wp167/205 (trail) d=21m dLast=22m at=(698.5,1623.8) yaw=-110.75 err=0.00 gain=376.1 shuffles=1
  [trace] elPasoTwoStory.front.door.0 approach wp167/205 (trail) d=8m dLast=9m at=(707.4,1632.5) yaw=-110.75 err=0.00 gain=376.1 shuffles=1
  [trace] elPasoTwoStory.front.door.0 approach wp168/205 (trail) d=30m dLast=30m at=(708.4,1633.5) yaw=-110.57 err=0.00 gain=363.1 shuffles=0
  [trace] elPasoTwoStory.front.door.0 approach wp168/205 (trail) d=17m dLast=18m at=(714.1,1646.6) yaw=-110.75 err=-0.00 gain=390.1 shuffles=1
  [trace] elPasoTwoStory.front.door.0 approach wp169/205 (trail) d=25m dLast=26m at=(721.4,1661.2) yaw=-110.75 err=0.00 gain=390.3 shuffles=1
  [trace] elPasoTwoStory.front.door.0 approach wp169/205 (trail) d=16m dLast=17m at=(727.7,1667.5) yaw=-110.75 err=0.00 gain=390.3 shuffles=1
  [trace] elPasoTwoStory.front.door.0 approach wp169/205 (trail) d=8m dLast=9m at=(733.1,1672.8) yaw=-110.75 err=0.00 gain=390.3 shuffles=1
  [trace] elPasoTwoStory.front.door.0 approach wp170/205 (trail) d=30m dLast=30m at=(734.0,1673.7) yaw=-110.57 err=0.00 gain=335.1 shuffles=0
  [trace] elPasoTwoStory.front.door.0 approach wp170/205 (trail) d=14m dLast=16m at=(743.8,1690.9) yaw=-110.76 err=0.00 gain=375.9 shuffles=1
  [trace] elPasoTwoStory.front.door.0 approach wp171/205 (trail) d=24m dLast=24m at=(744.7,1706.3) yaw=-110.55 err=-1.33 gain=379.0 shuffles=1
  [trace] elPasoTwoStory.front.door.0 approach wp172/205 (trail) d=28m dLast=28m at=(761.2,1716.3) yaw=-110.59 err=0.09 gain=364.1 shuffles=0
  [trace] elPasoTwoStory.front.door.0 approach wp172/205 (trail) d=27m dLast=28m at=(758.8,1723.1) yaw=-110.82 err=-0.02 gain=390.0 shuffles=1
  [trace] elPasoTwoStory.front.door.0 approach wp174/205 (trail) d=25m dLast=26m at=(785.4,1762.0) yaw=-110.75 err=-0.00 gain=389.8 shuffles=1
  [trace] elPasoTwoStory.front.door.0 approach wp175/205 (trail) d=27m dLast=27m at=(800.3,1776.5) yaw=-110.56 err=0.00 gain=361.6 shuffles=0
  [trace] elPasoTwoStory.front.door.0 approach wp175/205 (trail) d=10m dLast=10m at=(809.4,1793.0) yaw=-110.75 err=0.00 gain=388.7 shuffles=1
  [trace] elPasoTwoStory.front.door.0 approach wp176/205 (trail) d=31m dLast=31m at=(810.9,1794.4) yaw=-110.58 err=0.00 gain=335.3 shuffles=0
  [trace] elPasoTwoStory.front.door.0 approach wp176/205 (trail) d=25m dLast=25m at=(811.4,1802.6) yaw=-110.76 err=0.00 gain=376.5 shuffles=1
  [trace] elPasoTwoStory.front.door.0 approach wp176/205 (trail) d=23m dLast=24m at=(812.3,1803.5) yaw=-110.76 err=0.00 gain=376.5 shuffles=1
  [trace] elPasoTwoStory.front.door.0 approach wp176/205 (trail) d=19m dLast=20m at=(815.3,1806.4) yaw=-110.75 err=0.00 gain=376.5 shuffles=1
  [trace] elPasoTwoStory.front.door.0 approach wp177/205 (trail) d=30m dLast=30m at=(824.0,1814.8) yaw=-110.57 err=0.00 gain=361.8 shuffles=0
  [trace] elPasoTwoStory.front.door.0 approach wp177/205 (trail) d=22m dLast=23m at=(826.2,1824.7) yaw=-110.75 err=-0.00 gain=388.7 shuffles=1
  [trace] elPasoTwoStory.front.door.0 approach wp177/205 (trail) d=10m dLast=11m at=(834.7,1832.9) yaw=-110.75 err=-0.00 gain=388.7 shuffles=1
  [trace] elPasoTwoStory.front.door.0 approach wp178/205 (trail) d=31m dLast=31m at=(836.5,1834.7) yaw=-110.58 err=0.01 gain=361.0 shuffles=0
  [trace] elPasoTwoStory.front.door.0 approach wp178/205 (trail) d=12m dLast=13m at=(846.1,1851.7) yaw=-110.76 err=0.00 gain=387.8 shuffles=1
  [trace] elPasoTwoStory.front.door.0 approach wp178/205 (trail) d=11m dLast=11m at=(847.0,1852.6) yaw=-110.76 err=0.00 gain=387.8 shuffles=1
  [trace] elPasoTwoStory.front.door.0 approach wp179/205 (trail) d=31m dLast=31m at=(849.4,1854.9) yaw=-110.58 err=0.00 gain=367.2 shuffles=0
  [trace] elPasoTwoStory.front.door.0 approach wp179/205 (trail) d=31m dLast=31m at=(849.4,1854.9) yaw=-110.58 err=0.00 gain=367.2 shuffles=0
  [trace] elPasoTwoStory.front.door.0 approach wp179/205 (trail) d=31m dLast=31m at=(848.4,1862.6) yaw=-110.75 err=-0.16 gain=391.4 shuffles=1
  [trace] elPasoTwoStory.front.door.0 approach wp179/205 (trail) d=12m dLast=12m at=(858.6,1872.6) yaw=-110.83 err=0.00 gain=402.0 shuffles=2
  [trace] elPasoTwoStory.front.door.0 approach wp179/205 (trail) d=9m dLast=10m at=(860.6,1874.3) yaw=-110.82 err=0.00 gain=402.0 shuffles=2
  [trace] elPasoTwoStory.front.door.0 approach wp180/205 (trail) d=30m dLast=30m at=(862.1,1875.6) yaw=-110.60 err=0.07 gain=361.9 shuffles=0
  [trace] elPasoTwoStory.front.door.0 approach wp180/205 (trail) d=30m dLast=30m at=(862.1,1875.6) yaw=-110.59 err=0.01 gain=361.9 shuffles=0
  [trace] elPasoTwoStory.front.door.0 approach wp180/205 (trail) d=30m dLast=30m at=(862.1,1875.6) yaw=-110.59 err=0.00 gain=361.9 shuffles=0
  [trace] elPasoTwoStory.front.door.0 approach wp180/205 (trail) d=30m dLast=30m at=(862.1,1875.6) yaw=-110.59 err=0.00 gain=361.9 shuffles=0
  [trace] elPasoTwoStory.front.door.0 approach wp180/205 (trail) d=27m dLast=28m at=(860.6,1881.6) yaw=-110.77 err=0.00 gain=389.5 shuffles=1
  [trace] elPasoTwoStory.front.door.0 approach wp180/205 (trail) d=25m dLast=26m at=(862.3,1883.2) yaw=-110.77 err=0.00 gain=389.5 shuffles=1
  [trace] elPasoTwoStory.front.door.0 approach wp180/205 (trail) d=24m dLast=25m at=(862.7,1883.6) yaw=-110.77 err=0.00 gain=389.5 shuffles=1
  [trace] elPasoTwoStory.front.door.0 approach wp180/205 (trail) d=8m dLast=9m at=(874.3,1894.6) yaw=-110.77 err=0.00 gain=389.5 shuffles=1
  [trace] elPasoTwoStory.front.door.0 approach wp181/205 (trail) d=30m dLast=30m at=(874.9,1895.2) yaw=-110.92 err=-0.04 gain=333.6 shuffles=0
  [trace] elPasoTwoStory.front.door.0 approach wp181/205 (trail) d=30m dLast=30m at=(874.9,1895.2) yaw=-110.92 err=0.00 gain=333.6 shuffles=0
  [trace] elPasoTwoStory.front.door.0 approach wp181/205 (trail) d=25m dLast=26m at=(877.5,1902.5) yaw=-111.11 err=0.00 gain=375.6 shuffles=1
  [trace] elPasoTwoStory.front.door.0 approach wp181/205 (trail) d=21m dLast=22m at=(880.9,1904.0) yaw=-111.11 err=0.00 gain=375.6 shuffles=1
  [trace] elPasoTwoStory.front.door.0 approach wp181/205 (trail) d=20m dLast=21m at=(881.9,1904.5) yaw=-111.11 err=0.00 gain=375.6 shuffles=1
  [trace] elPasoTwoStory.front.door.0 approach wp181/205 (trail) d=11m dLast=12m at=(890.9,1908.4) yaw=-111.11 err=0.00 gain=375.6 shuffles=1
  [trace] elPasoTwoStory.front.door.0 approach wp182/205 (trail) d=30m dLast=30m at=(894.0,1909.8) yaw=-111.00 err=0.00 gain=338.4 shuffles=0
  [trace] elPasoTwoStory.front.door.0 approach wp182/205 (trail) d=30m dLast=30m at=(894.0,1909.8) yaw=-111.00 err=0.00 gain=338.4 shuffles=0
  [trace] elPasoTwoStory.front.door.0 approach wp182/205 (trail) d=30m dLast=30m at=(892.1,1914.8) yaw=-111.15 err=-0.23 gain=377.2 shuffles=1
  [trace] elPasoTwoStory.front.door.0 approach wp182/205 (trail) d=24m dLast=25m at=(897.9,1917.0) yaw=-111.18 err=-0.00 gain=377.2 shuffles=1
  [trace] elPasoTwoStory.front.door.0 approach wp182/205 (trail) d=23m dLast=23m at=(899.4,1917.5) yaw=-111.18 err=0.00 gain=377.2 shuffles=1
  [trace] elPasoTwoStory.front.door.0 approach wp183/205 (trail) d=30m dLast=30m at=(914.1,1922.8) yaw=-111.01 err=0.01 gain=336.8 shuffles=0
  [trace] elPasoTwoStory.front.door.0 approach wp183/205 (trail) d=30m dLast=30m at=(914.1,1922.8) yaw=-111.01 err=0.00 gain=336.8 shuffles=0
  [trace] elPasoTwoStory.front.door.0 approach wp183/205 (trail) d=30m dLast=30m at=(914.1,1922.8) yaw=-111.01 err=0.00 gain=336.8 shuffles=0
  [trace] elPasoTwoStory.front.door.0 approach wp183/205 (trail) d=16m dLast=16m at=(925.7,1932.6) yaw=-111.19 err=0.00 gain=376.1 shuffles=1
  [trace] elPasoTwoStory.front.door.0 approach wp184/205 (trail) d=30m dLast=30m at=(933.6,1935.3) yaw=-111.02 err=0.01 gain=363.0 shuffles=0
  [trace] elPasoTwoStory.front.door.0 approach wp184/205 (trail) d=28m dLast=28m at=(934.2,1941.1) yaw=-111.19 err=-0.00 gain=389.7 shuffles=1
  [trace] elPasoTwoStory.front.door.0 approach wp184/205 (trail) d=18m dLast=19m at=(943.7,1944.4) yaw=-111.19 err=-0.00 gain=389.7 shuffles=1
  [trace] elPasoTwoStory.front.door.0 approach wp184/205 (trail) d=12m dLast=13m at=(948.9,1946.2) yaw=-111.19 err=-0.00 gain=389.7 shuffles=1
  [trace] elPasoTwoStory.front.door.0 approach wp184/205 (trail) d=11m dLast=12m at=(949.6,1946.5) yaw=-111.19 err=-0.00 gain=389.7 shuffles=1
  [trace] elPasoTwoStory.front.door.0 approach wp184/205 (trail) d=11m dLast=11m at=(950.8,1946.9) yaw=-111.20 err=-0.00 gain=389.7 shuffles=1
  [trace] elPasoTwoStory.front.door.0 approach wp185/205 (trail) d=30m dLast=30m at=(953.6,1947.8) yaw=-111.03 err=0.05 gain=360.8 shuffles=0
  [trace] elPasoTwoStory.front.door.0 approach wp185/205 (trail) d=30m dLast=30m at=(953.6,1947.8) yaw=-111.02 err=0.00 gain=360.8 shuffles=0
  [trace] elPasoTwoStory.front.door.0 approach wp185/205 (trail) d=30m dLast=30m at=(953.0,1953.4) yaw=-111.20 err=-0.01 gain=387.9 shuffles=1
  [trace] elPasoTwoStory.front.door.0 approach wp185/205 (trail) d=9m dLast=10m at=(972.1,1959.8) yaw=-111.20 err=-0.00 gain=387.9 shuffles=1
  [trace] elPasoTwoStory.front.door.0 approach wp186/205 (trail) d=21m dLast=22m at=(980.4,1968.3) yaw=-111.20 err=-0.00 gain=388.8 shuffles=1
  [trace] elPasoTwoStory.front.door.0 approach wp186/205 (trail) d=17m dLast=18m at=(984.0,1969.5) yaw=-111.20 err=-0.00 gain=388.8 shuffles=1
  [trace] elPasoTwoStory.front.door.0 approach wp187/205 (trail) d=30m dLast=Infinitym at=(993.8,1972.9) yaw=-111.07 err=0.18 gain=336.1 shuffles=0
  [trace] elPasoTwoStory.front.door.0 approach wp187/205 (trail) d=27m dLast=27m at=(995.3,1978.9) yaw=-111.19 err=-0.00 gain=390.7 shuffles=1
  [trace] elPasoTwoStory.front.door.0 approach wp187/205 (trail) d=20m dLast=21m at=(1001.3,1981.0) yaw=-111.19 err=-0.00 gain=390.7 shuffles=1
  [trace] elPasoTwoStory.front.door.0 approach wp187/205 (trail) d=19m dLast=20m at=(1002.6,1981.5) yaw=-111.19 err=-0.00 gain=390.7 shuffles=1
  [trace] elPasoTwoStory.front.door.0 approach wp187/205 (trail) d=13m dLast=13m at=(1008.7,1983.6) yaw=-111.19 err=-0.00 gain=390.7 shuffles=1
  [trace] elPasoTwoStory.front.door.0 approach wp187/205 (trail) d=12m dLast=13m at=(1009.4,1983.8) yaw=-111.19 err=-0.00 gain=390.7 shuffles=1
  [trace] elPasoTwoStory.front.door.0 approach wp188/205 (trail) d=30m dLast=30m at=(1014.1,1985.5) yaw=-111.02 err=0.00 gain=364.4 shuffles=0
  [trace] elPasoTwoStory.front.door.0 approach wp188/205 (trail) d=30m dLast=30m at=(1014.1,1985.5) yaw=-111.02 err=0.00 gain=364.4 shuffles=0
  [trace] elPasoTwoStory.front.door.0 approach wp188/205 (trail) d=30m dLast=30m at=(1012.4,1990.8) yaw=-111.19 err=-0.16 gain=389.9 shuffles=1
  [trace] elPasoTwoStory.front.door.0 approach wp188/205 (trail) d=16m dLast=17m at=(1024.9,1994.9) yaw=-111.20 err=0.00 gain=389.9 shuffles=1
  [trace] elPasoTwoStory.front.door.0 approach wp188/205 (trail) d=8m dLast=9m at=(1033.1,1997.7) yaw=-111.20 err=0.00 gain=389.9 shuffles=1
  [trace] elPasoTwoStory.front.door.0 approach wp189/205 (trail) d=24m dLast=24m at=(1038.3,2005.2) yaw=-111.20 err=0.00 gain=391.1 shuffles=1
  [trace] elPasoTwoStory.front.door.0 approach wp190/205 (trail) d=30m dLast=30m at=(1053.6,2010.3) yaw=-111.02 err=0.00 gain=366.6 shuffles=0
  [trace] elPasoTwoStory.front.door.0 approach wp190/205 (trail) d=22m dLast=23m at=(1059.6,2018.1) yaw=-111.20 err=-0.00 gain=390.4 shuffles=1
  [trace] elPasoTwoStory.front.door.0 approach wp190/205 (trail) d=18m dLast=19m at=(1063.2,2019.3) yaw=-111.20 err=-0.00 gain=390.4 shuffles=1
  [trace] elPasoTwoStory.front.door.0 approach wp191/205 (trail) d=27m dLast=28m at=(1074.9,2029.1) yaw=-111.20 err=0.00 gain=390.9 shuffles=1
  [trace] elPasoTwoStory.front.door.0 approach wp191/205 (trail) d=26m dLast=27m at=(1075.7,2029.3) yaw=-111.20 err=0.00 gain=390.9 shuffles=1
  [trace] elPasoTwoStory.front.door.0 approach wp191/205 (trail) d=22m dLast=23m at=(1079.9,2030.7) yaw=-111.20 err=0.00 gain=390.9 shuffles=1
  [trace] elPasoTwoStory.front.door.0 approach wp191/205 (trail) d=12m dLast=13m at=(1089.3,2033.9) yaw=-111.20 err=0.00 gain=390.9 shuffles=1
  [trace] elPasoTwoStory.front.door.0 approach wp192/205 (trail) d=30m dLast=30m at=(1094.1,2035.5) yaw=-111.03 err=0.05 gain=367.4 shuffles=0
  [trace] elPasoTwoStory.front.door.0 approach wp192/205 (trail) d=30m dLast=30m at=(1094.1,2035.5) yaw=-111.02 err=0.00 gain=367.4 shuffles=0
  [trace] elPasoTwoStory.front.door.0 approach wp192/205 (trail) d=30m dLast=30m at=(1094.1,2035.5) yaw=-111.02 err=0.00 gain=367.4 shuffles=0
  [trace] elPasoTwoStory.front.door.0 approach wp192/205 (trail) d=25m dLast=25m at=(1097.3,2042.3) yaw=-111.20 err=-0.00 gain=390.7 shuffles=1
  [trace] elPasoTwoStory.front.door.0 approach wp192/205 (trail) d=22m dLast=23m at=(1099.6,2043.1) yaw=-111.20 err=-0.00 gain=390.7 shuffles=1
  [trace] elPasoTwoStory.front.door.0 approach wp192/205 (trail) d=16m dLast=16m at=(1105.8,2045.2) yaw=-111.20 err=-0.00 gain=390.7 shuffles=1
  [trace] elPasoTwoStory.front.door.0 approach wp193/205 (trail) d=30m dLast=30m at=(1113.6,2047.9) yaw=-111.02 err=0.00 gain=366.6 shuffles=0
  [trace] elPasoTwoStory.front.door.0 approach wp193/205 (trail) d=30m dLast=30m at=(1112.1,2053.0) yaw=-111.18 err=-0.15 gain=390.4 shuffles=1
  [trace] elPasoTwoStory.front.door.0 approach wp193/205 (trail) d=11m dLast=12m at=(1129.7,2059.0) yaw=-111.20 err=-0.00 gain=390.4 shuffles=1
  [trace] elPasoTwoStory.front.door.0 approach wp193/205 (trail) d=9m dLast=9m at=(1132.3,2059.9) yaw=-111.20 err=-0.00 gain=390.4 shuffles=1
  [trace] elPasoTwoStory.front.door.0 approach wp194/205 (trail) d=30m dLast=30m at=(1134.1,2060.5) yaw=-111.02 err=0.00 gain=367.5 shuffles=0
  [trace] elPasoTwoStory.front.door.0 approach wp194/205 (trail) d=28m dLast=29m at=(1133.9,2066.3) yaw=-111.20 err=0.00 gain=391.4 shuffles=1
  [trace] elPasoTwoStory.front.door.0 approach wp194/205 (trail) d=18m dLast=18m at=(1143.6,2069.8) yaw=-111.22 err=0.00 gain=391.4 shuffles=1
  [trace] elPasoTwoStory.front.door.0 approach wp194/205 (trail) d=8m dLast=9m at=(1152.5,2072.6) yaw=-111.22 err=0.00 gain=391.4 shuffles=1
  [trace] elPasoTwoStory.front.door.0 approach wp195/205 (trail) d=30m dLast=30m at=(1153.9,2073.1) yaw=-111.03 err=0.06 gain=364.6 shuffles=0
  [trace] elPasoTwoStory.front.door.0 approach wp195/205 (trail) d=30m dLast=30m at=(1153.9,2073.1) yaw=-111.02 err=0.00 gain=364.6 shuffles=0
  [trace] elPasoTwoStory.front.door.0 approach wp195/205 (trail) d=30m dLast=30m at=(1153.9,2073.1) yaw=-111.02 err=0.00 gain=364.6 shuffles=0
  [trace] elPasoTwoStory.front.door.0 approach wp195/205 (trail) d=30m dLast=30m at=(1153.9,2073.1) yaw=-111.02 err=0.00 gain=364.6 shuffles=0
  [trace] elPasoTwoStory.front.door.0 approach wp195/205 (trail) d=29m dLast=30m at=(1153.2,2078.6) yaw=-111.21 err=-0.01 gain=390.2 shuffles=1
  [trace] elPasoTwoStory.front.door.0 approach wp195/205 (trail) d=23m dLast=24m at=(1158.4,2080.3) yaw=-111.21 err=0.00 gain=390.2 shuffles=1
  [trace] elPasoTwoStory.front.door.0 approach wp195/205 (trail) d=23m dLast=23m at=(1158.9,2080.5) yaw=-111.21 err=0.00 gain=390.2 shuffles=1
  [trace] elPasoTwoStory.front.door.0 approach wp195/205 (trail) d=21m dLast=21m at=(1160.8,2081.1) yaw=-111.21 err=0.00 gain=390.2 shuffles=1
  [trace] elPasoTwoStory.front.door.0 approach wp195/205 (trail) d=10m dLast=11m at=(1170.8,2084.4) yaw=-111.21 err=0.00 gain=390.2 shuffles=1
  [trace] elPasoTwoStory.front.door.0 approach wp196/205 (trail) d=30m dLast=30m at=(1173.5,2085.3) yaw=-111.03 err=0.05 gain=366.5 shuffles=0
  [trace] elPasoTwoStory.front.door.0 approach wp196/205 (trail) d=30m dLast=30m at=(1173.5,2085.3) yaw=-111.02 err=0.00 gain=366.5 shuffles=0
  [trace] elPasoTwoStory.front.door.0 approach wp196/205 (trail) d=27m dLast=28m at=(1174.6,2091.5) yaw=-111.20 err=-0.00 gain=390.0 shuffles=1
  [trace] elPasoTwoStory.front.door.0 approach wp197/205 (trail) d=30m dLast=30m at=(1193.9,2098.0) yaw=-111.03 err=0.05 gain=367.1 shuffles=0
  [trace] elPasoTwoStory.front.door.0 approach wp197/205 (trail) d=30m dLast=30m at=(1193.9,2098.0) yaw=-111.02 err=0.00 gain=367.1 shuffles=0
  [trace] elPasoTwoStory.front.door.0 approach wp197/205 (trail) d=30m dLast=30m at=(1193.9,2098.0) yaw=-111.02 err=0.00 gain=367.1 shuffles=0
  [trace] elPasoTwoStory.front.door.0 approach wp197/205 (trail) d=23m dLast=24m at=(1198.9,2105.1) yaw=-111.19 err=0.00 gain=390.6 shuffles=1
  [trace] elPasoTwoStory.front.door.0 approach wp197/205 (trail) d=22m dLast=23m at=(1199.4,2105.3) yaw=-111.19 err=0.00 gain=390.6 shuffles=1
  [trace] elPasoTwoStory.front.door.0 approach wp197/205 (trail) d=15m dLast=16m at=(1206.1,2107.6) yaw=-111.19 err=0.00 gain=390.6 shuffles=1
  [trace] elPasoTwoStory.front.door.0 approach wp198/205 (trail) d=29m dLast=29m at=(1214.3,2110.5) yaw=-111.02 err=0.01 gain=335.2 shuffles=0
  [trace] elPasoTwoStory.front.door.0 approach wp198/205 (trail) d=26m dLast=26m at=(1216.3,2117.0) yaw=-111.20 err=-0.00 gain=376.5 shuffles=1
  [trace] elPasoTwoStory.front.door.0 approach wp198/205 (trail) d=19m dLast=20m at=(1222.2,2119.0) yaw=-111.20 err=0.00 gain=376.5 shuffles=1
  [trace] elPasoTwoStory.front.door.0 approach wp198/205 (trail) d=16m dLast=17m at=(1225.4,2120.0) yaw=-111.20 err=0.00 gain=376.5 shuffles=1
  [trace] elPasoTwoStory.front.door.0 approach wp198/205 (trail) d=13m dLast=14m at=(1227.8,2120.8) yaw=-111.20 err=0.00 gain=376.5 shuffles=1
  [trace] elPasoTwoStory.front.door.0 approach wp199/205 (trail) d=30m dLast=30m at=(1233.5,2122.8) yaw=-111.02 err=0.00 gain=364.7 shuffles=0
  [trace] elPasoTwoStory.front.door.0 approach wp199/205 (trail) d=27m dLast=27m at=(1235.2,2129.1) yaw=-111.20 err=-0.00 gain=390.6 shuffles=1
  [trace] elPasoTwoStory.front.door.0 approach wp199/205 (trail) d=20m dLast=21m at=(1241.8,2131.3) yaw=-111.20 err=-0.00 gain=390.6 shuffles=1
  [trace] elPasoTwoStory.front.door.0 approach wp199/205 (trail) d=19m dLast=20m at=(1242.5,2131.5) yaw=-111.20 err=-0.00 gain=390.6 shuffles=1
  [trace] elPasoTwoStory.front.door.0 approach wp200/205 (trail) d=18m dLast=19m at=(1263.6,2144.5) yaw=-111.20 err=0.00 gain=391.2 shuffles=1
  [trace] elPasoTwoStory.front.door.0 approach wp200/205 (trail) d=12m dLast=13m at=(1269.7,2146.5) yaw=-111.20 err=0.00 gain=391.2 shuffles=1
  [trace] elPasoTwoStory.front.door.0 approach wp201/205 (trail) d=30m dLast=30m at=(1274.1,2148.0) yaw=-111.02 err=0.01 gain=366.6 shuffles=0
  [trace] elPasoTwoStory.front.door.0 approach wp201/205 (trail) d=30m dLast=30m at=(1274.1,2148.0) yaw=-111.02 err=0.00 gain=366.6 shuffles=0
  [trace] elPasoTwoStory.front.door.0 approach wp201/205 (trail) d=18m dLast=19m at=(1283.2,2156.8) yaw=-111.20 err=0.00 gain=391.9 shuffles=1
  [trace] elPasoTwoStory.front.door.0 approach wp201/205 (trail) d=10m dLast=10m at=(1291.2,2159.5) yaw=-111.20 err=0.00 gain=391.9 shuffles=1
  [trace] elPasoTwoStory.front.door.0 approach wp202/205 (trail) d=30m dLast=30m at=(1293.5,2160.3) yaw=-111.02 err=0.00 gain=364.3 shuffles=0
  [trace] elPasoTwoStory.front.door.0 approach wp202/205 (trail) d=28m dLast=29m at=(1293.7,2166.1) yaw=-111.20 err=-0.00 gain=390.5 shuffles=1
  [trace] elPasoTwoStory.front.door.0 approach wp202/205 (trail) d=10m dLast=11m at=(1310.7,2171.9) yaw=-111.20 err=-0.00 gain=390.5 shuffles=1
  [trace] elPasoTwoStory.front.door.0 approach wp202/205 (trail) d=9m dLast=9m at=(1312.5,2172.5) yaw=-111.20 err=-0.00 gain=390.5 shuffles=1
  [trace] elPasoTwoStory.front.door.0 approach wp203/205 (trail) d=30m dLast=30m at=(1314.0,2173.0) yaw=-111.02 err=0.00 gain=366.3 shuffles=0
  [trace] elPasoTwoStory.front.door.0 approach wp203/205 (trail) d=30m dLast=30m at=(1314.0,2173.0) yaw=-111.02 err=0.00 gain=366.3 shuffles=0
  [trace] elPasoTwoStory.front.door.0 approach wp203/205 (trail) d=26m dLast=27m at=(1315.7,2179.4) yaw=-111.20 err=0.00 gain=391.6 shuffles=1
  [trace] elPasoTwoStory.front.door.0 approach wp203/205 (trail) d=14m dLast=14m at=(1327.4,2183.3) yaw=-111.20 err=0.00 gain=391.6 shuffles=1
  [trace] elPasoTwoStory.front.door.0 approach wp204/205 (poi elPaso.trailhead) d=27m dLast=27m at=(1333.6,2185.4) yaw=-111.65 err=-0.00 gain=357.0 shuffles=0
  [trace] elPasoTwoStory.front.door.0 approach wp205/205 (approach elPaso.trailhead) d=7m dLast=7m at=(1353.5,2184.3) yaw=-111.86 err=0.00 gain=300.0 shuffles=0
  [trace] elPasoTwoStory.front.door.0 exterior after route d=8m dLast=9m at=(1355.7,2193.1) yaw=-109.76 err=0.00 gain=388.8 shuffles=0
PASS  walk through elPasoTwoStory.front.door.0

budget exhausted — 4 door(s) unverified: elPasoCasa.front.door.0, elPasoCasita.front.door.0, elPasoStore.front.door.0, elPasoShed.front.door.0
